match_id,utc_date,status,matchday,home_team_x,home_team_tla,home_team_short_name,away_team_x,away_team_tla,away_team_short_name,home_score,away_score,winner,referee,goals,match_key,home_team_y,away_team_y,match_time,post_date,title,url,upvotes,comments,submission_id
497410,2024-08-16 19:00:00,FINISHED,1,Manchester United,MUN,Man United,Fulham,FUL,Fulham,1.0,0.0,Manchester United FC,Robert Jones,1.0,Manchester United vs Fulham,Manchester United,Fulham,2024-08-16 19:00,2024-08-16 18:55,Match Thread: Manchester United vs Fulham | English Premier League,https://www.reddit.com/r/soccer/comments/1etwv7n/match_thread_manchester_united_vs_fulham_english/,175.0,3826.0,1etwv7n
497411,2024-08-17 11:30:00,FINISHED,1,Ipswich Town,IPS,Ipswich Town,Liverpool,LIV,Liverpool,0.0,2.0,Liverpool FC,Tim Robinson,2.0,Ipswich Town vs Liverpool,Ipswich Town,Liverpool,2024-08-17 11:30,2024-08-17 11:18,Match Thread: Ipswich Town vs Liverpool | English Premier League (Matchday 1),https://www.reddit.com/r/soccer/comments/1eufbfh/match_thread_ipswich_town_vs_liverpool_english/,103.0,2349.0,1eufbfh
497412,2024-08-17 14:00:00,FINISHED,1,Arsenal,ARS,Arsenal,Wolverhampton Wanderers,WOL,Wolverhampton,2.0,0.0,Arsenal FC,Jarred Gillett,2.0,Arsenal vs Wolverhampton Wanderers,Arsenal,Wolverhampton Wanderers,2024-08-17 14:00,2024-08-17 13:43,Match Thread: Arsenal vs Wolverhampton Wanderers | English Premier League,https://www.reddit.com/r/soccer/comments/1eui1ym/match_thread_arsenal_vs_wolverhampton_wanderers/,57.0,1375.0,1eui1ym
497413,2024-08-17 14:00:00,FINISHED,1,Everton,EVE,Everton,Brighton & Hove Albion,BHA,Brighton Hove,0.0,3.0,Brighton & Hove Albion FC,Simon Hooper,3.0,Everton vs Brighton & Hove Albion,Everton,Brighton & Hove Albion,2024-08-17 14:00,2024-08-17 13:43,Match Thread: Everton vs Brighton & Hove Albion | English Premier League,https://www.reddit.com/r/soccer/comments/1eui26i/match_thread_everton_vs_brighton_hove_albion/,21.0,196.0,1eui26i
497414,2024-08-17 14:00:00,FINISHED,1,Newcastle United,NEW,Newcastle,Southampton,SOU,Southampton,1.0,0.0,Newcastle United FC,Craig Pawson,1.0,Newcastle United vs Southampton,Newcastle United,Southampton,2024-08-17 14:00,2024-08-17 13:45,Match Thread: Newcastle United vs Southampton | English Premier League,https://www.reddit.com/r/soccer/comments/1eui3pz/match_thread_newcastle_united_vs_southampton/,29.0,267.0,1eui3pz
497415,2024-08-17 14:00:00,FINISHED,1,Nottingham Forest,NOT,Nottingham,A Bournemouth,BOU,Bournemouth,1.0,1.0,DRAW,Michael Oliver,2.0,Nottingham Forest vs A Bournemouth,Nottingham Forest,A Bournemouth,2024-08-17 14:00,2024-08-17 13:50,Match Thread: Nottingham Forest vs AFC Bournemouth | English Premier League,https://www.reddit.com/r/soccer/comments/1eui74j/match_thread_nottingham_forest_vs_afc_bournemouth/,14.0,44.0,1eui74j
497416,2024-08-17 16:30:00,FINISHED,1,West Ham United,WHU,West Ham,Aston Villa,AVL,Aston Villa,1.0,2.0,Aston Villa FC,Tony Harrington,3.0,West Ham United vs Aston Villa,West Ham United,Aston Villa,2024-08-17 16:30,2024-08-17 16:22,Match Thread: West Ham United vs Aston Villa | English Premier League,https://www.reddit.com/r/soccer/comments/1eullxa/match_thread_west_ham_united_vs_aston_villa/,40.0,611.0,1eullxa
497417,2024-08-18 13:00:00,FINISHED,1,Brentford,BRE,Brentford,Crystal Palace,CRY,Crystal Palace,2.0,1.0,Brentford FC,Sam Barrott,3.0,Brentford vs Crystal Palace,Brentford,Crystal Palace,2024-08-18 13:00,2024-08-18 13:05,Match Thread: Brentford vs Crystal Palace | English Premier League,https://www.reddit.com/r/soccer/comments/1ev8sh0/match_thread_brentford_vs_crystal_palace_english/,40.0,749.0,1ev8sh0
497418,2024-08-18 15:30:00,FINISHED,1,Chelsea,CHE,Chelsea,Manchester City,MCI,Man City,0.0,2.0,Manchester City FC,Anthony Taylor,2.0,Chelsea vs Manchester City,Chelsea,Manchester City,2024-08-18 15:30,2024-08-18 15:10,Match Thread: Chelsea vs Manchester City | English Premier League 24/25 (Match Day 1),https://www.reddit.com/r/soccer/comments/1evbj42/match_thread_chelsea_vs_manchester_city_english/,91.0,4690.0,1evbj42
497419,2024-08-19 19:00:00,FINISHED,1,Leicester City,LEI,Leicester City,Tottenham Hotspur,TOT,Tottenham,1.0,1.0,DRAW,Chris Kavanagh,2.0,Leicester City vs Tottenham Hotspur,Leicester City,Tottenham Hotspur,2024-08-19 19:00,2024-08-19 18:40,Match Thread: Leicester City vs Tottenham | English Premier League 24/25 (Match Day 1),https://www.reddit.com/r/soccer/comments/1ew9irk/match_thread_leicester_city_vs_tottenham_english/,60.0,1561.0,1ew9irk
497422,2024-08-24 11:30:00,FINISHED,2,Brighton & Hove Albion,BHA,Brighton Hove,Manchester United,MUN,Man United,2.0,1.0,Brighton & Hove Albion FC,Craig Pawson,3.0,Brighton & Hove Albion vs Manchester United,Brighton & Hove Albion,Manchester United,2024-08-24 11:30,2024-08-24 11:16,Match Thread: Brighton vs Manchester Utd | English Premier League 24/25 (Match Day 2),https://www.reddit.com/r/soccer/comments/1f02vo3/match_thread_brighton_vs_manchester_utd_english/,75.0,2152.0,1f02vo3
497423,2024-08-24 14:00:00,FINISHED,2,Crystal Palace,CRY,Crystal Palace,West Ham United,WHU,West Ham,0.0,2.0,West Ham United FC,Robert Jones,2.0,Crystal Palace vs West Ham United,Crystal Palace,West Ham United,2024-08-24 14:00,2024-08-24 14:14,Match Thread: Crystal Palace vs West Ham United | English Premier League,https://www.reddit.com/r/soccer/comments/1f069ds/match_thread_crystal_palace_vs_west_ham_united/,31.0,62.0,1f069ds
497424,2024-08-24 14:00:00,FINISHED,2,Fulham,FUL,Fulham,Leicester City,LEI,Leicester City,2.0,1.0,Fulham FC,Darren Bond,3.0,Fulham vs Leicester City,Fulham,Leicester City,2024-08-24 14:00,2024-08-24 14:00,Match Thread: Fulham vs Leicester City | English Premier League,https://www.reddit.com/r/soccer/comments/1f05yy1/match_thread_fulham_vs_leicester_city_english/,16.0,49.0,1f05yy1
497426,2024-08-24 14:00:00,FINISHED,2,Manchester City,MCI,Man City,Ipswich Town,IPS,Ipswich Town,4.0,1.0,Manchester City FC,Michael Salisbury,5.0,Manchester City vs Ipswich Town,Manchester City,Ipswich Town,2024-08-24 14:00,2024-08-24 13:53,Match Thread: Manchester City vs Ipswich Town | English Premier League,https://www.reddit.com/r/soccer/comments/1f05t5x/match_thread_manchester_city_vs_ipswich_town/,52.0,834.0,1f05t5x
497427,2024-08-24 14:00:00,FINISHED,2,Southampton,SOU,Southampton,Nottingham Forest,NOT,Nottingham,0.0,1.0,Nottingham Forest FC,Sam Barrott,1.0,Southampton vs Nottingham Forest,,,,,,,,,
497428,2024-08-24 14:00:00,FINISHED,2,Tottenham Hotspur,TOT,Tottenham,Everton,EVE,Everton,4.0,0.0,Tottenham Hotspur FC,Anthony Taylor,4.0,Tottenham Hotspur vs Everton,Tottenham Hotspur,Everton,2024-08-24 14:00,2024-08-24 14:04,Match Thread: Tottenham Hotspur vs Everton | English Premier League,https://www.reddit.com/r/soccer/comments/1f0627i/match_thread_tottenham_hotspur_vs_everton_english/,37.0,305.0,1f0627i
497421,2024-08-24 16:30:00,FINISHED,2,Aston Villa,AVL,Aston Villa,Arsenal,ARS,Arsenal,0.0,2.0,Arsenal FC,Michael Oliver,2.0,Aston Villa vs Arsenal,Aston Villa,Arsenal,2024-08-24 16:30,2024-08-24 16:19,Match Thread: Aston Villa vs Arsenal | English Premier League 24/25 (Match Day 2),https://www.reddit.com/r/soccer/comments/1f094m4/match_thread_aston_villa_vs_arsenal_english/,64.0,2611.0,1f094m4
497420,2024-08-25 13:00:00,FINISHED,2,A Bournemouth,BOU,Bournemouth,Newcastle United,NEW,Newcastle,1.0,1.0,DRAW,David Coote,2.0,A Bournemouth vs Newcastle United,A Bournemouth,Newcastle United,2024-08-25 13:00,2024-08-25 12:58,Match Thread: AFC Bournemouth vs Newcastle United | English Premier League,https://www.reddit.com/r/soccer/comments/1f0vr01/match_thread_afc_bournemouth_vs_newcastle_united/,21.0,417.0,1f0vr01
497429,2024-08-25 13:00:00,FINISHED,2,Wolverhampton Wanderers,WOL,Wolverhampton,Chelsea,CHE,Chelsea,2.0,6.0,Chelsea FC,Darren England,8.0,Wolverhampton Wanderers vs Chelsea,Wolverhampton Wanderers,Chelsea,2024-08-25 13:00,2024-08-25 13:02,Match Thread: Wolverhampton Wanderers vs Chelsea | English Premier League,https://www.reddit.com/r/soccer/comments/1f0vtuu/match_thread_wolverhampton_wanderers_vs_chelsea/,85.0,2178.0,1f0vtuu
497425,2024-08-25 15:30:00,FINISHED,2,Liverpool,LIV,Liverpool,Brentford,BRE,Brentford,2.0,0.0,Liverpool FC,Stuart Attwell,2.0,Liverpool vs Brentford,Liverpool,Brentford,2024-08-25 15:30,2024-08-25 15:23,Match Thread: Liverpool vs Brentford | English Premier League 24/25 (Match Day 2),https://www.reddit.com/r/soccer/comments/1f0yurc/match_thread_liverpool_vs_brentford_english/,36.0,762.0,1f0yurc
497430,2024-08-31 11:30:00,FINISHED,3,Arsenal,ARS,Arsenal,Brighton & Hove Albion,BHA,Brighton Hove,1.0,1.0,DRAW,Chris Kavanagh,2.0,Arsenal vs Brighton & Hove Albion,Arsenal,Brighton & Hove Albion,2024-08-31 11:30,2024-08-31 11:14,Match Thread: Arsenal vs Brighton & Hove Albion | English Premier League,https://www.reddit.com/r/soccer/comments/1f5kvh8/match_thread_arsenal_vs_brighton_hove_albion/,57.0,3114.0,1f5kvh8
497431,2024-08-31 14:00:00,FINISHED,3,Brentford,BRE,Brentford,Southampton,SOU,Southampton,3.0,1.0,Brentford FC,Joshua Smith,4.0,Brentford vs Southampton,Brentford,Southampton,2024-08-31 14:00,2024-08-31 13:57,Match Thread: Brentford vs Southampton | English Premier League,https://www.reddit.com/r/soccer/comments/1f5nve4/match_thread_brentford_vs_southampton_english/,6.0,6.0,1f5nve4
497433,2024-08-31 14:00:00,FINISHED,3,Everton,EVE,Everton,A Bournemouth,BOU,Bournemouth,2.0,3.0,AFC Bournemouth,Stuart Attwell,5.0,Everton vs A Bournemouth,Everton,A Bournemouth,2024-08-31 14:00,2024-08-31 14:06,Match Thread: Everton vs AFC Bournemouth | English Premier League,https://www.reddit.com/r/soccer/comments/1f5o3c8/match_thread_everton_vs_afc_bournemouth_english/,21.0,86.0,1f5o3c8
497434,2024-08-31 14:00:00,FINISHED,3,Ipswich Town,IPS,Ipswich Town,Fulham,FUL,Fulham,1.0,1.0,DRAW,Lewis Smith,2.0,Ipswich Town vs Fulham,Ipswich Town,Fulham,2024-08-31 14:00,2024-08-31 13:46,Match Thread: Ipswich Town vs. Fulham | Premier League,https://www.reddit.com/r/soccer/comments/1f5nnr5/match_thread_ipswich_town_vs_fulham_premier_league/,8.0,27.0,1f5nnr5
497435,2024-08-31 14:00:00,FINISHED,3,Leicester City,LEI,Leicester City,Aston Villa,AVL,Aston Villa,1.0,2.0,Aston Villa FC,David Coote,3.0,Leicester City vs Aston Villa,Leicester City,Aston Villa,2024-08-31 14:00,2024-08-31 13:43,Match Thread: Leicester City vs Aston Villa | English Premier League,https://www.reddit.com/r/soccer/comments/1f5nlii/match_thread_leicester_city_vs_aston_villa/,8.0,156.0,1f5nlii
497438,2024-08-31 14:00:00,FINISHED,3,Nottingham Forest,NOT,Nottingham,Wolverhampton Wanderers,WOL,Wolverhampton,1.0,1.0,DRAW,Simon Hooper,2.0,Nottingham Forest vs Wolverhampton Wanderers,Nottingham Forest,Wolverhampton Wanderers,2024-08-31 14:00,2024-08-31 14:30,Match Thread: Nottingham Forest vs Wolverhampton Wanderers | English Premier League,https://www.reddit.com/r/soccer/comments/1f5oln4/match_thread_nottingham_forest_vs_wolverhampton/,19.0,36.0,1f5oln4
497439,2024-08-31 16:30:00,FINISHED,3,West Ham United,WHU,West Ham,Manchester City,MCI,Man City,1.0,3.0,Manchester City FC,Michael Oliver,4.0,West Ham United vs Manchester City,West Ham United,Manchester City,2024-08-31 16:30,2024-08-31 16:40,Match Thread: West Ham United vs. Manchester City,https://www.reddit.com/r/soccer/comments/1f5rjm0/match_thread_west_ham_united_vs_manchester_city/,62.0,724.0,1f5rjm0
497432,2024-09-01 12:30:00,FINISHED,3,Chelsea,CHE,Chelsea,Crystal Palace,CRY,Crystal Palace,1.0,1.0,DRAW,Jarred Gillett,2.0,Chelsea vs Crystal Palace,Chelsea,Crystal Palace,2024-09-01 12:30,2024-09-01 12:27,Match Thread: Chelsea vs Crystal Palace | English Premier League,https://www.reddit.com/r/soccer/comments/1f6d8bc/match_thread_chelsea_vs_crystal_palace_english/,34.0,678.0,1f6d8bc
497437,2024-09-01 12:30:00,FINISHED,3,Newcastle United,NEW,Newcastle,Tottenham Hotspur,TOT,Tottenham,2.0,1.0,Newcastle United FC,Robert Jones,3.0,Newcastle United vs Tottenham Hotspur,Newcastle United,Tottenham Hotspur,2024-09-01 12:30,2024-09-01 12:31,Match Thread: Newcastle United vs Tottenham Hotspur | English Premier League,https://www.reddit.com/r/soccer/comments/1f6darv/match_thread_newcastle_united_vs_tottenham/,33.0,1068.0,1f6darv
497436,2024-09-01 15:00:00,FINISHED,3,Manchester United,MUN,Man United,Liverpool,LIV,Liverpool,0.0,3.0,Liverpool FC,Anthony Taylor,3.0,Manchester United vs Liverpool,Manchester United,Liverpool,2024-09-01 15:00,2024-09-01 16:58,Serious Post Match Thread: Manchester United 0-3 Liverpool | English Premier League 24/25 (Match Day 3),https://www.reddit.com/r/soccer/comments/1f6j9hv/serious_post_match_thread_manchester_united_03/,231.0,303.0,1f6j9hv
497447,2024-09-14 11:30:00,FINISHED,4,Southampton,SOU,Southampton,Manchester United,MUN,Man United,0.0,3.0,Manchester United FC,Stuart Attwell,3.0,Southampton vs Manchester United,Southampton,Manchester United,2024-09-14 11:30,2024-09-14 11:13,Match Thread: Southampton FC vs Manchester United | English Premier League 24/25 (Match Day 4),https://www.reddit.com/r/soccer/comments/1fgjren/match_thread_southampton_fc_vs_manchester_united/,34.0,1595.0,1fgjren
497442,2024-09-14 14:00:00,FINISHED,4,Brighton & Hove Albion,BHA,Brighton Hove,Ipswich Town,IPS,Ipswich Town,0.0,0.0,DRAW,Sam Barrott,0.0,Brighton & Hove Albion vs Ipswich Town,Brighton & Hove Albion,Ipswich Town,2024-09-14 14:00,2024-09-14 14:11,Match Thread: Brighton & Hove Albion vs Ipswich Town | English Premier League,https://www.reddit.com/r/soccer/comments/1fgmyhe/match_thread_brighton_hove_albion_vs_ipswich_town/,24.0,36.0,1fgmyhe
497443,2024-09-14 14:00:00,FINISHED,4,Crystal Palace,CRY,Crystal Palace,Leicester City,LEI,Leicester City,2.0,2.0,DRAW,Tony Harrington,4.0,Crystal Palace vs Leicester City,Crystal Palace,Leicester City,2024-09-14 14:00,2024-09-14 14:06,Match Thread: Crystal Palace vs Leicester City | English Premier League,https://www.reddit.com/r/soccer/comments/1fgmuru/match_thread_crystal_palace_vs_leicester_city/,18.0,55.0,1fgmuru
497444,2024-09-14 14:00:00,FINISHED,4,Fulham,FUL,Fulham,West Ham United,WHU,West Ham,1.0,1.0,DRAW,Tim Robinson,2.0,Fulham vs West Ham United,Fulham,West Ham United,2024-09-14 14:00,2024-09-14 13:59,Match Thread: Fulham vs. West Ham United | Premier League,https://www.reddit.com/r/soccer/comments/1fgmp6b/match_thread_fulham_vs_west_ham_united_premier/,17.0,22.0,1fgmp6b
497445,2024-09-14 14:00:00,FINISHED,4,Liverpool,LIV,Liverpool,Nottingham Forest,NOT,Nottingham,0.0,1.0,Nottingham Forest FC,Michael Oliver,1.0,Liverpool vs Nottingham Forest,Liverpool,Nottingham Forest,2024-09-14 14:00,2024-09-14 13:59,Match Thread: Liverpool vs Nottingham Forest | English Premier League,https://www.reddit.com/r/soccer/comments/1fgmpft/match_thread_liverpool_vs_nottingham_forest/,46.0,797.0,1fgmpft
497446,2024-09-14 14:00:00,FINISHED,4,Manchester City,MCI,Man City,Brentford,BRE,Brentford,2.0,1.0,Manchester City FC,Darren Bond,3.0,Manchester City vs Brentford,Manchester City,Brentford,2024-09-14 14:00,2024-09-14 13:49,Match Thread: Manchester City vs Brentford | English Premier League,https://www.reddit.com/r/soccer/comments/1fgmi4r/match_thread_manchester_city_vs_brentford_english/,30.0,442.0,1fgmi4r
497441,2024-09-14 16:30:00,FINISHED,4,Aston Villa,AVL,Aston Villa,Everton,EVE,Everton,3.0,2.0,Aston Villa FC,Craig Pawson,5.0,Aston Villa vs Everton,Aston Villa,Everton,2024-09-14 16:30,2024-09-14 16:43,Match Thread: Aston Villa vs Everton | English Premier League,https://www.reddit.com/r/soccer/comments/1fgqcnb/match_thread_aston_villa_vs_everton_english/,35.0,671.0,1fgqcnb
497440,2024-09-14 19:00:00,FINISHED,4,A Bournemouth,BOU,Bournemouth,Chelsea,CHE,Chelsea,0.0,1.0,Chelsea FC,Anthony Taylor,1.0,A Bournemouth vs Chelsea,A Bournemouth,Chelsea,2024-09-14 19:00,2024-09-14 18:41,Match Thread: AFC Bournemouth vs Chelsea | English Premier League 24/25 (Match Day 4),https://www.reddit.com/r/soccer/comments/1fgswhs/match_thread_afc_bournemouth_vs_chelsea_english/,34.0,1209.0,1fgswhs
497448,2024-09-15 13:00:00,FINISHED,4,Tottenham Hotspur,TOT,Tottenham,Arsenal,ARS,Arsenal,0.0,1.0,Arsenal FC,Jarred Gillett,1.0,Tottenham Hotspur vs Arsenal,Tottenham Hotspur,Arsenal,2024-09-15 13:00,2024-09-15 12:41,Match Thread: Tottenham vs Arsenal | English Premier League 24/25 (Match Day 4) - NORTH LONDON DERBY,https://www.reddit.com/r/soccer/comments/1fhbl7c/match_thread_tottenham_vs_arsenal_english_premier/,100.0,4907.0,1fhbl7c
497449,2024-09-15 15:30:00,FINISHED,4,Wolverhampton Wanderers,WOL,Wolverhampton,Newcastle United,NEW,Newcastle,1.0,2.0,Newcastle United FC,Chris Kavanagh,3.0,Wolverhampton Wanderers vs Newcastle United,Wolverhampton Wanderers,Newcastle United,2024-09-15 15:30,2024-09-15 15:34,Match Thread: Wolverhampton Wanderers vs Newcastle United | English Premier League,https://www.reddit.com/r/soccer/comments/1fhfbbc/match_thread_wolverhampton_wanderers_vs_newcastle/,25.0,434.0,1fhfbbc
497459,2024-09-21 11:30:00,FINISHED,5,West Ham United,WHU,West Ham,Chelsea,CHE,Chelsea,0.0,3.0,Chelsea FC,Sam Barrott,3.0,West Ham United vs Chelsea,West Ham United,Chelsea,2024-09-21 11:30,2024-09-21 11:33,Match Thread: West Ham United vs Chelsea | English Premier League,https://www.reddit.com/r/soccer/comments/1fm0ykd/match_thread_west_ham_united_vs_chelsea_english/,52.0,1516.0,1fm0ykd
497450,2024-09-21 14:00:00,FINISHED,5,Aston Villa,AVL,Aston Villa,Wolverhampton Wanderers,WOL,Wolverhampton,3.0,1.0,Aston Villa FC,Tim Robinson,4.0,Aston Villa vs Wolverhampton Wanderers,,,,,,,,,
497453,2024-09-21 14:00:00,FINISHED,5,Fulham,FUL,Fulham,Newcastle United,NEW,Newcastle,3.0,1.0,Fulham FC,Peter Bankes,4.0,Fulham vs Newcastle United,,,,,,,,,
497454,2024-09-21 14:00:00,FINISHED,5,Leicester City,LEI,Leicester City,Everton,EVE,Everton,1.0,1.0,DRAW,Darren England,2.0,Leicester City vs Everton,Leicester City,Everton,2024-09-21 14:00,2024-09-21 14:03,Match Thread: Leicester City vs Everton | English Premier League,https://www.reddit.com/r/soccer/comments/1fm3r5j/match_thread_leicester_city_vs_everton_english/,21.0,59.0,1fm3r5j
497455,2024-09-21 14:00:00,FINISHED,5,Liverpool,LIV,Liverpool,A Bournemouth,BOU,Bournemouth,3.0,0.0,Liverpool FC,Tony Harrington,3.0,Liverpool vs A Bournemouth,Liverpool,A Bournemouth,2024-09-21 14:00,2024-09-21 14:09,Match Thread: Liverpool vs AFC Bournemouth | English Premier League,https://www.reddit.com/r/soccer/comments/1fm3vzp/match_thread_liverpool_vs_afc_bournemouth_english/,31.0,416.0,1fm3vzp
497457,2024-09-21 14:00:00,FINISHED,5,Southampton,SOU,Southampton,Ipswich Town,IPS,Ipswich Town,1.0,1.0,DRAW,Samuel Allison,2.0,Southampton vs Ipswich Town,Southampton,Ipswich Town,2024-09-21 14:00,2024-09-21 14:21,Match Thread: Southampton vs Ipswich Town | English Premier League,https://www.reddit.com/r/soccer/comments/1fm44vm/match_thread_southampton_vs_ipswich_town_english/,17.0,18.0,1fm44vm
497458,2024-09-21 14:00:00,FINISHED,5,Tottenham Hotspur,TOT,Tottenham,Brentford,BRE,Brentford,3.0,1.0,Tottenham Hotspur FC,John Brooks,4.0,Tottenham Hotspur vs Brentford,Tottenham Hotspur,Brentford,2024-09-21 14:00,2024-09-21 14:04,Match Thread: Tottenham Hotspur vs. Brentford,https://www.reddit.com/r/soccer/comments/1fm3s6v/match_thread_tottenham_hotspur_vs_brentford/,24.0,411.0,1fm3s6v
497452,2024-09-21 16:30:00,FINISHED,5,Crystal Palace,CRY,Crystal Palace,Manchester United,MUN,Man United,0.0,0.0,DRAW,David Coote,0.0,Crystal Palace vs Manchester United,Crystal Palace,Manchester United,2024-09-21 16:30,2024-09-21 16:35,Match Thread: Crystal Palace vs Manchester United | English Premier League,https://www.reddit.com/r/soccer/comments/1fm70xe/match_thread_crystal_palace_vs_manchester_united/,46.0,1145.0,1fm70xe
497451,2024-09-22 13:00:00,FINISHED,5,Brighton & Hove Albion,BHA,Brighton Hove,Nottingham Forest,NOT,Nottingham,2.0,2.0,DRAW,Robert Jones,4.0,Brighton & Hove Albion vs Nottingham Forest,Brighton & Hove Albion,Nottingham Forest,2024-09-22 13:00,2024-09-22 13:06,Match Thread: Brighton & Hove Albion vs Nottingham Forest | English Premier League,https://www.reddit.com/r/soccer/comments/1fmsu5s/match_thread_brighton_hove_albion_vs_nottingham/,19.0,582.0,1fmsu5s
497456,2024-09-22 15:30:00,FINISHED,5,Manchester City,MCI,Man City,Arsenal,ARS,Arsenal,2.0,2.0,DRAW,Michael Oliver,4.0,Manchester City vs Arsenal,Manchester City,Arsenal,2024-09-22 15:30,2024-09-22 15:14,Match Thread: Manchester City vs Arsenal | English Premier League 24/25 (Match Day 5),https://www.reddit.com/r/soccer/comments/1fmvl6j/match_thread_manchester_city_vs_arsenal_english/,165.0,11159.0,1fmvl6j
497467,2024-09-28 11:30:00,FINISHED,6,Newcastle United,NEW,Newcastle,Manchester City,MCI,Man City,1.0,1.0,DRAW,Jarred Gillett,2.0,Newcastle United vs Manchester City,Newcastle United,Manchester City,2024-09-28 11:30,2024-09-28 11:29,Match Thread: Newcastle United vs Manchester City | English Premier League,https://www.reddit.com/r/soccer/comments/1frc7wa/match_thread_newcastle_united_vs_manchester_city/,61.0,1995.0,1frc7wa
497461,2024-09-28 14:00:00,FINISHED,6,Arsenal,ARS,Arsenal,Leicester City,LEI,Leicester City,4.0,2.0,Arsenal FC,Sam Barrott,6.0,Arsenal vs Leicester City,Arsenal,Leicester City,2024-09-28 14:00,2024-09-28 14:01,Match Thread: Arsenal vs Leicester City | English Premier League,https://www.reddit.com/r/soccer/comments/1frey5d/match_thread_arsenal_vs_leicester_city_english/,45.0,1708.0,1frey5d
497462,2024-09-28 14:00:00,FINISHED,6,Brentford,BRE,Brentford,West Ham United,WHU,West Ham,1.0,1.0,DRAW,Simon Hooper,2.0,Brentford vs West Ham United,Brentford,West Ham United,2024-09-28 14:00,2024-09-28 14:40,Match Thread: Brentford vs West Ham United | English Premier League,https://www.reddit.com/r/soccer/comments/1frfrad/match_thread_brentford_vs_west_ham_united_english/,14.0,5.0,1frfrad
497463,2024-09-28 14:00:00,FINISHED,6,Chelsea,CHE,Chelsea,Brighton & Hove Albion,BHA,Brighton Hove,4.0,2.0,Chelsea FC,Peter Bankes,6.0,Chelsea vs Brighton & Hove Albion,Chelsea,Brighton & Hove Albion,2024-09-28 14:00,2024-09-28 14:06,Match Thread: Chelsea vs Brighton & Hove Albion | English Premier League,https://www.reddit.com/r/soccer/comments/1frf237/match_thread_chelsea_vs_brighton_hove_albion/,72.0,1600.0,1frf237
497464,2024-09-28 14:00:00,FINISHED,6,Everton,EVE,Everton,Crystal Palace,CRY,Crystal Palace,2.0,1.0,Everton FC,Andy Madley,3.0,Everton vs Crystal Palace,Everton,Crystal Palace,2024-09-28 14:00,2024-09-28 14:01,Match Thread: Everton vs Crystal Palace | English Premier League,https://www.reddit.com/r/soccer/comments/1freyaz/match_thread_everton_vs_crystal_palace_english/,17.0,18.0,1freyaz
497468,2024-09-28 14:00:00,FINISHED,6,Nottingham Forest,NOT,Nottingham,Fulham,FUL,Fulham,0.0,1.0,Fulham FC,Joshua Smith,1.0,Nottingham Forest vs Fulham,Nottingham Forest,Fulham,2024-09-28 14:00,2024-09-28 14:01,Match Thread: Nottingham Forest vs. Fulham | Premier League,https://www.reddit.com/r/soccer/comments/1frey01/match_thread_nottingham_forest_vs_fulham_premier/,7.0,23.0,1frey01
497469,2024-09-28 16:30:00,FINISHED,6,Wolverhampton Wanderers,WOL,Wolverhampton,Liverpool,LIV,Liverpool,1.0,2.0,Liverpool FC,Anthony Taylor,3.0,Wolverhampton Wanderers vs Liverpool,Wolverhampton Wanderers,Liverpool,2024-09-28 16:30,2024-09-28 16:32,Match Thread: Wolverhampton Wanderers vs Liverpool | English Premier League,https://www.reddit.com/r/soccer/comments/1fri7kp/match_thread_wolverhampton_wanderers_vs_liverpool/,34.0,949.0,1fri7kp
497465,2024-09-29 13:00:00,FINISHED,6,Ipswich Town,IPS,Ipswich Town,Aston Villa,AVL,Aston Villa,2.0,2.0,DRAW,Stuart Attwell,4.0,Ipswich Town vs Aston Villa,Ipswich Town,Aston Villa,2024-09-29 13:00,2024-09-29 13:03,Match Thread: Ipswich Town vs Aston Villa | English Premier League,https://www.reddit.com/r/soccer/comments/1fs3uzi/match_thread_ipswich_town_vs_aston_villa_english/,37.0,465.0,1fs3uzi
497466,2024-09-29 15:30:00,FINISHED,6,Manchester United,MUN,Man United,Tottenham Hotspur,TOT,Tottenham,0.0,3.0,Tottenham Hotspur FC,Chris Kavanagh,3.0,Manchester United vs Tottenham Hotspur,Manchester United,Tottenham Hotspur,2024-09-29 15:30,2024-09-29 15:34,Match Thread: Manchester United vs. Tottenham Hotspurs | English Premier League,https://www.reddit.com/r/soccer/comments/1fs7306/match_thread_manchester_united_vs_tottenham/,232.0,5723.0,1fs7306
497460,2024-09-30 19:00:00,FINISHED,6,A Bournemouth,BOU,Bournemouth,Southampton,SOU,Southampton,3.0,1.0,AFC Bournemouth,Michael Oliver,4.0,A Bournemouth vs Southampton,A Bournemouth,Southampton,2024-09-30 19:00,2024-09-30 19:05,Match Thread: AFC Bournemouth vs Southampton | English Premier League,https://www.reddit.com/r/soccer/comments/1ft3odp/match_thread_afc_bournemouth_vs_southampton/,29.0,324.0,1ft3odp
497475,2024-10-05 11:30:00,FINISHED,7,Crystal Palace,CRY,Crystal Palace,Liverpool,LIV,Liverpool,0.0,1.0,Liverpool FC,Simon Hooper,1.0,Crystal Palace vs Liverpool,Crystal Palace,Liverpool,2024-10-05 11:30,2024-10-05 11:31,Match Thread: Crystal Palace vs Liverpool | English Premier League,https://www.reddit.com/r/soccer/comments/1fwob0t/match_thread_crystal_palace_vs_liverpool_english/,63.0,1383.0,1fwob0t
497470,2024-10-05 14:00:00,FINISHED,7,Arsenal,ARS,Arsenal,Southampton,SOU,Southampton,3.0,1.0,Arsenal FC,Tony Harrington,4.0,Arsenal vs Southampton,Arsenal,Southampton,2024-10-05 14:00,2024-10-05 14:02,Match Thread: Arsenal vs Southampton | English Premier League,https://www.reddit.com/r/soccer/comments/1fwr3sz/match_thread_arsenal_vs_southampton_english/,25.0,884.0,1fwr3sz
497472,2024-10-05 14:00:00,FINISHED,7,Brentford,BRE,Brentford,Wolverhampton Wanderers,WOL,Wolverhampton,5.0,3.0,Brentford FC,Andy Madley,8.0,Brentford vs Wolverhampton Wanderers,Brentford,Wolverhampton Wanderers,2024-10-05 14:00,2024-10-05 14:57,Match Thread: Brentford vs Wolverhampton Wanderers | English Premier League,https://www.reddit.com/r/soccer/comments/1fws9ec/match_thread_brentford_vs_wolverhampton_wanderers/,24.0,12.0,1fws9ec
497477,2024-10-05 14:00:00,FINISHED,7,Leicester City,LEI,Leicester City,A Bournemouth,BOU,Bournemouth,1.0,0.0,Leicester City FC,Darren Bond,1.0,Leicester City vs A Bournemouth,Leicester City,A Bournemouth,2024-10-05 14:00,2024-10-05 14:00,Match Thread: Leicester City vs AFC Bournemouth | English Premier League,https://www.reddit.com/r/soccer/comments/1fwr1px/match_thread_leicester_city_vs_afc_bournemouth/,15.0,39.0,1fwr1px
497478,2024-10-05 14:00:00,FINISHED,7,Manchester City,MCI,Man City,Fulham,FUL,Fulham,3.0,2.0,Manchester City FC,Peter Bankes,5.0,Manchester City vs Fulham,Manchester City,Fulham,2024-10-05 14:00,2024-10-05 14:14,Match Thread: Manchester City vs Fulham | English Premier League,https://www.reddit.com/r/soccer/comments/1fwrcje/match_thread_manchester_city_vs_fulham_english/,20.0,296.0,1fwrcje
497479,2024-10-05 14:00:00,FINISHED,7,West Ham United,WHU,West Ham,Ipswich Town,IPS,Ipswich Town,4.0,1.0,West Ham United FC,Anthony Taylor,5.0,West Ham United vs Ipswich Town,West Ham United,Ipswich Town,2024-10-05 14:00,2024-10-05 14:11,Match Thread: West Ham United vs Ipswich Town | English Premier League,https://www.reddit.com/r/soccer/comments/1fwr9vp/match_thread_west_ham_united_vs_ipswich_town/,17.0,20.0,1fwr9vp
497476,2024-10-05 16:30:00,FINISHED,7,Everton,EVE,Everton,Newcastle United,NEW,Newcastle,0.0,0.0,DRAW,Craig Pawson,0.0,Everton vs Newcastle United,Everton,Newcastle United,2024-10-05 16:30,2024-10-05 16:20,Match Thread: Everton vs. Newcastle United | Premier League,https://www.reddit.com/r/soccer/comments/1fwu2zy/match_thread_everton_vs_newcastle_united_premier/,37.0,818.0,1fwu2zy
497471,2024-10-06 13:00:00,FINISHED,7,Aston Villa,AVL,Aston Villa,Manchester United,MUN,Man United,0.0,0.0,DRAW,Robert Jones,0.0,Aston Villa vs Manchester United,Aston Villa,Manchester United,2024-10-06 13:00,2024-10-06 13:02,Match Thread: Aston Villa vs Manchester United | English Premier League,https://www.reddit.com/r/soccer/comments/1fxfzee/match_thread_aston_villa_vs_manchester_united/,55.0,2745.0,1fxfzee
497474,2024-10-06 13:00:00,FINISHED,7,Chelsea,CHE,Chelsea,Nottingham Forest,NOT,Nottingham,1.0,1.0,DRAW,Chris Kavanagh,2.0,Chelsea vs Nottingham Forest,Chelsea,Nottingham Forest,2024-10-06 13:00,2024-10-06 13:17,Match Thread: Chelsea vs Nottingham Forest | English Premier League,https://www.reddit.com/r/soccer/comments/1fxg9qp/match_thread_chelsea_vs_nottingham_forest_english/,37.0,775.0,1fxg9qp
497473,2024-10-06 15:30:00,FINISHED,7,Brighton & Hove Albion,BHA,Brighton Hove,Tottenham Hotspur,TOT,Tottenham,3.0,2.0,Brighton & Hove Albion FC,David Coote,5.0,Brighton & Hove Albion vs Tottenham Hotspur,Brighton & Hove Albion,Tottenham Hotspur,2024-10-06 15:30,2024-10-06 15:32,Match Thread: Brighton & Hove Albion vs Tottenham Hotspur | English Premier League,https://www.reddit.com/r/soccer/comments/1fxj5qu/match_thread_brighton_hove_albion_vs_tottenham/,54.0,1320.0,1fxj5qu
497488,2024-10-19 11:30:00,FINISHED,8,Tottenham Hotspur,TOT,Tottenham,West Ham United,WHU,West Ham,4.0,1.0,Tottenham Hotspur FC,Andy Madley,5.0,Tottenham Hotspur vs West Ham United,Tottenham Hotspur,West Ham United,2024-10-19 11:30,2024-10-19 11:38,Match Thread: Tottenham Hotspur vs West Ham United | English Premier League,https://www.reddit.com/r/soccer/comments/1g76z7p/match_thread_tottenham_hotspur_vs_west_ham_united/,50.0,1238.0,1g76z7p
497481,2024-10-19 14:00:00,FINISHED,8,Fulham,FUL,Fulham,Aston Villa,AVL,Aston Villa,1.0,3.0,Aston Villa FC,Darren England,4.0,Fulham vs Aston Villa,,,,,,,,,
497482,2024-10-19 14:00:00,FINISHED,8,Ipswich Town,IPS,Ipswich Town,Everton,EVE,Everton,0.0,2.0,Everton FC,Michael Oliver,2.0,Ipswich Town vs Everton,Ipswich Town,Everton,2024-10-19 14:00,2024-10-19 14:06,Match Thread: Ipswich Town vs Everton | English Premier League,https://www.reddit.com/r/soccer/comments/1g79oa1/match_thread_ipswich_town_vs_everton_english/,12.0,31.0,1g79oa1
497484,2024-10-19 14:00:00,FINISHED,8,Manchester United,MUN,Man United,Brentford,BRE,Brentford,2.0,1.0,Manchester United FC,Sam Barrott,3.0,Manchester United vs Brentford,Manchester United,Brentford,2024-10-19 14:00,2024-10-19 14:06,Match Thread: Manchester United vs Brentford | English Premier League,https://www.reddit.com/r/soccer/comments/1g79o4w/match_thread_manchester_united_vs_brentford/,28.0,930.0,1g79o4w
497485,2024-10-19 14:00:00,FINISHED,8,Newcastle United,NEW,Newcastle,Brighton & Hove Albion,BHA,Brighton Hove,0.0,1.0,Brighton & Hove Albion FC,Peter Bankes,1.0,Newcastle United vs Brighton & Hove Albion,,,,,,,,,
497487,2024-10-19 14:00:00,FINISHED,8,Southampton,SOU,Southampton,Leicester City,LEI,Leicester City,2.0,3.0,Leicester City FC,Anthony Taylor,5.0,Southampton vs Leicester City,Southampton,Leicester City,2024-10-19 14:00,2024-10-19 13:57,Match Thread: Southampton vs Leicester City | English Premier League,https://www.reddit.com/r/soccer/comments/1g79hij/match_thread_southampton_vs_leicester_city/,9.0,28.0,1g79hij
497480,2024-10-19 16:30:00,FINISHED,8,A Bournemouth,BOU,Bournemouth,Arsenal,ARS,Arsenal,2.0,0.0,AFC Bournemouth,Robert Jones,2.0,A Bournemouth vs Arsenal,A Bournemouth,Arsenal,2024-10-19 16:30,2024-10-19 16:26,Match Thread: AFC Bournemouth vs Arsenal | English Premier League,https://www.reddit.com/r/soccer/comments/1g7cmy6/match_thread_afc_bournemouth_vs_arsenal_english/,54.0,2251.0,1g7cmy6
497489,2024-10-20 13:00:00,FINISHED,8,Wolverhampton Wanderers,WOL,Wolverhampton,Manchester City,MCI,Man City,1.0,2.0,Manchester City FC,Chris Kavanagh,3.0,Wolverhampton Wanderers vs Manchester City,Wolverhampton Wanderers,Manchester City,2024-10-20 13:00,2024-10-20 12:50,Match Thread: Wolverhampton Wanderers vs Manchester City | English Premier League,https://www.reddit.com/r/soccer/comments/1g7xyje/match_thread_wolverhampton_wanderers_vs/,36.0,1386.0,1g7xyje
497483,2024-10-20 15:30:00,FINISHED,8,Liverpool,LIV,Liverpool,Chelsea,CHE,Chelsea,2.0,1.0,Liverpool FC,John Brooks,3.0,Liverpool vs Chelsea,Liverpool,Chelsea,2024-10-20 15:30,2024-10-20 15:15,Match Thread: Liverpool vs Chelsea | English Premier League 24/25 (Match Day 8),https://www.reddit.com/r/soccer/comments/1g80zjn/match_thread_liverpool_vs_chelsea_english_premier/,134.0,5004.0,1g80zjn
497486,2024-10-21 19:00:00,FINISHED,8,Nottingham Forest,NOT,Nottingham,Crystal Palace,CRY,Crystal Palace,1.0,0.0,Nottingham Forest FC,Tim Robinson,1.0,Nottingham Forest vs Crystal Palace,Nottingham Forest,Crystal Palace,2024-10-21 19:00,2024-10-21 18:56,Match Thread: Nottingham Forest vs Crystal Palace | English Premier League,https://www.reddit.com/r/soccer/comments/1g8xmd6/match_thread_nottingham_forest_vs_crystal_palace/,24.0,436.0,1g8xmd6
497497,2024-10-25 19:00:00,FINISHED,9,Leicester City,LEI,Leicester City,Nottingham Forest,NOT,Nottingham,1.0,3.0,Nottingham Forest FC,Craig Pawson,4.0,Leicester City vs Nottingham Forest,Leicester City,Nottingham Forest,2024-10-25 19:00,2024-10-25 18:57,Match Thread: Leicester City vs Nottingham Forest | English Premier League,https://www.reddit.com/r/soccer/comments/1gc1tpf/match_thread_leicester_city_vs_nottingham_forest/,17.0,278.0,1gc1tpf
497491,2024-10-26 14:00:00,FINISHED,9,Aston Villa,AVL,Aston Villa,A Bournemouth,BOU,Bournemouth,1.0,1.0,DRAW,Andy Madley,2.0,Aston Villa vs A Bournemouth,,,,,,,,,
497492,2024-10-26 14:00:00,FINISHED,9,Brentford,BRE,Brentford,Ipswich Town,IPS,Ipswich Town,4.0,3.0,Brentford FC,Lewis Smith,7.0,Brentford vs Ipswich Town,Brentford,Ipswich Town,2024-10-26 14:00,2024-10-26 14:14,Match Thread: Brentford vs Ipswich Town | English Premier League,https://www.reddit.com/r/soccer/comments/1gcm0g2/match_thread_brentford_vs_ipswich_town_english/,23.0,29.0,1gcm0g2
497493,2024-10-26 14:00:00,FINISHED,9,Brighton & Hove Albion,BHA,Brighton Hove,Wolverhampton Wanderers,WOL,Wolverhampton,2.0,2.0,DRAW,Michael Oliver,4.0,Brighton & Hove Albion vs Wolverhampton Wanderers,Brighton & Hove Albion,Wolverhampton Wanderers,2024-10-26 14:00,2024-10-26 14:24,Match Thread: Brighton & Hove Albion vs Wolverhampton Wanderers | English Premier League,https://www.reddit.com/r/soccer/comments/1gcm7j4/match_thread_brighton_hove_albion_vs/,11.0,31.0,1gcm7j4
497498,2024-10-26 14:00:00,FINISHED,9,Manchester City,MCI,Man City,Southampton,SOU,Southampton,1.0,0.0,Manchester City FC,Tony Harrington,1.0,Manchester City vs Southampton,Manchester City,Southampton,2024-10-26 14:00,2024-10-26 14:06,Match Thread: Manchester City vs Southampton | English Premier League,https://www.reddit.com/r/soccer/comments/1gcltxm/match_thread_manchester_city_vs_southampton/,24.0,176.0,1gcltxm
497496,2024-10-26 16:30:00,FINISHED,9,Everton,EVE,Everton,Fulham,FUL,Fulham,1.0,1.0,DRAW,John Brooks,2.0,Everton vs Fulham,Everton,Fulham,2024-10-26 16:30,2024-10-26 16:31,Match Thread: Everton vs Fulham | English Premier League,https://www.reddit.com/r/soccer/comments/1gcozqz/match_thread_everton_vs_fulham_english_premier/,10.0,191.0,1gcozqz
497494,2024-10-27 14:00:00,FINISHED,9,Chelsea,CHE,Chelsea,Newcastle United,NEW,Newcastle,2.0,1.0,Chelsea FC,Simon Hooper,3.0,Chelsea vs Newcastle United,,,,,,,,,
497495,2024-10-27 14:00:00,FINISHED,9,Crystal Palace,CRY,Crystal Palace,Tottenham Hotspur,TOT,Tottenham,1.0,0.0,Crystal Palace FC,Darren Bond,1.0,Crystal Palace vs Tottenham Hotspur,Crystal Palace,Tottenham Hotspur,2024-10-27 14:00,2024-10-27 14:02,Match Thread: Crystal Palace vs Tottenham Hotspur | English Premier League,https://www.reddit.com/r/soccer/comments/1gdbmyr/match_thread_crystal_palace_vs_tottenham_hotspur/,34.0,175.0,1gdbmyr
497499,2024-10-27 14:00:00,FINISHED,9,West Ham United,WHU,West Ham,Manchester United,MUN,Man United,2.0,1.0,West Ham United FC,David Coote,3.0,West Ham United vs Manchester United,West Ham United,Manchester United,2024-10-27 14:00,2024-10-27 14:02,Match Thread: West Ham United vs Manchester United | English Premier League,https://www.reddit.com/r/soccer/comments/1gdbmrc/match_thread_west_ham_united_vs_manchester_united/,27.0,1311.0,1gdbmrc
497490,2024-10-27 16:30:00,FINISHED,9,Arsenal,ARS,Arsenal,Liverpool,LIV,Liverpool,2.0,2.0,DRAW,Anthony Taylor,4.0,Arsenal vs Liverpool,Arsenal,Liverpool,2024-10-27 16:30,2024-10-27 16:30,Match Thread: Arsenal vs Liverpool | English Premier League 24/25 (Match Day 9),https://www.reddit.com/r/soccer/comments/1gdex5q/match_thread_arsenal_vs_liverpool_english_premier/,68.0,4433.0,1gdex5q
497505,2024-11-02 12:30:00,FINISHED,10,Newcastle United,NEW,Newcastle,Arsenal,ARS,Arsenal,1.0,0.0,Newcastle United FC,John Brooks,1.0,Newcastle United vs Arsenal,Newcastle United,Arsenal,2024-11-02 12:30,2024-11-02 12:18,Match Thread: Newcastle vs Arsenal | English Premier League 24/25 (Match Day 10),https://www.reddit.com/r/soccer/comments/1ghv5ah/match_thread_newcastle_vs_arsenal_english_premier/,66.0,2876.0,1ghv5ah
497500,2024-11-02 15:00:00,FINISHED,10,A Bournemouth,BOU,Bournemouth,Manchester City,MCI,Man City,2.0,1.0,AFC Bournemouth,Michael Oliver,3.0,A Bournemouth vs Manchester City,A Bournemouth,Manchester City,2024-11-02 15:00,2024-11-02 15:00,Match Thread: AFC Bournemouth vs Manchester City | English Premier League,https://www.reddit.com/r/soccer/comments/1ghycpr/match_thread_afc_bournemouth_vs_manchester_city/,44.0,549.0,1ghycpr
497502,2024-11-02 15:00:00,FINISHED,10,Ipswich Town,IPS,Ipswich Town,Leicester City,LEI,Leicester City,1.0,1.0,DRAW,Tim Robinson,2.0,Ipswich Town vs Leicester City,Ipswich Town,Leicester City,2024-11-02 15:00,2024-11-02 14:56,Match Thread: Ipswich Town vs Leicester City | English Premier League,https://www.reddit.com/r/soccer/comments/1ghy9t0/match_thread_ipswich_town_vs_leicester_city/,8.0,24.0,1ghy9t0
497503,2024-11-02 15:00:00,FINISHED,10,Liverpool,LIV,Liverpool,Brighton & Hove Albion,BHA,Brighton Hove,2.0,1.0,Liverpool FC,Tony Harrington,3.0,Liverpool vs Brighton & Hove Albion,Liverpool,Brighton & Hove Albion,2024-11-02 15:00,2024-11-02 14:59,Match Thread: Liverpool vs Brighton & Hove Albion | English Premier League,https://www.reddit.com/r/soccer/comments/1ghybhn/match_thread_liverpool_vs_brighton_hove_albion/,42.0,792.0,1ghybhn
497506,2024-11-02 15:00:00,FINISHED,10,Nottingham Forest,NOT,Nottingham,West Ham United,WHU,West Ham,3.0,0.0,Nottingham Forest FC,Peter Bankes,3.0,Nottingham Forest vs West Ham United,Nottingham Forest,West Ham United,2024-11-02 15:00,2024-11-02 15:20,Match Thread: Nottingham Forest vs West Ham United | English Premier League,https://www.reddit.com/r/soccer/comments/1ghyslj/match_thread_nottingham_forest_vs_west_ham_united/,22.0,37.0,1ghyslj
497507,2024-11-02 15:00:00,FINISHED,10,Southampton,SOU,Southampton,Everton,EVE,Everton,1.0,0.0,Southampton FC,Andy Madley,1.0,Southampton vs Everton,Southampton,Everton,2024-11-02 15:00,2024-11-02 15:16,Match Thread: Southampton vs Everton | English Premier League,https://www.reddit.com/r/soccer/comments/1ghyovj/match_thread_southampton_vs_everton_english/,10.0,14.0,1ghyovj
497509,2024-11-02 17:30:00,FINISHED,10,Wolverhampton Wanderers,WOL,Wolverhampton,Crystal Palace,CRY,Crystal Palace,2.0,2.0,DRAW,Anthony Taylor,4.0,Wolverhampton Wanderers vs Crystal Palace,Wolverhampton Wanderers,Crystal Palace,2024-11-02 17:30,2024-11-02 17:35,Match Thread: Wolverhampton Wanderers vs Crystal Palace | English Premier League,https://www.reddit.com/r/soccer/comments/1gi1s3s/match_thread_wolverhampton_wanderers_vs_crystal/,13.0,358.0,1gi1s3s
497508,2024-11-03 14:00:00,FINISHED,10,Tottenham Hotspur,TOT,Tottenham,Aston Villa,AVL,Aston Villa,4.0,1.0,Tottenham Hotspur FC,Craig Pawson,5.0,Tottenham Hotspur vs Aston Villa,Tottenham Hotspur,Aston Villa,2024-11-03 14:00,2024-11-03 13:46,Match Thread: Tottenham vs Aston Villa | English Premier League 24/25 (Match Day 10),https://www.reddit.com/r/soccer/comments/1gin6i8/match_thread_tottenham_vs_aston_villa_english/,41.0,1370.0,1gin6i8
497504,2024-11-03 16:30:00,FINISHED,10,Manchester United,MUN,Man United,Chelsea,CHE,Chelsea,1.0,1.0,DRAW,Robert Jones,2.0,Manchester United vs Chelsea,Manchester United,Chelsea,2024-11-03 16:30,2024-11-03 16:19,Match Thread: Manchester United vs Chelsea | English Premier League 24/25 (Match Day 10),https://www.reddit.com/r/soccer/comments/1giqk9j/match_thread_manchester_united_vs_chelsea_english/,92.0,2989.0,1giqk9j
497501,2024-11-04 20:00:00,FINISHED,10,Fulham,FUL,Fulham,Brentford,BRE,Brentford,2.0,1.0,Fulham FC,Stuart Attwell,3.0,Fulham vs Brentford,Fulham,Brentford,2024-11-04 20:00,2024-11-04 19:53,Match Thread: Fulham vs Brentford | English Premier League,https://www.reddit.com/r/soccer/comments/1gjnhn6/match_thread_fulham_vs_brentford_english_premier/,25.0,319.0,1gjnhn6
497510,2024-11-09 15:00:00,FINISHED,11,Brentford,BRE,Brentford,A Bournemouth,BOU,Bournemouth,3.0,2.0,Brentford FC,Darren Bond,5.0,Brentford vs A Bournemouth,Brentford,A Bournemouth,2024-11-09 15:00,2024-11-09 15:02,Match Thread: Brentford vs AFC Bournemouth | English Premier League,https://www.reddit.com/r/soccer/comments/1gnbye9/match_thread_brentford_vs_afc_bournemouth_english/,11.0,39.0,1gnbye9
497513,2024-11-09 15:00:00,FINISHED,11,Crystal Palace,CRY,Crystal Palace,Fulham,FUL,Fulham,0.0,2.0,Fulham FC,Michael Salisbury,2.0,Crystal Palace vs Fulham,Crystal Palace,Fulham,2024-11-09 15:00,2024-11-09 15:01,Match Thread: Crystal Palace vs Fulham | English Premier League,https://www.reddit.com/r/soccer/comments/1gnby8a/match_thread_crystal_palace_vs_fulham_english/,10.0,69.0,1gnby8a
497518,2024-11-09 15:00:00,FINISHED,11,West Ham United,WHU,West Ham,Everton,EVE,Everton,0.0,0.0,DRAW,Stuart Attwell,0.0,West Ham United vs Everton,West Ham United,Everton,2024-11-09 15:00,2024-11-09 15:05,Match Thread: West Ham United vs Everton | English Premier League,https://www.reddit.com/r/soccer/comments/1gnc1ei/match_thread_west_ham_united_vs_everton_english/,6.0,43.0,1gnc1ei
497519,2024-11-09 15:00:00,FINISHED,11,Wolverhampton Wanderers,WOL,Wolverhampton,Southampton,SOU,Southampton,2.0,0.0,Wolverhampton Wanderers FC,Thomas Bramall,2.0,Wolverhampton Wanderers vs Southampton,,,,,,,,,
497511,2024-11-09 17:30:00,FINISHED,11,Brighton & Hove Albion,BHA,Brighton Hove,Manchester City,MCI,Man City,2.0,1.0,Brighton & Hove Albion FC,Sam Barrott,3.0,Brighton & Hove Albion vs Manchester City,Brighton & Hove Albion,Manchester City,2024-11-09 17:30,2024-11-09 19:29,Post Match Thread: Brighton 2-1 Manchester City | English Premier League 24/25 (Match Day 11),https://www.reddit.com/r/soccer/comments/1gnhuuj/post_match_thread_brighton_21_manchester_city/,1125.0,860.0,1gnhuuj
497514,2024-11-09 20:00:00,FINISHED,11,Liverpool,LIV,Liverpool,Aston Villa,AVL,Aston Villa,2.0,0.0,Liverpool FC,David Coote,2.0,Liverpool vs Aston Villa,Liverpool,Aston Villa,2024-11-09 20:00,2024-11-09 19:46,Match Thread: Liverpool vs Aston Villa | English Premier League 24/25 (Match Day 11),https://www.reddit.com/r/soccer/comments/1gni8iw/match_thread_liverpool_vs_aston_villa_english/,68.0,1918.0,1gni8iw
497515,2024-11-10 14:00:00,FINISHED,11,Manchester United,MUN,Man United,Leicester City,LEI,Leicester City,3.0,0.0,Manchester United FC,Peter Bankes,3.0,Manchester United vs Leicester City,Manchester United,Leicester City,2024-11-10 14:00,2024-11-10 14:03,Match Thread: Manchester United vs Leicester City | English Premier League,https://www.reddit.com/r/soccer/comments/1go1bno/match_thread_manchester_united_vs_leicester_city/,22.0,341.0,1go1bno
497516,2024-11-10 14:00:00,FINISHED,11,Nottingham Forest,NOT,Nottingham,Newcastle United,NEW,Newcastle,1.0,3.0,Newcastle United FC,Anthony Taylor,4.0,Nottingham Forest vs Newcastle United,Nottingham Forest,Newcastle United,2024-11-10 14:00,2024-11-10 14:10,Match Thread: Nottingham Forest vs Newcastle United | English Premier League,https://www.reddit.com/r/soccer/comments/1go1grf/match_thread_nottingham_forest_vs_newcastle/,16.0,449.0,1go1grf
497517,2024-11-10 14:00:00,FINISHED,11,Tottenham Hotspur,TOT,Tottenham,Ipswich Town,IPS,Ipswich Town,1.0,2.0,Ipswich Town FC,Darren England,3.0,Tottenham Hotspur vs Ipswich Town,Tottenham Hotspur,Ipswich Town,2024-11-10 14:00,2024-11-10 14:05,Match Thread: Tottenham Hotspur vs Ipswich Town | English Premier League,https://www.reddit.com/r/soccer/comments/1go1d1u/match_thread_tottenham_hotspur_vs_ipswich_town/,34.0,348.0,1go1d1u
497512,2024-11-10 16:30:00,FINISHED,11,Chelsea,CHE,Chelsea,Arsenal,ARS,Arsenal,1.0,1.0,DRAW,Michael Oliver,2.0,Chelsea vs Arsenal,Chelsea,Arsenal,2024-11-10 16:30,2024-11-10 16:17,Match Thread: Chelsea vs Arsenal | English Premier League 24/25 (Match Day 11),https://www.reddit.com/r/soccer/comments/1go47cv/match_thread_chelsea_vs_arsenal_english_premier/,74.0,4156.0,1go47cv
497526,2024-11-23 12:30:00,FINISHED,12,Leicester City,LEI,Leicester City,Chelsea,CHE,Chelsea,1.0,2.0,Chelsea FC,Andy Madley,3.0,Leicester City vs Chelsea,Leicester City,Chelsea,2024-11-23 12:30,2024-11-23 12:23,Match Thread: Leicester City vs Chelsea | English Premier League,https://www.reddit.com/r/soccer/comments/1gxygws/match_thread_leicester_city_vs_chelsea_english/,30.0,1091.0,1gxygws
497520,2024-11-23 15:00:00,FINISHED,12,A Bournemouth,BOU,Bournemouth,Brighton & Hove Albion,BHA,Brighton Hove,1.0,2.0,Brighton & Hove Albion FC,Stuart Attwell,3.0,A Bournemouth vs Brighton & Hove Albion,A Bournemouth,Brighton & Hove Albion,2024-11-23 15:00,2024-11-23 15:15,Match Thread: AFC Bournemouth vs Brighton & Hove Albion | English Premier League,https://www.reddit.com/r/soccer/comments/1gy1u9t/match_thread_afc_bournemouth_vs_brighton_hove/,3.0,32.0,1gy1u9t
497521,2024-11-23 15:00:00,FINISHED,12,Arsenal,ARS,Arsenal,Nottingham Forest,NOT,Nottingham,3.0,0.0,Arsenal FC,Simon Hooper,3.0,Arsenal vs Nottingham Forest,Arsenal,Nottingham Forest,2024-11-23 15:00,2024-11-23 14:58,Match Thread: Arsenal vs Nottingham Forest | English Premier League,https://www.reddit.com/r/soccer/comments/1gy1gh9/match_thread_arsenal_vs_nottingham_forest_english/,17.0,1060.0,1gy1gh9
497522,2024-11-23 15:00:00,FINISHED,12,Aston Villa,AVL,Aston Villa,Crystal Palace,CRY,Crystal Palace,2.0,2.0,DRAW,Tim Robinson,4.0,Aston Villa vs Crystal Palace,,,,,,,,,
497523,2024-11-23 15:00:00,FINISHED,12,Everton,EVE,Everton,Brentford,BRE,Brentford,0.0,0.0,DRAW,Chris Kavanagh,0.0,Everton vs Brentford,Everton,Brentford,2024-11-23 15:00,2024-11-23 14:58,Match Thread: Everton vs Brentford | English Premier League,https://www.reddit.com/r/soccer/comments/1gy1goq/match_thread_everton_vs_brentford_english_premier/,12.0,30.0,1gy1goq
497524,2024-11-23 15:00:00,FINISHED,12,Fulham,FUL,Fulham,Wolverhampton Wanderers,WOL,Wolverhampton,1.0,4.0,Wolverhampton Wanderers FC,Robert Jones,5.0,Fulham vs Wolverhampton Wanderers,Fulham,Wolverhampton Wanderers,2024-11-23 15:00,2024-11-23 15:18,Match Thread: Fulham vs Wolverhampton Wanderers | English Premier League,https://www.reddit.com/r/soccer/comments/1gy1wgx/match_thread_fulham_vs_wolverhampton_wanderers/,13.0,6.0,1gy1wgx
497527,2024-11-23 17:30:00,FINISHED,12,Manchester City,MCI,Man City,Tottenham Hotspur,TOT,Tottenham,0.0,4.0,Tottenham Hotspur FC,John Brooks,4.0,Manchester City vs Tottenham Hotspur,Manchester City,Tottenham Hotspur,2024-11-23 17:30,2024-11-23 17:18,Match Thread: Manchester City vs Tottenham | English Premier League 24/25 (Match Day 12),https://www.reddit.com/r/soccer/comments/1gy4nqo/match_thread_manchester_city_vs_tottenham_english/,144.0,3315.0,1gy4nqo
497529,2024-11-24 14:00:00,FINISHED,12,Southampton,SOU,Southampton,Liverpool,LIV,Liverpool,2.0,3.0,Liverpool FC,Sam Barrott,5.0,Southampton vs Liverpool,Southampton,Liverpool,2024-11-24 14:00,2024-11-24 14:08,Match Thread: Southampton vs Liverpool | English Premier League,https://www.reddit.com/r/soccer/comments/1gyrrah/match_thread_southampton_vs_liverpool_english/,69.0,2676.0,1gyrrah
497525,2024-11-24 16:30:00,FINISHED,12,Ipswich Town,IPS,Ipswich Town,Manchester United,MUN,Man United,1.0,1.0,DRAW,Anthony Taylor,2.0,Ipswich Town vs Manchester United,Ipswich Town,Manchester United,2024-11-24 16:30,2024-11-24 16:27,Match Thread: Ipswich vs Manchester United | English Premier League 24/25 (Match Day 12),https://www.reddit.com/r/soccer/comments/1gyuv1c/match_thread_ipswich_vs_manchester_united_english/,44.0,1869.0,1gyuv1c
497528,2024-11-25 20:00:00,FINISHED,12,Newcastle United,NEW,Newcastle,West Ham United,WHU,West Ham,0.0,2.0,West Ham United FC,Craig Pawson,2.0,Newcastle United vs West Ham United,Newcastle United,West Ham United,2024-11-25 20:00,2024-11-25 19:55,Match Thread: Newcastle United vs West Ham United | English Premier League,https://www.reddit.com/r/soccer/comments/1gzs4ix/match_thread_newcastle_united_vs_west_ham_united/,41.0,474.0,1gzs4ix
497531,2024-11-29 20:00:00,FINISHED,13,Brighton & Hove Albion,BHA,Brighton Hove,Southampton,SOU,Southampton,1.0,1.0,DRAW,Robert Jones,2.0,Brighton & Hove Albion vs Southampton,Brighton & Hove Albion,Southampton,2024-11-29 20:00,2024-11-29 19:47,Match Thread: Brighton & Hove Albion vs Southampton | English Premier League,https://www.reddit.com/r/soccer/comments/1h2u4ew/match_thread_brighton_hove_albion_vs_southampton/,16.0,388.0,1h2u4ew
497530,2024-11-30 15:00:00,FINISHED,13,Brentford,BRE,Brentford,Leicester City,LEI,Leicester City,4.0,1.0,Brentford FC,Michael Oliver,5.0,Brentford vs Leicester City,Brentford,Leicester City,2024-11-30 15:00,2024-11-30 14:55,Match Thread: Brentford vs Leicester City | English Premier League,https://www.reddit.com/r/soccer/comments/1h3e8rh/match_thread_brentford_vs_leicester_city_english/,13.0,23.0,1h3e8rh
497533,2024-11-30 15:00:00,FINISHED,13,Crystal Palace,CRY,Crystal Palace,Newcastle United,NEW,Newcastle,1.0,1.0,DRAW,Darren England,2.0,Crystal Palace vs Newcastle United,,,,,,,,,
497536,2024-11-30 15:00:00,FINISHED,13,Nottingham Forest,NOT,Nottingham,Ipswich Town,IPS,Ipswich Town,1.0,0.0,Nottingham Forest FC,Tony Harrington,1.0,Nottingham Forest vs Ipswich Town,Nottingham Forest,Ipswich Town,2024-11-30 15:00,2024-11-30 15:23,Match Thread: Nottingham Forest vs Ipswich Town | English Premier League,https://www.reddit.com/r/soccer/comments/1h3et68/match_thread_nottingham_forest_vs_ipswich_town/,9.0,10.0,1h3et68
497539,2024-11-30 15:00:00,FINISHED,13,Wolverhampton Wanderers,WOL,Wolverhampton,A Bournemouth,BOU,Bournemouth,2.0,4.0,AFC Bournemouth,Peter Bankes,6.0,Wolverhampton Wanderers vs A Bournemouth,Wolverhampton Wanderers,A Bournemouth,2024-11-30 15:00,2024-11-30 14:53,Match Thread: Wolverhampton Wanderers vs. Bournemouth | Premier League,https://www.reddit.com/r/soccer/comments/1h3e6zr/match_thread_wolverhampton_wanderers_vs/,22.0,121.0,1h3e6zr
497538,2024-11-30 17:30:00,FINISHED,13,West Ham United,WHU,West Ham,Arsenal,ARS,Arsenal,2.0,5.0,Arsenal FC,Anthony Taylor,7.0,West Ham United vs Arsenal,West Ham United,Arsenal,2024-11-30 17:30,2024-11-30 19:28,Post Match Thread: West Ham 2-5 Arsenal | English Premier League 24/25 (Match Day 13),https://www.reddit.com/r/soccer/comments/1h3k8ry/post_match_thread_west_ham_25_arsenal_english/,196.0,200.0,1h3k8ry
497532,2024-12-01 13:30:00,FINISHED,13,Chelsea,CHE,Chelsea,Aston Villa,AVL,Aston Villa,3.0,0.0,Chelsea FC,Stuart Attwell,3.0,Chelsea vs Aston Villa,Chelsea,Aston Villa,2024-12-01 13:30,2024-12-01 13:34,Match Thread: Chelsea vs Aston Villa | English Premier League,https://www.reddit.com/r/soccer/comments/1h43ed1/match_thread_chelsea_vs_aston_villa_english/,39.0,978.0,1h43ed1
497535,2024-12-01 13:30:00,FINISHED,13,Manchester United,MUN,Man United,Everton,EVE,Everton,4.0,0.0,Manchester United FC,John Brooks,4.0,Manchester United vs Everton,Manchester United,Everton,2024-12-01 13:30,2024-12-01 13:27,Match Thread: Manchester United vs Everton | English Premier League,https://www.reddit.com/r/soccer/comments/1h439a5/match_thread_manchester_united_vs_everton_english/,30.0,463.0,1h439a5
497537,2024-12-01 13:30:00,FINISHED,13,Tottenham Hotspur,TOT,Tottenham,Fulham,FUL,Fulham,1.0,1.0,DRAW,Darren Bond,2.0,Tottenham Hotspur vs Fulham,Tottenham Hotspur,Fulham,2024-12-01 13:30,2024-12-01 13:35,Match Thread: Tottenham Hotspur vs Fulham | English Premier League,https://www.reddit.com/r/soccer/comments/1h43ehd/match_thread_tottenham_hotspur_vs_fulham_english/,16.0,376.0,1h43ehd
497534,2024-12-01 16:00:00,FINISHED,13,Liverpool,LIV,Liverpool,Manchester City,MCI,Man City,2.0,0.0,Liverpool FC,Chris Kavanagh,2.0,Liverpool vs Manchester City,Liverpool,Manchester City,2024-12-01 16:00,2024-12-01 15:48,Match Thread: Liverpool vs Manchester City | English Premier League 24/25 (Match Day 13),https://www.reddit.com/r/soccer/comments/1h464hu/match_thread_liverpool_vs_manchester_city_english/,160.0,4399.0,1h464hu
497545,2024-12-03 19:30:00,FINISHED,14,Ipswich Town,IPS,Ipswich Town,Crystal Palace,CRY,Crystal Palace,0.0,1.0,Crystal Palace FC,Craig Pawson,1.0,Ipswich Town vs Crystal Palace,Ipswich Town,Crystal Palace,2024-12-03 19:30,2024-12-03 19:17,Match Thread: Ipswich Town vs. Crystal Palace | Premier League,https://www.reddit.com/r/soccer/comments/1h5vhkt/match_thread_ipswich_town_vs_crystal_palace/,18.0,172.0,1h5vhkt
497546,2024-12-03 20:15:00,FINISHED,14,Leicester City,LEI,Leicester City,West Ham United,WHU,West Ham,3.0,1.0,Leicester City FC,Joshua Smith,4.0,Leicester City vs West Ham United,Leicester City,West Ham United,2024-12-03 20:15,2024-12-03 20:03,Match Thread: Leicester City vs West Ham United | English Premier League,https://www.reddit.com/r/soccer/comments/1h5wn2q/match_thread_leicester_city_vs_west_ham_united/,21.0,315.0,1h5wn2q
497543,2024-12-04 19:30:00,FINISHED,14,Everton,EVE,Everton,Wolverhampton Wanderers,WOL,Wolverhampton,4.0,0.0,Everton FC,Michael Salisbury,4.0,Everton vs Wolverhampton Wanderers,Everton,Wolverhampton Wanderers,2024-12-04 19:30,2024-12-04 20:23,Match Thread: Everton vs Wolverhampton Wanderers | English Premier League,https://www.reddit.com/r/soccer/comments/1h6q5ds/match_thread_everton_vs_wolverhampton_wanderers/,18.0,18.0,1h6q5ds
497547,2024-12-04 19:30:00,FINISHED,14,Manchester City,MCI,Man City,Nottingham Forest,NOT,Nottingham,3.0,0.0,Manchester City FC,Michael Oliver,3.0,Manchester City vs Nottingham Forest,Manchester City,Nottingham Forest,2024-12-04 19:30,2024-12-04 19:15,Match Thread: Manchester City vs Nottingham Forest | English Premier League,https://www.reddit.com/r/soccer/comments/1h6ogfb/match_thread_manchester_city_vs_nottingham_forest/,18.0,178.0,1h6ogfb
497548,2024-12-04 19:30:00,FINISHED,14,Newcastle United,NEW,Newcastle,Liverpool,LIV,Liverpool,3.0,3.0,DRAW,Andy Madley,6.0,Newcastle United vs Liverpool,Newcastle United,Liverpool,2024-12-04 19:30,2024-12-04 19:35,Match Thread: Newcastle United vs Liverpool | English Premier League,https://www.reddit.com/r/soccer/comments/1h6oxxq/match_thread_newcastle_united_vs_liverpool/,52.0,1883.0,1h6oxxq
497549,2024-12-04 19:30:00,FINISHED,14,Southampton,SOU,Southampton,Chelsea,CHE,Chelsea,1.0,5.0,Chelsea FC,Tony Harrington,6.0,Southampton vs Chelsea,Southampton,Chelsea,2024-12-04 19:30,2024-12-04 19:17,Match Thread: Southampton vs Chelsea | English Premier League,https://www.reddit.com/r/soccer/comments/1h6oi11/match_thread_southampton_vs_chelsea_english/,36.0,528.0,1h6oi11
497541,2024-12-04 20:15:00,FINISHED,14,Arsenal,ARS,Arsenal,Manchester United,MUN,Man United,2.0,0.0,Arsenal FC,Sam Barrott,2.0,Arsenal vs Manchester United,Arsenal,Manchester United,2024-12-04 20:15,2024-12-04 19:55,Match Thread: Arsenal vs Manchester United | English Premier League,https://www.reddit.com/r/soccer/comments/1h6pfk8/match_thread_arsenal_vs_manchester_united_english/,61.0,1662.0,1h6pfk8
497542,2024-12-04 20:15:00,FINISHED,14,Aston Villa,AVL,Aston Villa,Brentford,BRE,Brentford,3.0,1.0,Aston Villa FC,Lewis Smith,4.0,Aston Villa vs Brentford,Aston Villa,Brentford,2024-12-04 20:15,2024-12-04 20:18,Match Thread: Aston Villa vs Brentford | English Premier League,https://www.reddit.com/r/soccer/comments/1h6q0ob/match_thread_aston_villa_vs_brentford_english/,20.0,30.0,1h6q0ob
497544,2024-12-05 19:30:00,FINISHED,14,Fulham,FUL,Fulham,Brighton & Hove Albion,BHA,Brighton Hove,3.0,1.0,Fulham FC,Peter Bankes,4.0,Fulham vs Brighton & Hove Albion,Fulham,Brighton & Hove Albion,2024-12-05 19:30,2024-12-05 19:35,Match Thread: Fulham vs Brighton & Hove Albion | English Premier League,https://www.reddit.com/r/soccer/comments/1h7hno0/match_thread_fulham_vs_brighton_hove_albion/,7.0,100.0,1h7hno0
497540,2024-12-05 20:15:00,FINISHED,14,A Bournemouth,BOU,Bournemouth,Tottenham Hotspur,TOT,Tottenham,1.0,0.0,AFC Bournemouth,Simon Hooper,1.0,A Bournemouth vs Tottenham Hotspur,A Bournemouth,Tottenham Hotspur,2024-12-05 20:15,2024-12-05 20:03,Match Thread: Bournemouth vs. Tottenham Hotspur | Premier League,https://www.reddit.com/r/soccer/comments/1h7ibys/match_thread_bournemouth_vs_tottenham_hotspur/,20.0,632.0,1h7ibys
497550,2024-12-07 15:00:00,FINISHED,15,Aston Villa,AVL,Aston Villa,Southampton,SOU,Southampton,1.0,0.0,Aston Villa FC,Darren Bond,1.0,Aston Villa vs Southampton,Aston Villa,Southampton,2024-12-07 15:00,2024-12-07 15:40,Match Thread: Aston Villa vs Southampton | English Premier League,https://www.reddit.com/r/soccer/comments/1h8v2pl/match_thread_aston_villa_vs_southampton_english/,18.0,5.0,1h8v2pl
497551,2024-12-07 15:00:00,FINISHED,15,Brentford,BRE,Brentford,Newcastle United,NEW,Newcastle,4.0,2.0,Brentford FC,Tim Robinson,6.0,Brentford vs Newcastle United,Brentford,Newcastle United,2024-12-07 15:00,2024-12-07 15:04,Match Thread: Brentford vs Newcastle United | English Premier League,https://www.reddit.com/r/soccer/comments/1h8ubxh/match_thread_brentford_vs_newcastle_united/,11.0,70.0,1h8ubxh
497552,2024-12-07 15:00:00,FINISHED,15,Crystal Palace,CRY,Crystal Palace,Manchester City,MCI,Man City,2.0,2.0,DRAW,Robert Jones,4.0,Crystal Palace vs Manchester City,Crystal Palace,Manchester City,2024-12-07 15:00,2024-12-07 14:47,Match Thread: Crystal Palace vs Manchester City | English Premier League,https://www.reddit.com/r/soccer/comments/1h8tz05/match_thread_crystal_palace_vs_manchester_city/,45.0,1058.0,1h8tz05
497557,2024-12-07 17:30:00,FINISHED,15,Manchester United,MUN,Man United,Nottingham Forest,NOT,Nottingham,2.0,3.0,Nottingham Forest FC,Darren England,5.0,Manchester United vs Nottingham Forest,Manchester United,Nottingham Forest,2024-12-07 17:30,2024-12-07 17:14,Match Thread: Manchester United vs Nottingham Forest | English Premier League 24/25 (Match Day 15),https://www.reddit.com/r/soccer/comments/1h8x4d0/match_thread_manchester_united_vs_nottingham/,43.0,1769.0,1h8x4d0
497554,2024-12-08 14:00:00,FINISHED,15,Fulham,FUL,Fulham,Arsenal,ARS,Arsenal,1.0,1.0,DRAW,Chris Kavanagh,2.0,Fulham vs Arsenal,Fulham,Arsenal,2024-12-08 14:00,2024-12-08 13:53,Match Thread: Fulham vs Arsenal | English Premier League,https://www.reddit.com/r/soccer/comments/1h9jagx/match_thread_fulham_vs_arsenal_english_premier/,37.0,1792.0,1h9jagx
497555,2024-12-08 14:00:00,FINISHED,15,Ipswich Town,IPS,Ipswich Town,A Bournemouth,BOU,Bournemouth,1.0,2.0,AFC Bournemouth,Michael Salisbury,3.0,Ipswich Town vs A Bournemouth,,,,,,,,,
497556,2024-12-08 14:00:00,FINISHED,15,Leicester City,LEI,Leicester City,Brighton & Hove Albion,BHA,Brighton Hove,2.0,2.0,DRAW,Stuart Attwell,4.0,Leicester City vs Brighton & Hove Albion,Leicester City,Brighton & Hove Albion,2024-12-08 14:00,2024-12-08 14:09,Match Thread: Leicester City vs Brighton & Hove Albion | English Premier League,https://www.reddit.com/r/soccer/comments/1h9jm02/match_thread_leicester_city_vs_brighton_hove/,18.0,64.0,1h9jm02
497558,2024-12-08 16:30:00,FINISHED,15,Tottenham Hotspur,TOT,Tottenham,Chelsea,CHE,Chelsea,3.0,4.0,Chelsea FC,Anthony Taylor,7.0,Tottenham Hotspur vs Chelsea,Tottenham Hotspur,Chelsea,2024-12-08 16:30,2024-12-08 16:21,Match Thread: Tottenham Hotspur vs Chelsea | English Premier League,https://www.reddit.com/r/soccer/comments/1h9md5u/match_thread_tottenham_hotspur_vs_chelsea_english/,98.0,4203.0,1h9md5u
497559,2024-12-09 20:00:00,FINISHED,15,West Ham United,WHU,West Ham,Wolverhampton Wanderers,WOL,Wolverhampton,2.0,1.0,West Ham United FC,John Brooks,3.0,West Ham United vs Wolverhampton Wanderers,West Ham United,Wolverhampton Wanderers,2024-12-09 20:00,2024-12-09 19:50,Match Thread: West Ham United vs Wolverhampton Wanderers | English Premier League,https://www.reddit.com/r/soccer/comments/1haikl1/match_thread_west_ham_united_vs_wolverhampton/,23.0,565.0,1haikl1
497561,2024-12-14 15:00:00,FINISHED,16,Arsenal,ARS,Arsenal,Everton,EVE,Everton,0.0,0.0,DRAW,Craig Pawson,0.0,Arsenal vs Everton,Arsenal,Everton,2024-12-14 15:00,2024-12-14 14:59,Match Thread: Arsenal vs Everton | English Premier League,https://www.reddit.com/r/soccer/comments/1he4mq1/match_thread_arsenal_vs_everton_english_premier/,19.0,595.0,1he4mq1
497564,2024-12-14 15:00:00,FINISHED,16,Liverpool,LIV,Liverpool,Fulham,FUL,Fulham,2.0,2.0,DRAW,Tony Harrington,4.0,Liverpool vs Fulham,Liverpool,Fulham,2024-12-14 15:00,2024-12-14 15:09,Match Thread: Liverpool vs Fulham | English Premier League,https://www.reddit.com/r/soccer/comments/1he4up9/match_thread_liverpool_vs_fulham_english_premier/,46.0,1741.0,1he4up9
497566,2024-12-14 15:00:00,FINISHED,16,Newcastle United,NEW,Newcastle,Leicester City,LEI,Leicester City,4.0,0.0,Newcastle United FC,Thomas Bramall,4.0,Newcastle United vs Leicester City,Newcastle United,Leicester City,2024-12-14 15:00,2024-12-14 14:54,Match Thread: Newcastle United vs Leicester City | English Premier League,https://www.reddit.com/r/soccer/comments/1he4j5o/match_thread_newcastle_united_vs_leicester_city/,17.0,97.0,1he4j5o
497569,2024-12-14 15:00:00,FINISHED,16,Wolverhampton Wanderers,WOL,Wolverhampton,Ipswich Town,IPS,Ipswich Town,1.0,2.0,Ipswich Town FC,Simon Hooper,3.0,Wolverhampton Wanderers vs Ipswich Town,,,,,,,,,
497567,2024-12-14 17:30:00,FINISHED,16,Nottingham Forest,NOT,Nottingham,Aston Villa,AVL,Aston Villa,2.0,1.0,Nottingham Forest FC,Sam Barrott,3.0,Nottingham Forest vs Aston Villa,Nottingham Forest,Aston Villa,2024-12-14 17:30,2024-12-14 17:59,Match Thread: Nottingham Forest vs Aston Villa | English Premier League,https://www.reddit.com/r/soccer/comments/1he8fsc/match_thread_nottingham_forest_vs_aston_villa/,36.0,519.0,1he8fsc
497562,2024-12-15 14:00:00,FINISHED,16,Brighton & Hove Albion,BHA,Brighton Hove,Crystal Palace,CRY,Crystal Palace,1.0,3.0,Crystal Palace FC,Michael Oliver,4.0,Brighton & Hove Albion vs Crystal Palace,Brighton & Hove Albion,Crystal Palace,2024-12-15 14:00,2024-12-15 14:00,Match Thread: Brighton & Hove Albion vs Crystal Palace | English Premier League,https://www.reddit.com/r/soccer/comments/1het4zt/match_thread_brighton_hove_albion_vs_crystal/,23.0,562.0,1het4zt
497565,2024-12-15 16:30:00,FINISHED,16,Manchester City,MCI,Man City,Manchester United,MUN,Man United,1.0,2.0,Manchester United FC,Anthony Taylor,3.0,Manchester City vs Manchester United,Manchester City,Manchester United,2024-12-15 16:30,2024-12-15 16:12,Match Thread: Manchester City vs Manchester United | English Premier League,https://www.reddit.com/r/soccer/comments/1hevtzi/match_thread_manchester_city_vs_manchester_united/,150.0,5590.0,1hevtzi
497563,2024-12-15 19:00:00,FINISHED,16,Chelsea,CHE,Chelsea,Brentford,BRE,Brentford,2.0,1.0,Chelsea FC,Peter Bankes,3.0,Chelsea vs Brentford,Chelsea,Brentford,2024-12-15 19:00,2024-12-15 18:59,Match Thread: Chelsea vs Brentford | English Premier League 24/25 (Match Day 16),https://www.reddit.com/r/soccer/comments/1hezjvj/match_thread_chelsea_vs_brentford_english_premier/,35.0,708.0,1hezjvj
497568,2024-12-15 19:00:00,FINISHED,16,Southampton,SOU,Southampton,Tottenham Hotspur,TOT,Tottenham,0.0,5.0,Tottenham Hotspur FC,Darren England,5.0,Southampton vs Tottenham Hotspur,Southampton,Tottenham Hotspur,2024-12-15 19:00,2024-12-15 19:07,Match Thread: Southampton vs Tottenham Hotspur | English Premier League,https://www.reddit.com/r/soccer/comments/1hezqgi/match_thread_southampton_vs_tottenham_hotspur/,55.0,404.0,1hezqgi
497560,2024-12-16 20:00:00,FINISHED,16,A Bournemouth,BOU,Bournemouth,West Ham United,WHU,West Ham,1.0,1.0,DRAW,Chris Kavanagh,2.0,A Bournemouth vs West Ham United,A Bournemouth,West Ham United,2024-12-16 20:00,2024-12-16 19:48,Match Thread: Bournemouth vs. West Ham United | Premier League,https://www.reddit.com/r/soccer/comments/1hfrpv5/match_thread_bournemouth_vs_west_ham_united/,18.0,280.0,1hfrpv5
497570,2024-12-21 12:30:00,FINISHED,17,Aston Villa,AVL,Aston Villa,Manchester City,MCI,Man City,2.0,1.0,Aston Villa FC,Peter Bankes,3.0,Aston Villa vs Manchester City,Aston Villa,Manchester City,2024-12-21 12:30,2024-12-21 12:35,Match Thread: Aston Villa vs Manchester City | English Premier League,https://www.reddit.com/r/soccer/comments/1hj8zmk/match_thread_aston_villa_vs_manchester_city/,147.0,2219.0,1hj8zmk
497571,2024-12-21 15:00:00,FINISHED,17,Brentford,BRE,Brentford,Nottingham Forest,NOT,Nottingham,0.0,2.0,Nottingham Forest FC,Michael Oliver,2.0,Brentford vs Nottingham Forest,Brentford,Nottingham Forest,2024-12-21 15:00,2024-12-21 15:08,Match Thread: Brentford vs Nottingham Forest | English Premier League,https://www.reddit.com/r/soccer/comments/1hjbo4t/match_thread_brentford_vs_nottingham_forest/,18.0,67.0,1hjbo4t
497575,2024-12-21 15:00:00,FINISHED,17,Ipswich Town,IPS,Ipswich Town,Newcastle United,NEW,Newcastle,0.0,4.0,Newcastle United FC,Stuart Attwell,4.0,Ipswich Town vs Newcastle United,Ipswich Town,Newcastle United,2024-12-21 15:00,2024-12-21 15:06,Match Thread: Ipswich Town vs Newcastle United | English Premier League,https://www.reddit.com/r/soccer/comments/1hjbmqr/match_thread_ipswich_town_vs_newcastle_united/,13.0,78.0,1hjbmqr
497579,2024-12-21 15:00:00,FINISHED,17,West Ham United,WHU,West Ham,Brighton & Hove Albion,BHA,Brighton Hove,1.0,1.0,DRAW,Robert Jones,2.0,West Ham United vs Brighton & Hove Albion,,,,,,,,,
497572,2024-12-21 17:30:00,FINISHED,17,Crystal Palace,CRY,Crystal Palace,Arsenal,ARS,Arsenal,1.0,5.0,Arsenal FC,Simon Hooper,6.0,Crystal Palace vs Arsenal,Crystal Palace,Arsenal,2024-12-21 17:30,2024-12-21 17:25,Match Thread: Crystal Palace vs Arsenal | English Premier League 24/25 (Match Day 17),https://www.reddit.com/r/soccer/comments/1hjeiun/match_thread_crystal_palace_vs_arsenal_english/,39.0,1384.0,1hjeiun
497573,2024-12-22 14:00:00,FINISHED,17,Everton,EVE,Everton,Chelsea,CHE,Chelsea,0.0,0.0,DRAW,Chris Kavanagh,0.0,Everton vs Chelsea,Everton,Chelsea,2024-12-22 14:00,2024-12-22 14:14,Match Thread: Everton vs Chelsea | English Premier League,https://www.reddit.com/r/soccer/comments/1hjz9l3/match_thread_everton_vs_chelsea_english_premier/,32.0,858.0,1hjz9l3
497574,2024-12-22 14:00:00,FINISHED,17,Fulham,FUL,Fulham,Southampton,SOU,Southampton,0.0,0.0,DRAW,Tim Robinson,0.0,Fulham vs Southampton,Fulham,Southampton,2024-12-22 14:00,2024-12-22 13:58,Match Thread: Fulham vs Southampton | English Premier League,https://www.reddit.com/r/soccer/comments/1hjyzjt/match_thread_fulham_vs_southampton_english/,14.0,20.0,1hjyzjt
497576,2024-12-22 14:00:00,FINISHED,17,Leicester City,LEI,Leicester City,Wolverhampton Wanderers,WOL,Wolverhampton,0.0,3.0,Wolverhampton Wanderers FC,Anthony Taylor,3.0,Leicester City vs Wolverhampton Wanderers,Leicester City,Wolverhampton Wanderers,2024-12-22 14:00,2024-12-22 13:56,Match Thread: Leicester City vs Wolverhampton Wanderers | English Premier League,https://www.reddit.com/r/soccer/comments/1hjyyar/match_thread_leicester_city_vs_wolverhampton/,5.0,59.0,1hjyyar
497577,2024-12-22 14:00:00,FINISHED,17,Manchester United,MUN,Man United,A Bournemouth,BOU,Bournemouth,0.0,3.0,AFC Bournemouth,Craig Pawson,3.0,Manchester United vs A Bournemouth,Manchester United,A Bournemouth,2024-12-22 14:00,2024-12-22 13:59,Match Thread: Manchester United vs AFC Bournemouth | English Premier League,https://www.reddit.com/r/soccer/comments/1hjyzz8/match_thread_manchester_united_vs_afc_bournemouth/,38.0,951.0,1hjyzz8
497578,2024-12-22 16:30:00,FINISHED,17,Tottenham Hotspur,TOT,Tottenham,Liverpool,LIV,Liverpool,3.0,6.0,Liverpool FC,Sam Barrott,9.0,Tottenham Hotspur vs Liverpool,Tottenham Hotspur,Liverpool,2024-12-22 16:30,2024-12-22 16:19,Match Thread: Tottenham vs Liverpool | English Premier League 24/25 (Match Day 17),https://www.reddit.com/r/soccer/comments/1hk1prp/match_thread_tottenham_vs_liverpool_english/,87.0,3172.0,1hk1prp
497585,2024-12-26 12:30:00,FINISHED,18,Manchester City,MCI,Man City,Everton,EVE,Everton,1.0,1.0,DRAW,Simon Hooper,2.0,Manchester City vs Everton,Manchester City,Everton,2024-12-26 12:30,2024-12-26 12:27,Match Thread: Manchester City vs Everton | English Premier League,https://www.reddit.com/r/soccer/comments/1hmndcy/match_thread_manchester_city_vs_everton_english/,142.0,2024.0,1hmndcy
497580,2024-12-26 15:00:00,FINISHED,18,A Bournemouth,BOU,Bournemouth,Crystal Palace,CRY,Crystal Palace,0.0,0.0,DRAW,Thomas Bramall,0.0,A Bournemouth vs Crystal Palace,A Bournemouth,Crystal Palace,2024-12-26 15:00,2024-12-26 15:06,Match Thread: AFC Bournemouth vs Crystal Palace | English Premier League,https://www.reddit.com/r/soccer/comments/1hmq5eo/match_thread_afc_bournemouth_vs_crystal_palace/,18.0,13.0,1hmq5eo
497583,2024-12-26 15:00:00,FINISHED,18,Chelsea,CHE,Chelsea,Fulham,FUL,Fulham,1.0,2.0,Fulham FC,Sam Barrott,3.0,Chelsea vs Fulham,Chelsea,Fulham,2024-12-26 15:00,2024-12-26 14:45,Match Thread: Chelsea vs Fulham | English Premier League,https://www.reddit.com/r/soccer/comments/1hmpqbt/match_thread_chelsea_vs_fulham_english_premier/,35.0,641.0,1hmpqbt
497586,2024-12-26 15:00:00,FINISHED,18,Newcastle United,NEW,Newcastle,Aston Villa,AVL,Aston Villa,3.0,0.0,Newcastle United FC,Anthony Taylor,3.0,Newcastle United vs Aston Villa,Newcastle United,Aston Villa,2024-12-26 15:00,2024-12-26 15:02,Match Thread: Newcastle United vs Aston Villa | English Premier League,https://www.reddit.com/r/soccer/comments/1hmq2tx/match_thread_newcastle_united_vs_aston_villa/,36.0,486.0,1hmq2tx
497587,2024-12-26 15:00:00,FINISHED,18,Nottingham Forest,NOT,Nottingham,Tottenham Hotspur,TOT,Tottenham,1.0,0.0,Nottingham Forest FC,Craig Pawson,1.0,Nottingham Forest vs Tottenham Hotspur,Nottingham Forest,Tottenham Hotspur,2024-12-26 15:00,2024-12-26 15:33,Match Thread: Nottingham Forest vs Tottenham Hotspur | English Premier League,https://www.reddit.com/r/soccer/comments/1hmqp84/match_thread_nottingham_forest_vs_tottenham/,43.0,198.0,1hmqp84
497588,2024-12-26 15:00:00,FINISHED,18,Southampton,SOU,Southampton,West Ham United,WHU,West Ham,0.0,1.0,West Ham United FC,Lewis Smith,1.0,Southampton vs West Ham United,Southampton,West Ham United,2024-12-26 15:00,2024-12-26 15:23,Match Thread: Southampton vs West Ham United | English Premier League,https://www.reddit.com/r/soccer/comments/1hmqhcd/match_thread_southampton_vs_west_ham_united/,19.0,23.0,1hmqhcd
497589,2024-12-26 17:30:00,FINISHED,18,Wolverhampton Wanderers,WOL,Wolverhampton,Manchester United,MUN,Man United,2.0,0.0,Wolverhampton Wanderers FC,Tony Harrington,2.0,Wolverhampton Wanderers vs Manchester United,Wolverhampton Wanderers,Manchester United,2024-12-26 17:30,2024-12-26 17:18,Match Thread: Wolves vs Manchester United | English Premier League 24/25 (BOXING DAY),https://www.reddit.com/r/soccer/comments/1hmt05k/match_thread_wolves_vs_manchester_united_english/,66.0,1663.0,1hmt05k
497584,2024-12-26 20:00:00,FINISHED,18,Liverpool,LIV,Liverpool,Leicester City,LEI,Leicester City,3.0,1.0,Liverpool FC,Darren Bond,4.0,Liverpool vs Leicester City,Liverpool,Leicester City,2024-12-26 20:00,2024-12-26 19:50,Match Thread: Liverpool vs Leicester City | English Premier League,https://www.reddit.com/r/soccer/comments/1hmwcqz/match_thread_liverpool_vs_leicester_city_english/,90.0,2586.0,1hmwcqz
497582,2024-12-27 19:30:00,FINISHED,18,Brighton & Hove Albion,BHA,Brighton Hove,Brentford,BRE,Brentford,0.0,0.0,DRAW,Andy Madley,0.0,Brighton & Hove Albion vs Brentford,Brighton & Hove Albion,Brentford,2024-12-27 19:30,2024-12-27 19:39,Match Thread: Brighton & Hove Albion vs Brentford | English Premier League,https://www.reddit.com/r/soccer/comments/1hnn04h/match_thread_brighton_hove_albion_vs_brentford/,25.0,377.0,1hnn04h
497581,2024-12-27 20:15:00,FINISHED,18,Arsenal,ARS,Arsenal,Ipswich Town,IPS,Ipswich Town,1.0,0.0,Arsenal FC,Darren England,1.0,Arsenal vs Ipswich Town,Arsenal,Ipswich Town,2024-12-27 20:15,2024-12-27 20:13,Match Thread: Arsenal vs Ipswich Town | English Premier League,https://www.reddit.com/r/soccer/comments/1hnnrt4/match_thread_arsenal_vs_ipswich_town_english/,60.0,1670.0,1hnnrt4
497596,2024-12-29 14:30:00,FINISHED,19,Leicester City,LEI,Leicester City,Manchester City,MCI,Man City,0.0,2.0,Manchester City FC,Michael Oliver,2.0,Leicester City vs Manchester City,Leicester City,Manchester City,2024-12-29 14:30,2024-12-29 14:20,Match Thread: Leicester City vs Manchester City | English Premier League,https://www.reddit.com/r/soccer/comments/1howxd7/match_thread_leicester_city_vs_manchester_city/,45.0,894.0,1howxd7
497592,2024-12-29 15:00:00,FINISHED,19,Crystal Palace,CRY,Crystal Palace,Southampton,SOU,Southampton,2.0,1.0,Crystal Palace FC,Michael Salisbury,3.0,Crystal Palace vs Southampton,Crystal Palace,Southampton,2024-12-29 15:00,2024-12-29 15:02,Match Thread: Crystal Palace vs Southampton | English Premier League,https://www.reddit.com/r/soccer/comments/1hoxqjy/match_thread_crystal_palace_vs_southampton/,13.0,20.0,1hoxqjy
497593,2024-12-29 15:00:00,FINISHED,19,Everton,EVE,Everton,Nottingham Forest,NOT,Nottingham,0.0,2.0,Nottingham Forest FC,Tony Harrington,2.0,Everton vs Nottingham Forest,Everton,Nottingham Forest,2024-12-29 15:00,2024-12-29 14:56,Match Thread: Everton vs Nottingham Forest | English Premier League,https://www.reddit.com/r/soccer/comments/1hoxlr0/match_thread_everton_vs_nottingham_forest_english/,26.0,60.0,1hoxlr0
497594,2024-12-29 15:00:00,FINISHED,19,Fulham,FUL,Fulham,A Bournemouth,BOU,Bournemouth,2.0,2.0,DRAW,Robert Jones,4.0,Fulham vs A Bournemouth,,,,,,,,,
497598,2024-12-29 15:00:00,FINISHED,19,Tottenham Hotspur,TOT,Tottenham,Wolverhampton Wanderers,WOL,Wolverhampton,2.0,2.0,DRAW,Chris Kavanagh,4.0,Tottenham Hotspur vs Wolverhampton Wanderers,Tottenham Hotspur,Wolverhampton Wanderers,2024-12-29 15:00,2024-12-29 15:04,Match Thread: Tottenham Hotspur vs Wolverhampton Wanderers | English Premier League,https://www.reddit.com/r/soccer/comments/1hoxrvr/match_thread_tottenham_hotspur_vs_wolverhampton/,33.0,462.0,1hoxrvr
497599,2024-12-29 17:15:00,FINISHED,19,West Ham United,WHU,West Ham,Liverpool,LIV,Liverpool,0.0,5.0,Liverpool FC,Anthony Taylor,5.0,West Ham United vs Liverpool,West Ham United,Liverpool,2024-12-29 17:15,2024-12-29 17:06,Match Thread: West Ham vs Liverpool | English Premier League 24/25 (Match Day 19),https://www.reddit.com/r/soccer/comments/1hp0e7p/match_thread_west_ham_vs_liverpool_english/,59.0,1211.0,1hp0e7p
497590,2024-12-30 19:45:00,FINISHED,19,Aston Villa,AVL,Aston Villa,Brighton & Hove Albion,BHA,Brighton Hove,2.0,2.0,DRAW,Craig Pawson,4.0,Aston Villa vs Brighton & Hove Albion,Aston Villa,Brighton & Hove Albion,2024-12-30 19:45,2024-12-30 19:46,Match Thread: Aston Villa vs Brighton & Hove Albion | English Premier League,https://www.reddit.com/r/soccer/comments/1hpvn6v/match_thread_aston_villa_vs_brighton_hove_albion/,21.0,144.0,1hpvn6v
497595,2024-12-30 19:45:00,FINISHED,19,Ipswich Town,IPS,Ipswich Town,Chelsea,CHE,Chelsea,2.0,0.0,Ipswich Town FC,John Brooks,2.0,Ipswich Town vs Chelsea,Ipswich Town,Chelsea,2024-12-30 19:45,2024-12-30 19:52,Match Thread: Ipswich Town vs Chelsea | English Premier League,https://www.reddit.com/r/soccer/comments/1hpvsnu/match_thread_ipswich_town_vs_chelsea_english/,34.0,864.0,1hpvsnu
497597,2024-12-30 20:00:00,FINISHED,19,Manchester United,MUN,Man United,Newcastle United,NEW,Newcastle,0.0,2.0,Newcastle United FC,Simon Hooper,2.0,Manchester United vs Newcastle United,Manchester United,Newcastle United,2024-12-30 20:00,2024-12-30 19:53,Match Thread: Manchester United vs Newcastle | English Premier League 24/25 (Match Day 19),https://www.reddit.com/r/soccer/comments/1hpvtd9/match_thread_manchester_united_vs_newcastle/,87.0,2985.0,1hpvtd9
497591,2025-01-01 17:30:00,FINISHED,19,Brentford,BRE,Brentford,Arsenal,ARS,Arsenal,1.0,3.0,Arsenal FC,Peter Bankes,4.0,Brentford vs Arsenal,Brentford,Arsenal,2025-01-01 17:30,2025-01-01 17:27,Match Thread: Brentford vs Arsenal | English Premier League,https://www.reddit.com/r/soccer/comments/1hr7kdb/match_thread_brentford_vs_arsenal_english_premier/,81.0,1932.0,1hr7kdb
497553,2025-02-12 19:30:00,FINISHED,15,Everton,EVE,Everton,Liverpool,LIV,Liverpool,2.0,2.0,DRAW,Michael Oliver,4.0,Everton vs Liverpool,Everton,Liverpool,2025-02-12 19:30,2025-02-12 19:21,Match Thread: Everton vs Liverpool | English Premier League 2024-2025 (Match Day 24) - Final Merseyside Derby at Goodison Park,https://www.reddit.com/r/soccer/comments/1inz7qb/match_thread_everton_vs_liverpool_english_premier/,74.0,3256.0,1inz7qb
