,match_id,utc_date,matchday,status,home_team,home_team_tla,away_team,away_team_tla,Lineup_Home,Lineup_Away,home_score,away_score,winner,referee,Day,Date,Time,Venue,Attendance,Manager_Home,Manager_Away,xG_Home,xG_Away,Possession_Home,Possession_Away,Shots_on_Target_Home,Shots_on_Target_Away,Fouls_Home,Fouls_Away,Corners_Home,Corners_Away,Yellow_Cards_Home,Yellow_Cards_Away,Red_Cards_Home,Red_Cards_Away,Touches_Home,Touches_Away,Tackles_Home,Tackles_Away,match_id.1,Reddit_Thread_URL,upvotes,comments,source,post_date,submission_id
0,497410,2024-08-16 19:00:00,1,FINISHED,Manchester United,MUN,Fulham,FUL,4-2-3-1,4-2-3-1,1,0,Manchester United FC,Robert Jones,Fri,2024-08-16,20:00 (02:00),Old Trafford,73297,Erik ten Hag,Marco Silva,2.4,0.4,0.55,0.45,0.36,0.2,12,10,7,8,2,3,0,0,640.0,540.0,21.0,24.0,497410,https://www.reddit.com/r/soccer/comments/1etwv7n/match_thread_manchester_united_vs_fulham_english/,175.0,3826.0,MatchThreadder,2024-08-16 18:55:00,1etwv7n
1,497411,2024-08-17 11:30:00,1,FINISHED,Ipswich Town,IPS,Liverpool,LIV,4-2-3-1,4-2-3-1,0,2,Liverpool FC,Tim Robinson,Sat,2024-08-17,12:30 (18:30),Portman Road Stadium,30014,Kieran McKenna,Arne Slot,0.5,2.6,0.38,0.62,0.29,0.28,9,18,2,10,3,1,0,0,497.0,720.0,20.0,9.0,497411,https://www.reddit.com/r/soccer/comments/1eufbfh/match_thread_ipswich_town_vs_liverpool_english/,103.0,2349.0,VivaLosHeavies,2024-08-17 11:18:00,1eufbfh
2,497412,2024-08-17 14:00:00,1,FINISHED,Arsenal,ARS,Wolverhampton Wanderers,WOL,4-3-3,4-2-3-1,2,0,Arsenal FC,Jarred Gillett,Sat,2024-08-17,15:00 (21:00),Emirates Stadium,60261,Mikel Arteta,Gary O'Neil,1.2,0.5,0.53,0.47,0.33,0.33,17,14,8,2,2,2,0,0,569.0,493.0,18.0,19.0,497412,https://www.reddit.com/r/soccer/comments/1eui1ym/match_thread_arsenal_vs_wolverhampton_wanderers/,57.0,1375.0,MatchThreadder,2024-08-17 13:43:00,1eui1ym
3,497413,2024-08-17 14:00:00,1,FINISHED,Everton,EVE,Brighton & Hove Albion,BHA,4-2-3-1,4-2-3-1,0,3,Brighton & Hove Albion FC,Simon Hooper,Sat,2024-08-17,15:00 (21:00),Goodison Park,39217,Sean Dyche,Fabian Hürzeler,0.5,1.4,0.4,0.6,0.11,0.5,8,8,1,5,1,1,1,0,499.0,711.0,23.0,21.0,497413,https://www.reddit.com/r/soccer/comments/1eui26i/match_thread_everton_vs_brighton_hove_albion/,21.0,196.0,MatchThreadder,2024-08-17 13:43:00,1eui26i
4,497414,2024-08-17 14:00:00,1,FINISHED,Newcastle United,NEW,Southampton,SOU,4-3-3,3-5-2,1,0,Newcastle United FC,Craig Pawson,Sat,2024-08-17,15:00 (21:00),St James' Park,52196,Eddie Howe,Russell Martin,0.3,1.8,0.23,0.77,0.33,0.16,15,16,3,12,2,4,1,0,317.0,788.0,16.0,13.0,497414,https://www.reddit.com/r/soccer/comments/1eui3pz/match_thread_newcastle_united_vs_southampton/,29.0,267.0,MatchThreadder,2024-08-17 13:45:00,1eui3pz
5,497415,2024-08-17 14:00:00,1,FINISHED,Nottingham Forest,NOT,Bournemouth,BOU,4-2-3-1,4-2-3-1,1,1,DRAW,Michael Oliver,Sat,2024-08-17,15:00 (21:00),The City Ground,29763,Nuno Espírito Santo,Andoni Iraola,1.3,1.2,0.53,0.47,0.57,0.31,17,8,2,6,1,3,0,0,677.0,628.0,24.0,18.0,497415,https://www.reddit.com/r/soccer/comments/1eui74j/match_thread_nottingham_forest_vs_afc_bournemouth/,14.0,44.0,MatchThreadder,2024-08-17 13:50:00,1eui74j
6,497416,2024-08-17 16:30:00,1,FINISHED,West Ham United,WHU,Aston Villa,AVL,4-1-4-1,4-2-3-1,1,2,Aston Villa FC,Tony Harrington,Sat,2024-08-17,17:30 (23:30),London Stadium,62463,Lopetegui,Unai Emery,2.3,2.0,0.52,0.48,0.15,0.2,18,11,5,3,1,2,0,0,571.0,561.0,14.0,24.0,497416,https://www.reddit.com/r/soccer/comments/1eullxa/match_thread_west_ham_united_vs_aston_villa/,40.0,611.0,MatchThreadder,2024-08-17 16:22:00,1eullxa
7,497417,2024-08-18 13:00:00,1,FINISHED,Brentford,BRE,Crystal Palace,CRY,4-3-3,3-4-3,2,1,Brentford FC,Sam Barrott,Sun,2024-08-18,14:00 (20:00),Gtech Community Stadium,16988,Thomas Frank,Oliver Glasner,1.6,1.2,0.46,0.54,0.56,0.43,6,15,4,7,1,5,0,0,542.0,640.0,19.0,22.0,497417,https://www.reddit.com/r/soccer/comments/1ev8sh0/match_thread_brentford_vs_crystal_palace_english/,40.0,749.0,MatchThreadder,2024-08-18 13:05:00,1ev8sh0
8,497418,2024-08-18 15:30:00,1,FINISHED,Chelsea,CHE,Manchester City,MCI,4-2-3-1,3-2-4-1,0,2,Manchester City FC,Anthony Taylor,Sun,2024-08-18,16:30 (22:30),Stamford Bridge,39818,Enzo Maresca,Pep Guardiola,1.0,0.8,0.48,0.52,0.3,0.45,12,9,4,3,1,1,0,0,629.0,664.0,20.0,16.0,497418,https://www.reddit.com/r/soccer/comments/1evbj42/match_thread_chelsea_vs_manchester_city_english/,91.0,4690.0,VivaLosHeavies,2024-08-18 15:10:00,1evbj42
9,497419,2024-08-19 19:00:00,1,FINISHED,Leicester City,LEI,Tottenham Hotspur,TOT,4-2-3-1,4-3-3,1,1,DRAW,Chris Kavanagh,Mon,2024-08-19,20:00 (02:00),King Power Stadium,31977,Steve Cooper,Ange Postecoglou,1.0,1.2,0.3,0.7,0.43,0.4,11,12,2,13,1,1,0,0,454.0,840.0,22.0,23.0,497419,https://www.reddit.com/r/soccer/comments/1ew9irk/match_thread_leicester_city_vs_tottenham_english/,60.0,1561.0,VivaLosHeavies,2024-08-19 18:40:00,1ew9irk
10,497422,2024-08-24 11:30:00,2,FINISHED,Brighton & Hove Albion,BHA,Manchester United,MUN,4-2-3-1,4-2-3-1,2,1,Brighton & Hove Albion FC,Craig Pawson,Sat,2024-08-24,12:30 (18:30),The American Express Stadium,31537,Fabian Hürzeler,Erik ten Hag,2.1,1.4,0.48,0.52,0.29,0.27,9,13,4,4,1,2,0,0,616.0,643.0,17.0,19.0,497422,https://www.reddit.com/r/soccer/comments/1f02vo3/match_thread_brighton_vs_manchester_utd_english/,75.0,2152.0,VivaLosHeavies,2024-08-24 11:16:00,1f02vo3
11,497423,2024-08-24 14:00:00,2,FINISHED,Crystal Palace,CRY,West Ham United,WHU,3-4-3,4-1-4-1,0,2,West Ham United FC,Robert Jones,Sat,2024-08-24,15:00 (21:00),Selhurst Park,25099,Oliver Glasner,Lopetegui,1.3,1.4,0.58,0.42,0.14,0.17,9,17,3,3,1,1,0,0,709.0,558.0,23.0,20.0,497423,https://www.reddit.com/r/soccer/comments/1f069ds/match_thread_crystal_palace_vs_west_ham_united/,31.0,62.0,MatchThreadder,2024-08-24 14:14:00,1f069ds
12,497424,2024-08-24 14:00:00,2,FINISHED,Fulham,FUL,Leicester City,LEI,4-2-3-1,4-2-3-1,2,1,Fulham FC,Darren Bond,Sat,2024-08-24,15:00 (21:00),Craven Cottage,25401,Marco Silva,Steve Cooper,1.8,0.6,0.54,0.46,0.33,0.4,14,13,7,5,2,2,0,0,689.0,606.0,14.0,21.0,497424,https://www.reddit.com/r/soccer/comments/1f05yy1/match_thread_fulham_vs_leicester_city_english/,16.0,49.0,MatchThreadder,2024-08-24 14:00:00,1f05yy1
13,497426,2024-08-24 14:00:00,2,FINISHED,Manchester City,MCI,Ipswich Town,IPS,3-2-4-1,5-4-1,4,1,Manchester City FC,Michael Salisbury,Sat,2024-08-24,15:00 (21:00),Etihad Stadium,53147,Pep Guardiola,Kieran McKenna,3.3,0.3,0.75,0.25,0.31,1.0,4,15,10,1,2,3,0,0,884.0,387.0,14.0,17.0,497426,https://www.reddit.com/r/soccer/comments/1f05t5x/match_thread_manchester_city_vs_ipswich_town/,52.0,834.0,MatchThreadder,2024-08-24 13:53:00,1f05t5x
14,497428,2024-08-24 14:00:00,2,FINISHED,Tottenham Hotspur,TOT,Everton,EVE,4-3-3,4-2-3-1,4,0,Tottenham Hotspur FC,Anthony Taylor,Sat,2024-08-24,15:00 (21:00),Tottenham Hotspur Stadium,61357,Ange Postecoglou,Sean Dyche,2.4,1.0,0.7,0.3,0.54,0.1,11,15,12,5,0,0,0,0,765.0,401.0,22.0,29.0,497428,https://www.reddit.com/r/soccer/comments/1f0627i/match_thread_tottenham_hotspur_vs_everton_english/,37.0,305.0,MatchThreadder,2024-08-24 14:04:00,1f0627i
15,497421,2024-08-24 16:30:00,2,FINISHED,Aston Villa,AVL,Arsenal,ARS,4-4-2,4-3-3,0,2,Arsenal FC,Michael Oliver,Sat,2024-08-24,17:30 (23:30),Villa Park,41587,Unai Emery,Mikel Arteta,1.2,0.9,0.4,0.6,0.27,0.44,8,16,4,1,1,3,0,0,457.0,635.0,22.0,17.0,497421,https://www.reddit.com/r/soccer/comments/1f094m4/match_thread_aston_villa_vs_arsenal_english/,64.0,2611.0,VivaLosHeavies,2024-08-24 16:19:00,1f094m4
16,497420,2024-08-25 13:00:00,2,FINISHED,Bournemouth,BOU,Newcastle United,NEW,4-2-3-1,4-3-3,1,1,DRAW,David Coote,Sun,2024-08-25,14:00 (20:00),Vitality Stadium,11161,Andoni Iraola,Eddie Howe,2.2,1.6,0.39,0.61,0.25,0.36,20,8,8,9,2,2,0,0,515.0,658.0,21.0,21.0,497420,https://www.reddit.com/r/soccer/comments/1f0vr01/match_thread_afc_bournemouth_vs_newcastle_united/,21.0,417.0,MatchThreadder,2024-08-25 12:58:00,1f0vr01
17,497429,2024-08-25 13:00:00,2,FINISHED,Wolverhampton Wanderers,WOL,Chelsea,CHE,4-2-3-1,4-2-3-1,2,6,Chelsea FC,Darren England,Sun,2024-08-25,14:00 (20:00),Molineux Stadium,31235,Gary O'Neil,Enzo Maresca,1.9,1.6,0.4,0.6,0.33,0.57,13,13,5,5,2,3,0,0,463.0,623.0,19.0,14.0,497429,https://www.reddit.com/r/soccer/comments/1f0vtuu/match_thread_wolverhampton_wanderers_vs_chelsea/,85.0,2178.0,MatchThreadder,2024-08-25 13:02:00,1f0vtuu
18,497425,2024-08-25 15:30:00,2,FINISHED,Liverpool,LIV,Brentford,BRE,4-2-3-1,4-4-2,2,0,Liverpool FC,Stuart Attwell,Sun,2024-08-25,16:30 (22:30),Anfield,60017,Arne Slot,Thomas Frank,2.5,0.5,0.62,0.38,0.42,0.25,10,7,9,4,2,3,0,0,741.0,493.0,17.0,10.0,497425,https://www.reddit.com/r/soccer/comments/1f0yurc/match_thread_liverpool_vs_brentford_english/,36.0,762.0,VivaLosHeavies,2024-08-25 15:23:00,1f0yurc
19,497430,2024-08-31 11:30:00,3,FINISHED,Arsenal,ARS,Brighton & Hove Albion,BHA,4-3-3,4-2-3-1,1,1,DRAW,Chris Kavanagh,Sat,2024-08-31,12:30 (18:30),Emirates Stadium,60326,Mikel Arteta,Fabian Hürzeler,2.1,1.7,0.36,0.64,0.64,0.18,12,7,3,7,5,2,0,0,408.0,620.0,17.0,18.0,497430,https://www.reddit.com/r/soccer/comments/1f5kvh8/match_thread_arsenal_vs_brighton_hove_albion/,57.0,3114.0,MatchThreadder,2024-08-31 11:14:00,1f5kvh8
20,497431,2024-08-31 14:00:00,3,FINISHED,Brentford,BRE,Southampton,SOU,4-3-3,3-5-2,3,1,Brentford FC,Joshua Smith,Sat,2024-08-31,15:00 (21:00),Gtech Community Stadium,16955,Thomas Frank,Russell Martin,2.8,1.5,0.37,0.63,0.35,0.33,10,7,2,8,2,1,0,0,521.0,752.0,17.0,15.0,497431,https://www.reddit.com/r/soccer/comments/1f5nve4/match_thread_brentford_vs_southampton_english/,6.0,6.0,MatchThreadder,2024-08-31 13:57:00,1f5nve4
21,497433,2024-08-31 14:00:00,3,FINISHED,Everton,EVE,Bournemouth,BOU,4-2-3-1,4-2-3-1,2,3,AFC Bournemouth,Stuart Attwell,Sat,2024-08-31,15:00 (21:00),Goodison Park,38805,Sean Dyche,Andoni Iraola,1.8,2.4,0.47,0.53,0.44,0.41,6,11,8,4,2,1,0,0,518.0,569.0,17.0,26.0,497433,https://www.reddit.com/r/soccer/comments/1f5o3c8/match_thread_everton_vs_afc_bournemouth_english/,21.0,86.0,MatchThreadder,2024-08-31 14:06:00,1f5o3c8
22,497434,2024-08-31 14:00:00,3,FINISHED,Ipswich Town,IPS,Fulham,FUL,4-2-3-1,4-3-3,1,1,DRAW,Lewis Smith,Sat,2024-08-31,15:00 (21:00),Portman Road Stadium,29517,Kieran McKenna,Marco Silva,0.4,0.9,0.48,0.52,0.36,0.44,15,15,8,6,2,3,0,0,529.0,545.0,13.0,11.0,497434,https://www.reddit.com/r/soccer/comments/1f5nnr5/match_thread_ipswich_town_vs_fulham_premier_league/,8.0,27.0,MisterBadIdea2,2024-08-31 13:46:00,1f5nnr5
23,497435,2024-08-31 14:00:00,3,FINISHED,Leicester City,LEI,Aston Villa,AVL,4-2-3-1,4-4-2,1,2,Aston Villa FC,David Coote,Sat,2024-08-31,15:00 (21:00),King Power Stadium,31725,Steve Cooper,Unai Emery,0.4,1.4,0.57,0.43,0.33,0.5,13,21,1,4,4,5,0,0,653.0,520.0,22.0,17.0,497435,https://www.reddit.com/r/soccer/comments/1f5nlii/match_thread_leicester_city_vs_aston_villa/,8.0,156.0,MatchThreadder,2024-08-31 13:43:00,1f5nlii
24,497438,2024-08-31 14:00:00,3,FINISHED,Nottingham Forest,NOT,Wolverhampton Wanderers,WOL,4-2-3-1,4-4-1-1,1,1,DRAW,Simon Hooper,Sat,2024-08-31,15:00 (21:00),The City Ground,29918,Nuno Espírito Santo,Gary O'Neil,1.0,0.7,0.52,0.48,0.31,0.18,15,18,7,3,3,4,0,0,525.0,520.0,17.0,23.0,497438,https://www.reddit.com/r/soccer/comments/1f5oln4/match_thread_nottingham_forest_vs_wolverhampton/,19.0,36.0,MatchThreadder,2024-08-31 14:30:00,1f5oln4
25,497439,2024-08-31 16:30:00,3,FINISHED,West Ham United,WHU,Manchester City,MCI,4-2-3-1,3-2-4-1,1,3,Manchester City FC,Michael Oliver,Sat,2024-08-31,17:30 (23:30),London Stadium,62469,Lopetegui,Pep Guardiola,0.7,3.0,0.33,0.67,0.2,0.35,10,3,3,11,3,2,0,0,468.0,857.0,11.0,15.0,497439,https://www.reddit.com/r/soccer/comments/1f5rjm0/match_thread_west_ham_united_vs_manchester_city/,62.0,724.0,justsomeguynbd,2024-08-31 16:40:00,1f5rjm0
26,497432,2024-09-01 12:30:00,3,FINISHED,Chelsea,CHE,Crystal Palace,CRY,4-2-3-1,3-4-3,1,1,DRAW,Jarred Gillett,Sun,2024-09-01,13:30 (19:30),Stamford Bridge,39298,Enzo Maresca,Oliver Glasner,2.4,0.5,0.62,0.38,0.54,0.33,9,13,4,4,4,2,0,0,749.0,485.0,13.0,19.0,497432,https://www.reddit.com/r/soccer/comments/1f6d8bc/match_thread_chelsea_vs_crystal_palace_english/,34.0,678.0,MatchThreadder,2024-09-01 12:27:00,1f6d8bc
27,497437,2024-09-01 12:30:00,3,FINISHED,Newcastle United,NEW,Tottenham Hotspur,TOT,4-3-3,4-2-3-1,2,1,Newcastle United FC,Robert Jones,Sun,2024-09-01,13:30 (19:30),St James' Park,52211,Eddie Howe,Ange Postecoglou,1.8,1.2,0.35,0.65,0.33,0.3,16,13,7,12,4,4,0,0,443.0,675.0,17.0,22.0,497437,https://www.reddit.com/r/soccer/comments/1f6darv/match_thread_newcastle_united_vs_tottenham/,33.0,1068.0,MatchThreadder,2024-09-01 12:31:00,1f6darv
28,497436,2024-09-01 15:00:00,3,FINISHED,Manchester United,MUN,Liverpool,LIV,4-2-3-1,4-2-3-1,0,3,Liverpool FC,Anthony Taylor,Sun,2024-09-01,16:00 (22:00),Old Trafford,73738,Erik ten Hag,Arne Slot,1.4,1.8,0.53,0.47,0.38,0.27,7,7,5,2,4,1,0,0,661.0,615.0,32.0,24.0,497436,https://www.reddit.com/r/soccer/comments/1f6j9hv/serious_post_match_thread_manchester_united_03/,231.0,303.0,MatchThreadder,2024-09-01 16:58:00,1f6j9hv
29,497447,2024-09-14 11:30:00,4,FINISHED,Southampton,SOU,Manchester United,MUN,4-2-3-1,4-2-3-1,0,3,Manchester United FC,Stuart Attwell,Sat,2024-09-14,12:30 (18:30),St Mary's Stadium,31144,Russell Martin,Erik ten Hag,1.1,2.6,0.44,0.56,0.4,0.5,11,14,0,7,1,4,1,0,616.0,744.0,21.0,22.0,497447,https://www.reddit.com/r/soccer/comments/1fgjren/match_thread_southampton_fc_vs_manchester_united/,34.0,1595.0,VivaLosHeavies,2024-09-14 11:13:00,1fgjren
30,497442,2024-09-14 14:00:00,4,FINISHED,Brighton & Hove Albion,BHA,Ipswich Town,IPS,4-4-2,4-2-3-1,0,0,DRAW,Sam Barrott,Sat,2024-09-14,15:00 (21:00),The American Express Stadium,41573,Fabian Hürzeler,Kieran McKenna,1.6,0.3,0.68,0.32,0.29,0.17,14,16,9,2,4,3,0,0,729.0,437.0,19.0,25.0,497442,https://www.reddit.com/r/soccer/comments/1fgmyhe/match_thread_brighton_hove_albion_vs_ipswich_town/,24.0,36.0,MatchThreadder,2024-09-14 14:11:00,1fgmyhe
31,497443,2024-09-14 14:00:00,4,FINISHED,Crystal Palace,CRY,Leicester City,LEI,3-4-3,4-2-3-1,2,2,DRAW,Tony Harrington,Sat,2024-09-14,15:00 (21:00),Selhurst Park,25147,Oliver Glasner,Steve Cooper,2.5,1.2,0.66,0.34,0.16,0.44,11,15,5,2,0,3,0,0,766.0,460.0,24.0,19.0,497443,https://www.reddit.com/r/soccer/comments/1fgmuru/match_thread_crystal_palace_vs_leicester_city/,18.0,55.0,MatchThreadder,2024-09-14 14:06:00,1fgmuru
32,497444,2024-09-14 14:00:00,4,FINISHED,Fulham,FUL,West Ham United,WHU,4-2-3-1,4-2-3-1,1,1,DRAW,Tim Robinson,Sat,2024-09-14,15:00 (21:00),Craven Cottage,26528,Marco Silva,Lopetegui,1.5,0.8,0.54,0.46,0.24,0.27,15,18,3,2,2,3,0,0,592.0,503.0,30.0,18.0,497444,https://www.reddit.com/r/soccer/comments/1fgmp6b/match_thread_fulham_vs_west_ham_united_premier/,17.0,22.0,MisterBadIdea2,2024-09-14 13:59:00,1fgmp6b
33,497445,2024-09-14 14:00:00,4,FINISHED,Liverpool,LIV,Nottingham Forest,NOT,4-2-3-1,4-2-3-1,0,1,Nottingham Forest FC,Michael Oliver,Sat,2024-09-14,15:00 (21:00),Anfield,60344,Arne Slot,Nuno Espírito Santo,0.9,0.4,0.68,0.32,0.36,0.6,15,6,7,2,4,4,0,0,760.0,421.0,12.0,22.0,497445,https://www.reddit.com/r/soccer/comments/1fgmpft/match_thread_liverpool_vs_nottingham_forest/,46.0,797.0,MatchThreadder,2024-09-14 13:59:00,1fgmpft
34,497446,2024-09-14 14:00:00,4,FINISHED,Manchester City,MCI,Brentford,BRE,4-2-3-1,5-3-2,2,1,Manchester City FC,Darren Bond,Sat,2024-09-14,15:00 (21:00),Etihad Stadium,52148,Pep Guardiola,Thomas Frank,2.1,1.0,0.54,0.46,0.39,0.63,9,3,12,3,3,1,0,0,671.0,605.0,12.0,20.0,497446,https://www.reddit.com/r/soccer/comments/1fgmi4r/match_thread_manchester_city_vs_brentford_english/,30.0,442.0,MatchThreadder,2024-09-14 13:49:00,1fgmi4r
35,497441,2024-09-14 16:30:00,4,FINISHED,Aston Villa,AVL,Everton,EVE,4-2-3-1,4-2-3-1,3,2,Aston Villa FC,Craig Pawson,Sat,2024-09-14,17:30 (23:30),Villa Park,41573,Unai Emery,Sean Dyche,2.1,0.9,0.72,0.28,0.41,0.33,10,12,6,2,1,4,0,0,804.0,380.0,20.0,24.0,497441,https://www.reddit.com/r/soccer/comments/1fgqcnb/match_thread_aston_villa_vs_everton_english/,35.0,671.0,MatchThreadder,2024-09-14 16:43:00,1fgqcnb
36,497440,2024-09-14 19:00:00,4,FINISHED,Bournemouth,BOU,Chelsea,CHE,4-2-3-1,4-2-3-1,0,1,Chelsea FC,Anthony Taylor,Sat,2024-09-14,20:00 (02:00),Vitality Stadium,11235,Andoni Iraola,Enzo Maresca,1.7,0.8,0.34,0.66,0.33,0.3,16,9,6,3,6,8,0,0,426.0,725.0,14.0,12.0,497440,https://www.reddit.com/r/soccer/comments/1fgswhs/match_thread_afc_bournemouth_vs_chelsea_english/,34.0,1209.0,VivaLosHeavies,2024-09-14 18:41:00,1fgswhs
37,497448,2024-09-15 13:00:00,4,FINISHED,Tottenham Hotspur,TOT,Arsenal,ARS,4-3-3,4-4-2,0,1,Arsenal FC,Jarred Gillett,Sun,2024-09-15,14:00 (20:00),Tottenham Hotspur Stadium,61645,Ange Postecoglou,Mikel Arteta,0.7,0.7,0.63,0.37,0.33,0.57,13,10,7,6,5,3,0,0,670.0,439.0,20.0,21.0,497448,https://www.reddit.com/r/soccer/comments/1fhbl7c/match_thread_tottenham_vs_arsenal_english_premier/,100.0,4907.0,VivaLosHeavies,2024-09-15 12:41:00,1fhbl7c
38,497449,2024-09-15 15:30:00,4,FINISHED,Wolverhampton Wanderers,WOL,Newcastle United,NEW,4-4-1-1,4-3-3,1,2,Newcastle United FC,Chris Kavanagh,Sun,2024-09-15,16:30 (22:30),Molineux Stadium,30255,Gary O'Neil,Eddie Howe,1.2,1.5,0.49,0.51,0.42,0.43,17,6,4,7,3,3,0,0,582.0,609.0,23.0,14.0,497449,https://www.reddit.com/r/soccer/comments/1fhfbbc/match_thread_wolverhampton_wanderers_vs_newcastle/,25.0,434.0,MatchThreadder,2024-09-15 15:34:00,1fhfbbc
39,497459,2024-09-21 11:30:00,5,FINISHED,West Ham United,WHU,Chelsea,CHE,3-4-3,4-2-3-1,0,3,Chelsea FC,Sam Barrott,Sat,2024-09-21,12:30 (18:30),London Stadium,62473,Lopetegui,Enzo Maresca,0.9,2.2,0.53,0.47,0.47,0.42,17,9,6,5,5,2,0,0,640.0,598.0,16.0,19.0,497459,https://www.reddit.com/r/soccer/comments/1fm0ykd/match_thread_west_ham_united_vs_chelsea_english/,52.0,1516.0,MatchThreadder,2024-09-21 11:33:00,1fm0ykd
40,497454,2024-09-21 14:00:00,5,FINISHED,Leicester City,LEI,Everton,EVE,4-2-3-1,4-2-3-1,1,1,DRAW,Darren England,Sat,2024-09-21,15:00 (21:00),King Power Stadium,31765,Steve Cooper,Sean Dyche,0.7,1.1,0.58,0.42,0.17,0.29,11,12,6,1,1,2,0,0,636.0,511.0,24.0,18.0,497454,https://www.reddit.com/r/soccer/comments/1fm3r5j/match_thread_leicester_city_vs_everton_english/,21.0,59.0,MatchThreadder,2024-09-21 14:03:00,1fm3r5j
41,497455,2024-09-21 14:00:00,5,FINISHED,Liverpool,LIV,Bournemouth,BOU,4-2-3-1,4-2-3-1,3,0,Liverpool FC,Tony Harrington,Sat,2024-09-21,15:00 (21:00),Anfield,60347,Arne Slot,Andoni Iraola,2.0,1.1,0.58,0.42,0.63,0.32,10,12,3,9,1,4,0,0,737.0,556.0,20.0,20.0,497455,https://www.reddit.com/r/soccer/comments/1fm3vzp/match_thread_liverpool_vs_afc_bournemouth_english/,31.0,416.0,MatchThreadder,2024-09-21 14:09:00,1fm3vzp
42,497457,2024-09-21 14:00:00,5,FINISHED,Southampton,SOU,Ipswich Town,IPS,4-2-3-1,4-2-3-1,1,1,DRAW,Samuel Allison,Sat,2024-09-21,15:00 (21:00),St Mary's Stadium,31117,Russell Martin,Kieran McKenna,2.4,1.6,0.53,0.47,0.27,0.46,16,16,2,10,4,4,0,0,622.0,552.0,16.0,17.0,497457,https://www.reddit.com/r/soccer/comments/1fm44vm/match_thread_southampton_vs_ipswich_town_english/,17.0,18.0,MatchThreadder,2024-09-21 14:21:00,1fm44vm
43,497458,2024-09-21 14:00:00,5,FINISHED,Tottenham Hotspur,TOT,Brentford,BRE,4-3-3,5-3-2,3,1,Tottenham Hotspur FC,John Brooks,Sat,2024-09-21,15:00 (21:00),Tottenham Hotspur Stadium,61246,Ange Postecoglou,Thomas Frank,3.5,0.8,0.48,0.52,0.39,1.0,11,9,9,4,3,1,0,0,621.0,654.0,18.0,27.0,497458,https://www.reddit.com/r/soccer/comments/1fm3s6v/match_thread_tottenham_hotspur_vs_brentford/,24.0,411.0,MatchThreadder,2024-09-21 14:04:00,1fm3s6v
44,497452,2024-09-21 16:30:00,5,FINISHED,Crystal Palace,CRY,Manchester United,MUN,3-4-3,4-2-3-1,0,0,DRAW,David Coote,Sat,2024-09-21,17:30 (23:30),Selhurst Park,25172,Oliver Glasner,Erik ten Hag,1.0,1.6,0.33,0.67,0.44,0.4,7,12,4,11,3,2,0,0,479.0,814.0,22.0,14.0,497452,https://www.reddit.com/r/soccer/comments/1fm70xe/match_thread_crystal_palace_vs_manchester_united/,46.0,1145.0,MatchThreadder,2024-09-21 16:35:00,1fm70xe
45,497451,2024-09-22 13:00:00,5,FINISHED,Brighton & Hove Albion,BHA,Nottingham Forest,NOT,4-2-3-1,4-2-3-1,2,2,DRAW,Robert Jones,Sun,2024-09-22,14:00 (20:00),The American Express Stadium,31444,Fabian Hürzeler,Nuno Espírito Santo,1.0,1.4,0.7,0.3,0.21,0.67,12,11,9,1,3,6,0,0,709.0,399.0,12.0,18.0,497451,https://www.reddit.com/r/soccer/comments/1fmsu5s/match_thread_brighton_hove_albion_vs_nottingham/,19.0,582.0,MatchThreadder,2024-09-22 13:06:00,1fmsu5s
46,497456,2024-09-22 15:30:00,5,FINISHED,Manchester City,MCI,Arsenal,ARS,4-3-3,4-4-2,2,2,DRAW,Michael Oliver,Sun,2024-09-22,16:30 (22:30),Etihad Stadium,52846,Pep Guardiola,Mikel Arteta,2.1,0.7,0.77,0.23,0.33,0.6,7,10,8,2,3,6,0,0,847.0,332.0,10.0,16.0,497456,https://www.reddit.com/r/soccer/comments/1fmvl6j/match_thread_manchester_city_vs_arsenal_english/,165.0,11159.0,VivaLosHeavies,2024-09-22 15:14:00,1fmvl6j
47,497467,2024-09-28 11:30:00,6,FINISHED,Newcastle United,NEW,Manchester City,MCI,4-3-3,4-2-3-1,1,1,DRAW,Jarred Gillett,Sat,2024-09-28,12:30 (18:30),St James' Park,52248,Eddie Howe,Pep Guardiola,1.6,0.9,0.38,0.62,0.3,0.38,14,10,5,6,4,4,0,0,463.0,705.0,15.0,15.0,497467,https://www.reddit.com/r/soccer/comments/1frc7wa/match_thread_newcastle_united_vs_manchester_city/,61.0,1995.0,MatchThreadder,2024-09-28 11:29:00,1frc7wa
48,497461,2024-09-28 14:00:00,6,FINISHED,Arsenal,ARS,Leicester City,LEI,4-4-2,4-2-3-1,4,2,Arsenal FC,Sam Barrott,Sat,2024-09-28,15:00 (21:00),Emirates Stadium,60323,Mikel Arteta,Steve Cooper,4.4,0.3,0.74,0.26,0.46,0.6,11,6,17,0,2,4,0,0,837.0,419.0,19.0,24.0,497461,https://www.reddit.com/r/soccer/comments/1frey5d/match_thread_arsenal_vs_leicester_city_english/,45.0,1708.0,MatchThreadder,2024-09-28 14:01:00,1frey5d
49,497462,2024-09-28 14:00:00,6,FINISHED,Brentford,BRE,West Ham United,WHU,4-4-2,4-1-4-1,1,1,DRAW,Simon Hooper,Sat,2024-09-28,15:00 (21:00),Gtech Community Stadium,17050,Thomas Frank,Lopetegui,0.4,1.0,0.57,0.43,0.38,0.16,2,11,7,6,2,3,0,0,700.0,578.0,25.0,17.0,497462,https://www.reddit.com/r/soccer/comments/1frfrad/match_thread_brentford_vs_west_ham_united_english/,14.0,5.0,MatchThreadder,2024-09-28 14:40:00,1frfrad
50,497463,2024-09-28 14:00:00,6,FINISHED,Chelsea,CHE,Brighton & Hove Albion,BHA,4-2-3-1,4-3-3,4,2,Chelsea FC,Peter Bankes,Sat,2024-09-28,15:00 (21:00),Stamford Bridge,39495,Enzo Maresca,Fabian Hürzeler,4.2,1.1,0.41,0.59,0.36,0.33,11,8,8,2,3,2,0,0,536.0,724.0,22.0,16.0,497463,https://www.reddit.com/r/soccer/comments/1frf237/match_thread_chelsea_vs_brighton_hove_albion/,72.0,1600.0,MatchThreadder,2024-09-28 14:06:00,1frf237
51,497464,2024-09-28 14:00:00,6,FINISHED,Everton,EVE,Crystal Palace,CRY,4-2-3-1,3-4-3,2,1,Everton FC,Andy Madley,Sat,2024-09-28,15:00 (21:00),Goodison Park,38954,Sean Dyche,Oliver Glasner,0.9,0.9,0.41,0.59,0.25,0.24,13,11,5,8,2,0,0,0,509.0,684.0,14.0,25.0,497464,https://www.reddit.com/r/soccer/comments/1freyaz/match_thread_everton_vs_crystal_palace_english/,17.0,18.0,MatchThreadder,2024-09-28 14:01:00,1freyaz
52,497468,2024-09-28 14:00:00,6,FINISHED,Nottingham Forest,NOT,Fulham,FUL,4-4-2,4-2-3-1,0,1,Fulham FC,Joshua Smith,Sat,2024-09-28,15:00 (21:00),The City Ground,30139,Nuno Espírito Santo,Marco Silva,0.8,1.3,0.41,0.59,0.09,0.08,11,15,6,5,2,4,0,0,494.0,677.0,8.0,7.0,497468,https://www.reddit.com/r/soccer/comments/1frey01/match_thread_nottingham_forest_vs_fulham_premier/,7.0,23.0,MisterBadIdea2,2024-09-28 14:01:00,1frey01
53,497469,2024-09-28 16:30:00,6,FINISHED,Wolverhampton Wanderers,WOL,Liverpool,LIV,4-1-4-1,4-2-3-1,1,2,Liverpool FC,Anthony Taylor,Sat,2024-09-28,17:30 (23:30),Molineux Stadium,31413,Gary O'Neil,Arne Slot,0.6,2.5,0.45,0.55,0.38,0.56,16,8,2,10,2,3,0,0,561.0,655.0,14.0,10.0,497469,https://www.reddit.com/r/soccer/comments/1fri7kp/match_thread_wolverhampton_wanderers_vs_liverpool/,34.0,949.0,MatchThreadder,2024-09-28 16:32:00,1fri7kp
54,497465,2024-09-29 13:00:00,6,FINISHED,Ipswich Town,IPS,Aston Villa,AVL,4-2-3-1,4-2-3-1,2,2,DRAW,Stuart Attwell,Sun,2024-09-29,14:00 (20:00),Portman Road Stadium,29943,Kieran McKenna,Unai Emery,1.2,0.8,0.44,0.56,0.33,0.43,10,14,10,0,4,1,0,0,527.0,652.0,18.0,15.0,497465,https://www.reddit.com/r/soccer/comments/1fs3uzi/match_thread_ipswich_town_vs_aston_villa_english/,37.0,465.0,MatchThreadder,2024-09-29 13:03:00,1fs3uzi
55,497466,2024-09-29 15:30:00,6,FINISHED,Manchester United,MUN,Tottenham Hotspur,TOT,4-2-3-1,4-3-3,0,3,Tottenham Hotspur FC,Chris Kavanagh,Sun,2024-09-29,16:30 (22:30),Old Trafford,73587,Erik ten Hag,Ange Postecoglou,1.0,4.4,0.39,0.61,0.18,0.42,16,14,5,3,5,3,1,0,555.0,781.0,27.0,7.0,497466,https://www.reddit.com/r/soccer/comments/1fs7306/match_thread_manchester_united_vs_tottenham/,232.0,5723.0,justsomeguynbd,2024-09-29 15:34:00,1fs7306
56,497460,2024-09-30 19:00:00,6,FINISHED,Bournemouth,BOU,Southampton,SOU,4-2-3-1,4-2-3-1,3,1,AFC Bournemouth,Michael Oliver,Mon,2024-09-30,20:00 (02:00),Vitality Stadium,11243,Andoni Iraola,Russell Martin,1.3,0.6,0.4,0.6,0.43,0.33,19,12,6,4,2,5,0,0,534.0,743.0,20.0,20.0,497460,https://www.reddit.com/r/soccer/comments/1ft3odp/match_thread_afc_bournemouth_vs_southampton/,29.0,324.0,MatchThreadder,2024-09-30 19:05:00,1ft3odp
57,497475,2024-10-05 11:30:00,7,FINISHED,Crystal Palace,CRY,Liverpool,LIV,3-4-3,4-2-3-1,0,1,Liverpool FC,Simon Hooper,Sat,2024-10-05,12:30 (18:30),Selhurst Park,25185,Oliver Glasner,Arne Slot,0.6,1.4,0.32,0.68,0.56,0.25,7,15,3,8,4,2,0,0,423.0,778.0,8.0,13.0,497475,https://www.reddit.com/r/soccer/comments/1fwob0t/match_thread_crystal_palace_vs_liverpool_english/,63.0,1383.0,MatchThreadder,2024-10-05 11:31:00,1fwob0t
58,497470,2024-10-05 14:00:00,7,FINISHED,Arsenal,ARS,Southampton,SOU,4-4-2,5-4-1,3,1,Arsenal FC,Tony Harrington,Sat,2024-10-05,15:00 (21:00),Emirates Stadium,60307,Mikel Arteta,Russell Martin,2.8,0.6,0.59,0.41,0.21,0.25,10,9,13,1,0,3,0,0,677.0,530.0,16.0,15.0,497470,https://www.reddit.com/r/soccer/comments/1fwr3sz/match_thread_arsenal_vs_southampton_english/,25.0,884.0,MatchThreadder,2024-10-05 14:02:00,1fwr3sz
59,497472,2024-10-05 14:00:00,7,FINISHED,Brentford,BRE,Wolverhampton Wanderers,WOL,4-2-3-1,4-1-4-1,5,3,Brentford FC,Andy Madley,Sat,2024-10-05,15:00 (21:00),Gtech Community Stadium,16960,Thomas Frank,Gary O'Neil,4.2,1.0,0.44,0.56,0.61,0.35,9,10,10,3,2,3,0,0,538.0,626.0,16.0,17.0,497472,https://www.reddit.com/r/soccer/comments/1fws9ec/match_thread_brentford_vs_wolverhampton_wanderers/,24.0,12.0,MatchThreadder,2024-10-05 14:57:00,1fws9ec
60,497477,2024-10-05 14:00:00,7,FINISHED,Leicester City,LEI,Bournemouth,BOU,4-2-3-1,4-2-3-1,1,0,Leicester City FC,Darren Bond,Sat,2024-10-05,15:00 (21:00),King Power Stadium,31706,Steve Cooper,Andoni Iraola,0.8,2.1,0.45,0.55,0.33,0.11,12,14,0,9,4,1,0,0,537.0,607.0,14.0,22.0,497477,https://www.reddit.com/r/soccer/comments/1fwr1px/match_thread_leicester_city_vs_afc_bournemouth/,15.0,39.0,MatchThreadder,2024-10-05 14:00:00,1fwr1px
61,497478,2024-10-05 14:00:00,7,FINISHED,Manchester City,MCI,Fulham,FUL,4-1-4-1,5-4-1,3,2,Manchester City FC,Peter Bankes,Sat,2024-10-05,15:00 (21:00),Etihad Stadium,53017,Pep Guardiola,Marco Silva,1.6,2.6,0.58,0.42,0.35,0.36,4,10,8,3,2,1,0,0,770.0,598.0,10.0,23.0,497478,https://www.reddit.com/r/soccer/comments/1fwrcje/match_thread_manchester_city_vs_fulham_english/,20.0,296.0,MatchThreadder,2024-10-05 14:14:00,1fwrcje
62,497479,2024-10-05 14:00:00,7,FINISHED,West Ham United,WHU,Ipswich Town,IPS,4-1-4-1,4-2-3-1,4,1,West Ham United FC,Anthony Taylor,Sat,2024-10-05,15:00 (21:00),London Stadium,62467,Lopetegui,Kieran McKenna,3.6,0.6,0.52,0.48,0.52,0.22,12,6,5,5,0,1,0,0,643.0,568.0,19.0,15.0,497479,https://www.reddit.com/r/soccer/comments/1fwr9vp/match_thread_west_ham_united_vs_ipswich_town/,17.0,20.0,MatchThreadder,2024-10-05 14:11:00,1fwr9vp
63,497476,2024-10-05 16:30:00,7,FINISHED,Everton,EVE,Newcastle United,NEW,4-2-3-1,4-3-3,0,0,DRAW,Craig Pawson,Sat,2024-10-05,17:30 (23:30),Goodison Park,39265,Sean Dyche,Eddie Howe,0.7,2.1,0.33,0.67,0.25,0.08,12,8,0,10,1,2,0,0,469.0,816.0,19.0,25.0,497476,https://www.reddit.com/r/soccer/comments/1fwu2zy/match_thread_everton_vs_newcastle_united_premier/,37.0,818.0,MisterBadIdea2,2024-10-05 16:20:00,1fwu2zy
64,497471,2024-10-06 13:00:00,7,FINISHED,Aston Villa,AVL,Manchester United,MUN,4-2-3-1,4-2-3-1,0,0,DRAW,Robert Jones,Sun,2024-10-06,14:00 (20:00),Villa Park,42682,Unai Emery,Erik ten Hag,0.5,0.6,0.53,0.47,0.09,0.4,12,11,6,3,1,5,0,0,541.0,508.0,12.0,21.0,497471,https://www.reddit.com/r/soccer/comments/1fxfzee/match_thread_aston_villa_vs_manchester_united/,55.0,2745.0,MatchThreadder,2024-10-06 13:02:00,1fxfzee
65,497474,2024-10-06 13:00:00,7,FINISHED,Chelsea,CHE,Nottingham Forest,NOT,4-2-3-1,4-2-3-1,1,1,DRAW,Chris Kavanagh,Sun,2024-10-06,14:00 (20:00),Stamford Bridge,39501,Enzo Maresca,Nuno Espírito Santo,2.3,0.9,0.65,0.35,0.36,0.56,12,11,11,3,6,4,0,0,741.0,459.0,14.0,12.0,497474,https://www.reddit.com/r/soccer/comments/1fxg9qp/match_thread_chelsea_vs_nottingham_forest_english/,37.0,775.0,MatchThreadder,2024-10-06 13:17:00,1fxg9qp
66,497473,2024-10-06 15:30:00,7,FINISHED,Brighton & Hove Albion,BHA,Tottenham Hotspur,TOT,4-2-3-1,4-3-3,3,2,Brighton & Hove Albion FC,David Coote,Sun,2024-10-06,16:30 (22:30),The American Express Stadium,31487,Fabian Hürzeler,Ange Postecoglou,1.8,1.3,0.41,0.59,0.36,0.23,14,10,4,7,2,2,0,0,517.0,676.0,12.0,20.0,497473,https://www.reddit.com/r/soccer/comments/1fxj5qu/match_thread_brighton_hove_albion_vs_tottenham/,54.0,1320.0,MatchThreadder,2024-10-06 15:32:00,1fxj5qu
67,497488,2024-10-19 11:30:00,8,FINISHED,Tottenham Hotspur,TOT,West Ham United,WHU,4-3-3,4-1-4-1,4,1,Tottenham Hotspur FC,Andy Madley,Sat,2024-10-19,12:30 (18:30),Tottenham Hotspur Stadium,61381,Ange Postecoglou,Lopetegui,1.9,0.8,0.57,0.43,0.32,0.27,10,15,13,5,1,3,0,1,650.0,530.0,25.0,33.0,497488,https://www.reddit.com/r/soccer/comments/1g76z7p/match_thread_tottenham_hotspur_vs_west_ham_united/,50.0,1238.0,MatchThreadder,2024-10-19 11:38:00,1g76z7p
68,497482,2024-10-19 14:00:00,8,FINISHED,Ipswich Town,IPS,Everton,EVE,4-2-3-1,4-2-3-1,0,2,Everton FC,Michael Oliver,Sat,2024-10-19,15:00 (21:00),Portman Road Stadium,29862,Kieran McKenna,Sean Dyche,1.3,1.7,0.55,0.45,0.15,0.73,12,10,5,7,1,1,0,0,647.0,538.0,13.0,18.0,497482,https://www.reddit.com/r/soccer/comments/1g79oa1/match_thread_ipswich_town_vs_everton_english/,12.0,31.0,MatchThreadder,2024-10-19 14:06:00,1g79oa1
69,497484,2024-10-19 14:00:00,8,FINISHED,Manchester United,MUN,Brentford,BRE,4-2-3-1,4-2-3-1,2,1,Manchester United FC,Sam Barrott,Sat,2024-10-19,15:00 (21:00),Old Trafford,73738,Erik ten Hag,Thomas Frank,1.3,0.9,0.5,0.5,0.48,0.25,4,5,9,2,2,2,0,0,640.0,652.0,25.0,15.0,497484,https://www.reddit.com/r/soccer/comments/1g79o4w/match_thread_manchester_united_vs_brentford/,28.0,930.0,MatchThreadder,2024-10-19 14:06:00,1g79o4w
70,497487,2024-10-19 14:00:00,8,FINISHED,Southampton,SOU,Leicester City,LEI,4-5-1,4-2-3-1,2,3,Leicester City FC,Anthony Taylor,Sat,2024-10-19,15:00 (21:00),St Mary's Stadium,31145,Russell Martin,Steve Cooper,2.1,3.1,0.42,0.58,0.5,0.18,10,10,10,6,5,3,1,0,530.0,669.0,21.0,30.0,497487,https://www.reddit.com/r/soccer/comments/1g79hij/match_thread_southampton_vs_leicester_city/,9.0,28.0,MatchThreadder,2024-10-19 13:57:00,1g79hij
71,497480,2024-10-19 16:30:00,8,FINISHED,Bournemouth,BOU,Arsenal,ARS,4-2-3-1,4-2-3-1,2,0,AFC Bournemouth,Robert Jones,Sat,2024-10-19,17:30 (23:30),Vitality Stadium,11235,Andoni Iraola,Mikel Arteta,1.8,0.7,0.49,0.51,0.25,0.17,12,11,7,4,1,1,0,1,564.0,587.0,16.0,17.0,497480,https://www.reddit.com/r/soccer/comments/1g7cmy6/match_thread_afc_bournemouth_vs_arsenal_english/,54.0,2251.0,MatchThreadder,2024-10-19 16:26:00,1g7cmy6
72,497489,2024-10-20 13:00:00,8,FINISHED,Wolverhampton Wanderers,WOL,Manchester City,MCI,3-5-2,4-1-4-1,1,2,Manchester City FC,Chris Kavanagh,Sun,2024-10-20,14:00 (20:00),Molineux Stadium,31319,Gary O'Neil,Pep Guardiola,0.8,1.6,0.23,0.77,0.67,0.32,8,5,1,18,4,1,0,0,374.0,890.0,26.0,14.0,497489,https://www.reddit.com/r/soccer/comments/1g7xyje/match_thread_wolverhampton_wanderers_vs/,36.0,1386.0,MatchThreadder,2024-10-20 12:50:00,1g7xyje
73,497483,2024-10-20 15:30:00,8,FINISHED,Liverpool,LIV,Chelsea,CHE,4-2-3-1,4-2-3-1,2,1,Liverpool FC,John Brooks,Sun,2024-10-20,16:30 (22:30),Anfield,60277,Arne Slot,Enzo Maresca,1.9,1.0,0.43,0.57,0.5,0.17,12,13,1,5,4,3,0,0,527.0,674.0,25.0,12.0,497483,https://www.reddit.com/r/soccer/comments/1g80zjn/match_thread_liverpool_vs_chelsea_english_premier/,134.0,5004.0,VivaLosHeavies,2024-10-20 15:15:00,1g80zjn
74,497486,2024-10-21 19:00:00,8,FINISHED,Nottingham Forest,NOT,Crystal Palace,CRY,4-2-3-1,3-1-4-2,1,0,Nottingham Forest FC,Tim Robinson,Mon,2024-10-21,20:00 (02:00),The City Ground,29443,Nuno Espírito Santo,Oliver Glasner,1.7,1.0,0.51,0.49,0.3,0.35,9,12,6,6,2,3,0,0,625.0,609.0,9.0,23.0,497486,https://www.reddit.com/r/soccer/comments/1g8xmd6/match_thread_nottingham_forest_vs_crystal_palace/,24.0,436.0,MatchThreadder,2024-10-21 18:56:00,1g8xmd6
75,497497,2024-10-25 19:00:00,9,FINISHED,Leicester City,LEI,Nottingham Forest,NOT,4-2-3-1,4-2-3-1,1,3,Nottingham Forest FC,Craig Pawson,Fri,2024-10-25,20:00 (02:00),King Power Stadium,31879,Steve Cooper,Nuno Espírito Santo,0.8,1.7,0.65,0.35,0.09,0.25,16,9,6,7,5,3,0,0,740.0,464.0,14.0,19.0,497497,https://www.reddit.com/r/soccer/comments/1gc1tpf/match_thread_leicester_city_vs_nottingham_forest/,17.0,278.0,MatchThreadder,2024-10-25 18:57:00,1gc1tpf
76,497492,2024-10-26 14:00:00,9,FINISHED,Brentford,BRE,Ipswich Town,IPS,4-2-3-1,4-2-3-1,4,3,Brentford FC,Lewis Smith,Sat,2024-10-26,15:00 (21:00),Gtech Community Stadium,17109,Thomas Frank,Kieran McKenna,4.0,1.3,0.65,0.35,0.42,0.45,7,10,4,5,0,3,0,0,718.0,455.0,8.0,13.0,497492,https://www.reddit.com/r/soccer/comments/1gcm0g2/match_thread_brentford_vs_ipswich_town_english/,23.0,29.0,MatchThreadder,2024-10-26 14:14:00,1gcm0g2
77,497493,2024-10-26 14:00:00,9,FINISHED,Brighton & Hove Albion,BHA,Wolverhampton Wanderers,WOL,4-4-2,3-4-3,2,2,DRAW,Michael Oliver,Sat,2024-10-26,15:00 (21:00),The American Express Stadium,31840,Fabian Hürzeler,Gary O'Neil,1.3,1.3,0.51,0.49,0.32,0.5,12,10,9,6,3,3,0,0,637.0,601.0,17.0,24.0,497493,https://www.reddit.com/r/soccer/comments/1gcm7j4/match_thread_brighton_hove_albion_vs/,11.0,31.0,MatchThreadder,2024-10-26 14:24:00,1gcm7j4
78,497498,2024-10-26 14:00:00,9,FINISHED,Manchester City,MCI,Southampton,SOU,4-1-4-1,5-4-1,1,0,Manchester City FC,Tony Harrington,Sat,2024-10-26,15:00 (21:00),Etihad Stadium,52844,Pep Guardiola,Russell Martin,2.9,0.2,0.57,0.43,0.32,0.4,9,9,12,1,1,3,0,0,735.0,600.0,12.0,14.0,497498,https://www.reddit.com/r/soccer/comments/1gcltxm/match_thread_manchester_city_vs_southampton/,24.0,176.0,MatchThreadder,2024-10-26 14:06:00,1gcltxm
79,497496,2024-10-26 16:30:00,9,FINISHED,Everton,EVE,Fulham,FUL,4-2-3-1,4-2-3-1,1,1,DRAW,John Brooks,Sat,2024-10-26,17:30 (23:30),Goodison Park,38742,Sean Dyche,Marco Silva,0.8,1.2,0.4,0.6,0.5,0.21,8,8,4,2,1,0,0,0,530.0,742.0,19.0,16.0,497496,https://www.reddit.com/r/soccer/comments/1gcozqz/match_thread_everton_vs_fulham_english_premier/,10.0,191.0,MatchThreadder,2024-10-26 16:31:00,1gcozqz
80,497495,2024-10-27 14:00:00,9,FINISHED,Crystal Palace,CRY,Tottenham Hotspur,TOT,3-4-3,4-3-3,1,0,Crystal Palace FC,Darren Bond,Sun,2024-10-27,14:00 (21:00),Selhurst Park,25108,Oliver Glasner,Ange Postecoglou,0.8,0.7,0.34,0.66,0.43,0.27,16,12,8,8,4,4,0,0,450.0,690.0,32.0,19.0,497495,https://www.reddit.com/r/soccer/comments/1gdbmyr/match_thread_crystal_palace_vs_tottenham_hotspur/,34.0,175.0,MatchThreadder,2024-10-27 14:02:00,1gdbmyr
81,497499,2024-10-27 14:00:00,9,FINISHED,West Ham United,WHU,Manchester United,MUN,4-2-3-1,4-2-3-1,2,1,West Ham United FC,David Coote,Sun,2024-10-27,14:00 (21:00),London Stadium,62474,Lopetegui,Erik ten Hag,2.8,2.3,0.42,0.58,0.18,0.28,6,7,6,5,5,1,0,0,562.0,714.0,11.0,19.0,497499,https://www.reddit.com/r/soccer/comments/1gdbmrc/match_thread_west_ham_united_vs_manchester_united/,27.0,1311.0,MatchThreadder,2024-10-27 14:02:00,1gdbmrc
82,497490,2024-10-27 16:30:00,9,FINISHED,Arsenal,ARS,Liverpool,LIV,4-4-2,4-2-3-1,2,2,DRAW,Anthony Taylor,Sun,2024-10-27,16:30 (23:30),Emirates Stadium,60383,Mikel Arteta,Arne Slot,0.9,0.8,0.45,0.55,0.33,0.44,14,14,1,3,2,2,0,0,514.0,605.0,17.0,16.0,497490,https://www.reddit.com/r/soccer/comments/1gdex5q/match_thread_arsenal_vs_liverpool_english_premier/,68.0,4433.0,MatchThreadder,2024-10-27 16:30:00,1gdex5q
83,497505,2024-11-02 12:30:00,10,FINISHED,Newcastle United,NEW,Arsenal,ARS,4-3-3,4-4-2,1,0,Newcastle United FC,John Brooks,Sat,2024-11-02,12:30 (19:30),St James' Park,52249,Eddie Howe,Mikel Arteta,0.5,1.1,0.37,0.63,0.44,0.0,16,18,4,6,4,4,0,0,425.0,659.0,23.0,17.0,497505,https://www.reddit.com/r/soccer/comments/1ghv5ah/match_thread_newcastle_vs_arsenal_english_premier/,66.0,2876.0,VivaLosHeavies,2024-11-02 12:18:00,1ghv5ah
84,497500,2024-11-02 15:00:00,10,FINISHED,Bournemouth,BOU,Manchester City,MCI,4-2-3-1,4-1-4-1,2,1,AFC Bournemouth,Michael Oliver,Sat,2024-11-02,15:00 (22:00),Vitality Stadium,11231,Andoni Iraola,Pep Guardiola,2.0,1.6,0.36,0.64,0.5,0.22,11,6,3,10,2,1,0,0,480.0,748.0,16.0,14.0,497500,https://www.reddit.com/r/soccer/comments/1ghycpr/match_thread_afc_bournemouth_vs_manchester_city/,44.0,549.0,MatchThreadder,2024-11-02 15:00:00,1ghycpr
85,497502,2024-11-02 15:00:00,10,FINISHED,Ipswich Town,IPS,Leicester City,LEI,4-2-3-1,4-2-3-1,1,1,DRAW,Tim Robinson,Sat,2024-11-02,15:00 (22:00),Portman Road Stadium,29874,Kieran McKenna,Steve Cooper,1.0,1.5,0.43,0.57,0.14,0.25,11,10,4,6,6,2,0,0,487.0,596.0,16.0,21.0,497502,https://www.reddit.com/r/soccer/comments/1ghy9t0/match_thread_ipswich_town_vs_leicester_city/,8.0,24.0,MatchThreadder,2024-11-02 14:56:00,1ghy9t0
86,497503,2024-11-02 15:00:00,10,FINISHED,Liverpool,LIV,Brighton & Hove Albion,BHA,4-2-3-1,4-4-2,2,1,Liverpool FC,Tony Harrington,Sat,2024-11-02,15:00 (22:00),Anfield,60331,Arne Slot,Fabian Hürzeler,1.6,1.0,0.49,0.51,0.5,0.38,10,18,9,7,1,1,0,0,602.0,635.0,28.0,18.0,497503,https://www.reddit.com/r/soccer/comments/1ghybhn/match_thread_liverpool_vs_brighton_hove_albion/,42.0,792.0,MatchThreadder,2024-11-02 14:59:00,1ghybhn
87,497506,2024-11-02 15:00:00,10,FINISHED,Nottingham Forest,NOT,West Ham United,WHU,4-2-3-1,3-4-3,3,0,Nottingham Forest FC,Peter Bankes,Sat,2024-11-02,15:00 (22:00),The City Ground,30112,Nuno Espírito Santo,Lopetegui,2.2,0.1,0.54,0.46,0.32,0.25,7,9,10,6,1,4,0,0,606.0,529.0,18.0,13.0,497506,https://www.reddit.com/r/soccer/comments/1ghyslj/match_thread_nottingham_forest_vs_west_ham_united/,22.0,37.0,MatchThreadder,2024-11-02 15:20:00,1ghyslj
88,497507,2024-11-02 15:00:00,10,FINISHED,Southampton,SOU,Everton,EVE,5-4-1,4-2-3-1,1,0,Southampton FC,Andy Madley,Sat,2024-11-02,15:00 (22:00),St Mary's Stadium,31143,Russell Martin,Sean Dyche,0.7,1.6,0.65,0.35,0.22,0.31,14,18,3,6,4,2,0,0,736.0,437.0,14.0,21.0,497507,https://www.reddit.com/r/soccer/comments/1ghyovj/match_thread_southampton_vs_everton_english/,10.0,14.0,MatchThreadder,2024-11-02 15:16:00,1ghyovj
89,497509,2024-11-02 17:30:00,10,FINISHED,Wolverhampton Wanderers,WOL,Crystal Palace,CRY,3-4-3,3-4-3,2,2,DRAW,Anthony Taylor,Sat,2024-11-02,17:30 (00:30),Molineux Stadium,31124,Gary O'Neil,Oliver Glasner,1.5,2.4,0.57,0.43,0.55,0.32,7,9,3,6,1,2,0,0,654.0,546.0,25.0,14.0,497509,https://www.reddit.com/r/soccer/comments/1gi1s3s/match_thread_wolverhampton_wanderers_vs_crystal/,13.0,358.0,MatchThreadder,2024-11-02 17:35:00,1gi1s3s
90,497508,2024-11-03 14:00:00,10,FINISHED,Tottenham Hotspur,TOT,Aston Villa,AVL,4-3-3,4-2-3-1,4,1,Tottenham Hotspur FC,Craig Pawson,Sun,2024-11-03,14:00 (21:00),Tottenham Hotspur Stadium,61253,Ange Postecoglou,Unai Emery,2.4,1.8,0.51,0.49,0.38,0.08,14,14,6,4,2,0,0,0,560.0,525.0,17.0,19.0,497508,https://www.reddit.com/r/soccer/comments/1gin6i8/match_thread_tottenham_vs_aston_villa_english/,41.0,1370.0,VivaLosHeavies,2024-11-03 13:46:00,1gin6i8
91,497504,2024-11-03 16:30:00,10,FINISHED,Manchester United,MUN,Chelsea,CHE,4-2-3-1,4-2-3-1,1,1,DRAW,Robert Jones,Sun,2024-11-03,16:30 (23:30),Old Trafford,73813,Ruud van Nistelrooy,Enzo Maresca,2.0,1.1,0.46,0.54,0.3,0.25,19,14,4,8,6,2,0,0,554.0,616.0,22.0,20.0,497504,https://www.reddit.com/r/soccer/comments/1giqk9j/match_thread_manchester_united_vs_chelsea_english/,92.0,2989.0,VivaLosHeavies,2024-11-03 16:19:00,1giqk9j
92,497501,2024-11-04 20:00:00,10,FINISHED,Fulham,FUL,Brentford,BRE,4-2-3-1,4-2-3-1,2,1,Fulham FC,Stuart Attwell,Mon,2024-11-04,20:00 (03:00),Craven Cottage,24931,Marco Silva,Thomas Frank,1.3,0.6,0.68,0.32,0.46,0.4,3,10,11,3,2,1,0,0,812.0,472.0,15.0,16.0,497501,https://www.reddit.com/r/soccer/comments/1gjnhn6/match_thread_fulham_vs_brentford_english_premier/,25.0,319.0,MatchThreadder,2024-11-04 19:53:00,1gjnhn6
93,497510,2024-11-09 15:00:00,11,FINISHED,Brentford,BRE,Bournemouth,BOU,4-3-3,4-2-3-1,3,2,Brentford FC,Darren Bond,Sat,2024-11-09,15:00 (22:00),Gtech Community Stadium,16587,Thomas Frank,Andoni Iraola,1.5,2.6,0.51,0.49,0.5,0.2,8,16,6,4,2,4,0,0,579.0,564.0,11.0,16.0,497510,https://www.reddit.com/r/soccer/comments/1gnbye9/match_thread_brentford_vs_afc_bournemouth_english/,11.0,39.0,MatchThreadder,2024-11-09 15:02:00,1gnbye9
94,497513,2024-11-09 15:00:00,11,FINISHED,Crystal Palace,CRY,Fulham,FUL,3-4-3,4-2-3-1,0,2,Fulham FC,Michael Salisbury,Sat,2024-11-09,15:00 (22:00),Selhurst Park,25142,Oliver Glasner,Marco Silva,1.5,1.8,0.36,0.64,0.31,0.41,10,11,1,8,1,1,1,0,517.0,784.0,19.0,16.0,497513,https://www.reddit.com/r/soccer/comments/1gnby8a/match_thread_crystal_palace_vs_fulham_english/,10.0,69.0,MatchThreadder,2024-11-09 15:01:00,1gnby8a
95,497518,2024-11-09 15:00:00,11,FINISHED,West Ham United,WHU,Everton,EVE,4-1-4-1,4-2-3-1,0,0,DRAW,Stuart Attwell,Sat,2024-11-09,15:00 (22:00),London Stadium,62463,Lopetegui,Sean Dyche,0.8,1.1,0.49,0.51,0.55,0.22,10,9,7,6,1,2,0,0,629.0,633.0,13.0,20.0,497518,https://www.reddit.com/r/soccer/comments/1gnc1ei/match_thread_west_ham_united_vs_everton_english/,6.0,43.0,MatchThreadder,2024-11-09 15:05:00,1gnc1ei
96,497511,2024-11-09 17:30:00,11,FINISHED,Brighton & Hove Albion,BHA,Manchester City,MCI,4-4-2,4-1-4-1,2,1,Brighton & Hove Albion FC,Sam Barrott,Sat,2024-11-09,17:30 (00:30),The American Express Stadium,31715,Fabian Hürzeler,Pep Guardiola,2.3,2.1,0.4,0.6,0.4,0.4,12,10,0,4,3,3,0,0,568.0,773.0,16.0,12.0,497511,https://www.reddit.com/r/soccer/comments/1gnhuuj/post_match_thread_brighton_21_manchester_city/,1125.0,860.0,VivaLosHeavies,2024-11-09 19:29:00,1gnhuuj
97,497514,2024-11-09 20:00:00,11,FINISHED,Liverpool,LIV,Aston Villa,AVL,4-2-3-1,4-2-3-1,2,0,Liverpool FC,David Coote,Sat,2024-11-09,20:00 (03:00),Anfield,60292,Arne Slot,Unai Emery,2.0,1.2,0.62,0.38,0.36,0.17,11,15,2,9,0,3,0,0,747.0,482.0,12.0,16.0,497514,https://www.reddit.com/r/soccer/comments/1gni8iw/match_thread_liverpool_vs_aston_villa_english/,68.0,1918.0,VivaLosHeavies,2024-11-09 19:46:00,1gni8iw
98,497515,2024-11-10 14:00:00,11,FINISHED,Manchester United,MUN,Leicester City,LEI,4-2-3-1,4-3-3,3,0,Manchester United FC,Peter Bankes,Sun,2024-11-10,14:00 (21:00),Old Trafford,73829,Ruud van Nistelrooy,Steve Cooper,0.8,0.6,0.51,0.49,0.23,0.83,9,5,1,5,0,1,0,0,659.0,633.0,33.0,22.0,497515,https://www.reddit.com/r/soccer/comments/1go1bno/match_thread_manchester_united_vs_leicester_city/,22.0,341.0,MatchThreadder,2024-11-10 14:03:00,1go1bno
99,497516,2024-11-10 14:00:00,11,FINISHED,Nottingham Forest,NOT,Newcastle United,NEW,4-2-3-1,4-3-3,1,3,Newcastle United FC,Anthony Taylor,Sun,2024-11-10,14:00 (21:00),The City Ground,30145,Nuno Espírito Santo,Eddie Howe,0.6,1.6,0.44,0.56,0.33,0.35,13,6,4,5,1,1,0,0,537.0,666.0,29.0,13.0,497516,https://www.reddit.com/r/soccer/comments/1go1grf/match_thread_nottingham_forest_vs_newcastle/,16.0,449.0,MatchThreadder,2024-11-10 14:10:00,1go1grf
100,497517,2024-11-10 14:00:00,11,FINISHED,Tottenham Hotspur,TOT,Ipswich Town,IPS,4-3-3,4-2-3-1,1,2,Ipswich Town FC,Darren England,Sun,2024-11-10,14:00 (21:00),Tottenham Hotspur Stadium,61505,Ange Postecoglou,Kieran McKenna,1.5,1.6,0.66,0.34,0.29,0.38,10,19,12,2,1,5,0,0,714.0,446.0,13.0,17.0,497517,https://www.reddit.com/r/soccer/comments/1go1d1u/match_thread_tottenham_hotspur_vs_ipswich_town/,34.0,348.0,MatchThreadder,2024-11-10 14:05:00,1go1d1u
101,497512,2024-11-10 16:30:00,11,FINISHED,Chelsea,CHE,Arsenal,ARS,4-2-3-1,4-3-3,1,1,DRAW,Michael Oliver,Sun,2024-11-10,16:30 (23:30),Stamford Bridge,39780,Enzo Maresca,Mikel Arteta,1.5,1.5,0.49,0.51,0.18,0.23,12,12,4,3,4,2,0,0,543.0,564.0,19.0,13.0,497512,https://www.reddit.com/r/soccer/comments/1go47cv/match_thread_chelsea_vs_arsenal_english_premier/,74.0,4156.0,VivaLosHeavies,2024-11-10 16:17:00,1go47cv
102,497526,2024-11-23 12:30:00,12,FINISHED,Leicester City,LEI,Chelsea,CHE,4-4-1-1,4-2-3-1,1,2,Chelsea FC,Andy Madley,Sat,2024-11-23,12:30 (19:30),King Power Stadium,31880,Steve Cooper,Enzo Maresca,1.1,2.7,0.37,0.63,0.0,0.38,15,12,2,9,4,3,0,0,500.0,755.0,18.0,18.0,497526,https://www.reddit.com/r/soccer/comments/1gxygws/match_thread_leicester_city_vs_chelsea_english/,30.0,1091.0,MatchThreadder,2024-11-23 12:23:00,1gxygws
103,497520,2024-11-23 15:00:00,12,FINISHED,Bournemouth,BOU,Brighton & Hove Albion,BHA,4-2-3-1,4-2-3-1,1,2,Brighton & Hove Albion FC,Stuart Attwell,Sat,2024-11-23,15:00 (22:00),Vitality Stadium,11196,Andoni Iraola,Fabian Hürzeler,1.6,0.9,0.55,0.45,0.26,0.67,13,10,7,0,2,4,0,0,646.0,565.0,20.0,20.0,497520,https://www.reddit.com/r/soccer/comments/1gy1u9t/match_thread_afc_bournemouth_vs_brighton_hove/,3.0,32.0,MatchThreadder,2024-11-23 15:15:00,1gy1u9t
104,497521,2024-11-23 15:00:00,12,FINISHED,Arsenal,ARS,Nottingham Forest,NOT,4-3-3,4-2-3-1,3,0,Arsenal FC,Simon Hooper,Sat,2024-11-23,15:00 (22:00),Emirates Stadium,60298,Mikel Arteta,Nuno Espírito Santo,1.2,0.3,0.66,0.34,0.32,0.0,10,11,8,1,3,2,0,0,730.0,422.0,15.0,16.0,497521,https://www.reddit.com/r/soccer/comments/1gy1gh9/match_thread_arsenal_vs_nottingham_forest_english/,17.0,1060.0,MatchThreadder,2024-11-23 14:58:00,1gy1gh9
105,497523,2024-11-23 15:00:00,12,FINISHED,Everton,EVE,Brentford,BRE,4-2-3-1,4-3-3,0,0,DRAW,Chris Kavanagh,Sat,2024-11-23,15:00 (22:00),Goodison Park,38915,Sean Dyche,Thomas Frank,1.2,1.1,0.59,0.41,0.19,0.22,8,10,10,4,0,0,0,1,648.0,490.0,12.0,18.0,497523,https://www.reddit.com/r/soccer/comments/1gy1goq/match_thread_everton_vs_brentford_english_premier/,12.0,30.0,MatchThreadder,2024-11-23 14:58:00,1gy1goq
106,497524,2024-11-23 15:00:00,12,FINISHED,Fulham,FUL,Wolverhampton Wanderers,WOL,4-2-3-1,3-4-3,1,4,Wolverhampton Wanderers FC,Robert Jones,Sat,2024-11-23,15:00 (22:00),Craven Cottage,26685,Marco Silva,Gary O'Neil,1.0,1.3,0.59,0.41,0.3,0.5,14,14,7,2,3,0,0,0,706.0,561.0,23.0,17.0,497524,https://www.reddit.com/r/soccer/comments/1gy1wgx/match_thread_fulham_vs_wolverhampton_wanderers/,13.0,6.0,MatchThreadder,2024-11-23 15:18:00,1gy1wgx
107,497527,2024-11-23 17:30:00,12,FINISHED,Manchester City,MCI,Tottenham Hotspur,TOT,4-3-3,4-3-3,0,4,Tottenham Hotspur FC,John Brooks,Sat,2024-11-23,17:30 (00:30),Etihad Stadium,52478,Pep Guardiola,Ange Postecoglou,2.1,2.5,0.58,0.42,0.22,0.78,19,9,9,3,4,2,0,0,716.0,550.0,13.0,13.0,497527,https://www.reddit.com/r/soccer/comments/1gy4nqo/match_thread_manchester_city_vs_tottenham_english/,144.0,3315.0,VivaLosHeavies,2024-11-23 17:18:00,1gy4nqo
108,497529,2024-11-24 14:00:00,12,FINISHED,Southampton,SOU,Liverpool,LIV,5-4-1,4-2-3-1,2,3,Liverpool FC,Sam Barrott,Sun,2024-11-24,14:00 (21:00),St Mary's Stadium,31278,Russell Martin,Arne Slot,1.3,3.1,0.38,0.62,0.67,0.38,11,9,3,10,3,4,0,0,526.0,738.0,15.0,16.0,497529,https://www.reddit.com/r/soccer/comments/1gyrrah/match_thread_southampton_vs_liverpool_english/,69.0,2676.0,MatchThreadder,2024-11-24 14:08:00,1gyrrah
109,497525,2024-11-24 16:30:00,12,FINISHED,Ipswich Town,IPS,Manchester United,MUN,4-2-3-1,3-4-3,1,1,DRAW,Anthony Taylor,Sun,2024-11-24,16:30 (23:30),Portman Road Stadium,30017,Kieran McKenna,Rúben Amorim,1.6,0.8,0.4,0.6,0.55,0.36,11,10,4,3,0,0,0,0,554.0,781.0,16.0,15.0,497525,https://www.reddit.com/r/soccer/comments/1gyuv1c/match_thread_ipswich_vs_manchester_united_english/,44.0,1869.0,VivaLosHeavies,2024-11-24 16:27:00,1gyuv1c
110,497528,2024-11-25 20:00:00,12,FINISHED,Newcastle United,NEW,West Ham United,WHU,4-3-3,4-2-3-1,0,2,West Ham United FC,Craig Pawson,Mon,2024-11-25,20:00 (03:00),St James' Park,52094,Eddie Howe,Lopetegui,1.6,0.9,0.53,0.47,0.11,0.4,11,8,8,3,1,0,0,0,681.0,649.0,21.0,26.0,497528,https://www.reddit.com/r/soccer/comments/1gzs4ix/match_thread_newcastle_united_vs_west_ham_united/,41.0,474.0,MatchThreadder,2024-11-25 19:55:00,1gzs4ix
111,497531,2024-11-29 20:00:00,13,FINISHED,Brighton & Hove Albion,BHA,Southampton,SOU,4-4-2,5-4-1,1,1,DRAW,Robert Jones,Fri,2024-11-29,20:00 (03:00),The American Express Stadium,31542,Fabian Hürzeler,Russell Martin,1.7,1.0,0.53,0.47,0.23,0.2,20,16,7,6,2,4,0,0,623.0,570.0,14.0,17.0,497531,https://www.reddit.com/r/soccer/comments/1h2u4ew/match_thread_brighton_hove_albion_vs_southampton/,16.0,388.0,MatchThreadder,2024-11-29 19:47:00,1h2u4ew
112,497530,2024-11-30 15:00:00,13,FINISHED,Brentford,BRE,Leicester City,LEI,4-2-3-1,3-4-3,4,1,Brentford FC,Michael Oliver,Sat,2024-11-30,15:00 (22:00),Gtech Community Stadium,17084,Thomas Frank,Ben Dawson,2.4,1.1,0.6,0.4,0.46,0.43,9,10,5,4,1,1,0,0,741.0,528.0,20.0,15.0,497530,https://www.reddit.com/r/soccer/comments/1h3e8rh/match_thread_brentford_vs_leicester_city_english/,13.0,23.0,MatchThreadder,2024-11-30 14:55:00,1h3e8rh
113,497536,2024-11-30 15:00:00,13,FINISHED,Nottingham Forest,NOT,Ipswich Town,IPS,4-2-3-1,4-2-3-1,1,0,Nottingham Forest FC,Tony Harrington,Sat,2024-11-30,15:00 (22:00),The City Ground,30237,Nuno Espírito Santo,Kieran McKenna,1.6,0.6,0.45,0.55,0.36,0.29,5,16,8,7,1,3,0,0,468.0,531.0,20.0,16.0,497536,https://www.reddit.com/r/soccer/comments/1h3et68/match_thread_nottingham_forest_vs_ipswich_town/,9.0,10.0,MatchThreadder,2024-11-30 15:23:00,1h3et68
114,497539,2024-11-30 15:00:00,13,FINISHED,Wolverhampton Wanderers,WOL,Bournemouth,BOU,4-2-3-1,4-2-3-1,2,4,AFC Bournemouth,Peter Bankes,Sat,2024-11-30,15:00 (22:00),Molineux Stadium,26685,Gary O'Neil,Andoni Iraola,0.5,3.3,0.6,0.4,0.3,0.56,13,11,3,4,5,1,0,0,706.0,510.0,28.0,26.0,497539,https://www.reddit.com/r/soccer/comments/1h3e6zr/match_thread_wolverhampton_wanderers_vs/,22.0,121.0,MysteryBagIdeals,2024-11-30 14:53:00,1h3e6zr
115,497538,2024-11-30 17:30:00,13,FINISHED,West Ham United,WHU,Arsenal,ARS,4-2-3-1,4-3-3,2,5,Arsenal FC,Anthony Taylor,Sat,2024-11-30,17:30 (00:30),London Stadium,62475,Lopetegui,Mikel Arteta,1.5,3.5,0.4,0.6,0.42,0.36,10,13,2,10,4,1,0,0,471.0,621.0,22.0,17.0,497538,https://www.reddit.com/r/soccer/comments/1h3k8ry/post_match_thread_west_ham_25_arsenal_english/,196.0,200.0,MatchThreadder,2024-11-30 19:28:00,1h3k8ry
116,497532,2024-12-01 13:30:00,13,FINISHED,Chelsea,CHE,Aston Villa,AVL,4-2-3-1,4-2-3-1,3,0,Chelsea FC,Stuart Attwell,Sun,2024-12-01,13:30 (20:30),Stamford Bridge,40853,Enzo Maresca,Unai Emery,1.6,1.2,0.64,0.36,0.47,0.3,21,6,3,4,2,2,0,0,737.0,460.0,17.0,16.0,497532,https://www.reddit.com/r/soccer/comments/1h43ed1/match_thread_chelsea_vs_aston_villa_english/,39.0,978.0,MatchThreadder,2024-12-01 13:34:00,1h43ed1
117,497535,2024-12-01 13:30:00,13,FINISHED,Manchester United,MUN,Everton,EVE,3-4-3,4-2-3-1,4,0,Manchester United FC,John Brooks,Sun,2024-12-01,13:30 (20:30),Old Trafford,73817,Rúben Amorim,Sean Dyche,1.1,0.6,0.6,0.4,0.45,0.25,12,12,2,2,2,3,0,0,740.0,525.0,16.0,19.0,497535,https://www.reddit.com/r/soccer/comments/1h439a5/match_thread_manchester_united_vs_everton_english/,30.0,463.0,MatchThreadder,2024-12-01 13:27:00,1h439a5
118,497537,2024-12-01 13:30:00,13,FINISHED,Tottenham Hotspur,TOT,Fulham,FUL,4-3-3,4-2-3-1,1,1,DRAW,Darren Bond,Sun,2024-12-01,13:30 (20:30),Tottenham Hotspur Stadium,61141,Ange Postecoglou,Marco Silva,0.8,1.5,0.51,0.49,0.38,0.43,4,14,7,11,0,1,0,1,641.0,605.0,16.0,16.0,497537,https://www.reddit.com/r/soccer/comments/1h43ehd/match_thread_tottenham_hotspur_vs_fulham_english/,16.0,376.0,MatchThreadder,2024-12-01 13:35:00,1h43ehd
119,497534,2024-12-01 16:00:00,13,FINISHED,Liverpool,LIV,Manchester City,MCI,4-2-3-1,4-2-3-1,2,0,Liverpool FC,Chris Kavanagh,Sun,2024-12-01,16:00 (23:00),Anfield,60248,Arne Slot,Pep Guardiola,3.4,0.8,0.44,0.56,0.35,0.25,9,8,7,4,1,3,0,0,571.0,686.0,22.0,17.0,497534,https://www.reddit.com/r/soccer/comments/1h464hu/match_thread_liverpool_vs_manchester_city_english/,160.0,4399.0,VivaLosHeavies,2024-12-01 15:48:00,1h464hu
120,497545,2024-12-03 19:30:00,14,FINISHED,Ipswich Town,IPS,Crystal Palace,CRY,4-2-3-1,3-4-3,0,1,Crystal Palace FC,Craig Pawson,Tue,2024-12-03,19:30 (02:30),Portman Road Stadium,29533,Kieran McKenna,Oliver Glasner,0.5,1.6,0.54,0.46,0.22,0.23,14,13,4,7,2,4,0,0,670.0,570.0,18.0,15.0,497545,https://www.reddit.com/r/soccer/comments/1h5vhkt/match_thread_ipswich_town_vs_crystal_palace/,18.0,172.0,MysteryBagIdeals,2024-12-03 19:17:00,1h5vhkt
121,497546,2024-12-03 20:15:00,14,FINISHED,Leicester City,LEI,West Ham United,WHU,4-2-3-1,4-2-3-1,3,1,Leicester City FC,Joshua Smith,Tue,2024-12-03,20:15 (03:15),King Power Stadium,30947,Ruud van Nistelrooy,Lopetegui,1.7,3.0,0.39,0.61,0.75,0.26,9,7,3,9,2,2,0,0,552.0,783.0,35.0,13.0,497546,https://www.reddit.com/r/soccer/comments/1h5wn2q/match_thread_leicester_city_vs_west_ham_united/,21.0,315.0,MatchThreadder,2024-12-03 20:03:00,1h5wn2q
122,497543,2024-12-04 19:30:00,14,FINISHED,Everton,EVE,Wolverhampton Wanderers,WOL,4-2-3-1,3-4-3,4,0,Everton FC,Michael Salisbury,Wed,2024-12-04,19:30 (02:30),Goodison Park,38820,Sean Dyche,Gary O'Neil,1.0,0.8,0.44,0.56,0.31,0.33,10,8,3,4,2,0,0,0,535.0,632.0,20.0,30.0,497543,https://www.reddit.com/r/soccer/comments/1h6q5ds/match_thread_everton_vs_wolverhampton_wanderers/,18.0,18.0,MatchThreadder,2024-12-04 20:23:00,1h6q5ds
123,497547,2024-12-04 19:30:00,14,FINISHED,Manchester City,MCI,Nottingham Forest,NOT,4-2-3-1,4-2-3-1,3,0,Manchester City FC,Michael Oliver,Wed,2024-12-04,19:30 (02:30),Etihad Stadium,51764,Pep Guardiola,Nuno Espírito Santo,2.4,1.0,0.66,0.34,0.35,0.25,7,15,8,2,2,4,0,0,714.0,427.0,16.0,24.0,497547,https://www.reddit.com/r/soccer/comments/1h6ogfb/match_thread_manchester_city_vs_nottingham_forest/,18.0,178.0,MatchThreadder,2024-12-04 19:15:00,1h6ogfb
124,497548,2024-12-04 19:30:00,14,FINISHED,Newcastle United,NEW,Liverpool,LIV,4-3-3,4-2-3-1,3,3,DRAW,Andy Madley,Wed,2024-12-04,19:30 (02:30),St James' Park,52237,Eddie Howe,Arne Slot,2.1,1.9,0.42,0.58,0.35,0.31,9,17,5,6,2,5,0,0,510.0,677.0,14.0,23.0,497548,https://www.reddit.com/r/soccer/comments/1h6oxxq/match_thread_newcastle_united_vs_liverpool/,52.0,1883.0,MatchThreadder,2024-12-04 19:35:00,1h6oxxq
125,497549,2024-12-04 19:30:00,14,FINISHED,Southampton,SOU,Chelsea,CHE,5-3-2,4-2-3-1,1,5,Chelsea FC,Tony Harrington,Wed,2024-12-04,19:30 (02:30),St Mary's Stadium,31193,Russell Martin,Enzo Maresca,1.6,5.2,0.45,0.55,0.67,0.42,7,14,5,7,1,0,1,0,552.0,652.0,12.0,15.0,497549,https://www.reddit.com/r/soccer/comments/1h6oi11/match_thread_southampton_vs_chelsea_english/,36.0,528.0,MatchThreadder,2024-12-04 19:17:00,1h6oi11
126,497541,2024-12-04 20:15:00,14,FINISHED,Arsenal,ARS,Manchester United,MUN,4-3-3,3-4-3,2,0,Arsenal FC,Sam Barrott,Wed,2024-12-04,20:15 (03:15),Emirates Stadium,60256,Mikel Arteta,Rúben Amorim,2.1,0.2,0.51,0.49,0.43,0.4,12,8,13,0,1,3,0,0,588.0,590.0,15.0,19.0,497541,https://www.reddit.com/r/soccer/comments/1h6pfk8/match_thread_arsenal_vs_manchester_united_english/,61.0,1662.0,scoreboard-app,2024-12-04 19:55:00,1h6pfk8
127,497542,2024-12-04 20:15:00,14,FINISHED,Aston Villa,AVL,Brentford,BRE,4-2-3-1,4-3-3,3,1,Aston Villa FC,Lewis Smith,Wed,2024-12-04,20:15 (03:15),Villa Park,42148,Unai Emery,Thomas Frank,2.4,0.9,0.49,0.51,0.47,0.11,11,15,10,5,2,2,0,0,537.0,547.0,16.0,14.0,497542,https://www.reddit.com/r/soccer/comments/1h6q0ob/match_thread_aston_villa_vs_brentford_english/,20.0,30.0,MatchThreadder,2024-12-04 20:18:00,1h6q0ob
128,497544,2024-12-05 19:30:00,14,FINISHED,Fulham,FUL,Brighton & Hove Albion,BHA,4-2-3-1,3-4-3,3,1,Fulham FC,Peter Bankes,Thu,2024-12-05,19:30 (02:30),Craven Cottage,26368,Marco Silva,Fabian Hürzeler,1.1,1.4,0.43,0.57,0.33,0.23,7,8,5,6,2,2,0,0,531.0,665.0,16.0,11.0,497544,https://www.reddit.com/r/soccer/comments/1h7hno0/match_thread_fulham_vs_brighton_hove_albion/,7.0,100.0,MatchThreadder,2024-12-05 19:35:00,1h7hno0
129,497540,2024-12-05 20:15:00,14,FINISHED,Bournemouth,BOU,Tottenham Hotspur,TOT,4-2-3-1,4-3-3,1,0,AFC Bournemouth,Simon Hooper,Thu,2024-12-05,20:15 (03:15),Vitality Stadium,11234,Andoni Iraola,Ange Postecoglou,3.5,0.9,0.35,0.65,0.38,0.33,15,8,5,9,2,2,0,0,436.0,679.0,25.0,24.0,497540,https://www.reddit.com/r/soccer/comments/1h7ibys/match_thread_bournemouth_vs_tottenham_hotspur/,20.0,632.0,MysteryBagIdeals,2024-12-05 20:03:00,1h7ibys
130,497550,2024-12-07 15:00:00,15,FINISHED,Aston Villa,AVL,Southampton,SOU,4-2-3-1,5-3-2,1,0,Aston Villa FC,Darren Bond,Sat,2024-12-07,15:00 (22:00),Villa Park,42453,Unai Emery,Russell Martin,2.3,0.3,0.47,0.53,0.22,0.0,18,15,14,1,1,3,0,0,562.0,635.0,27.0,15.0,497550,https://www.reddit.com/r/soccer/comments/1h8v2pl/match_thread_aston_villa_vs_southampton_english/,18.0,5.0,MatchThreadder,2024-12-07 15:40:00,1h8v2pl
131,497551,2024-12-07 15:00:00,15,FINISHED,Brentford,BRE,Newcastle United,NEW,3-4-3,4-3-3,4,2,Brentford FC,Tim Robinson,Sat,2024-12-07,15:00 (22:00),Gtech Community Stadium,17078,Thomas Frank,Eddie Howe,1.2,1.5,0.43,0.57,0.64,0.19,10,7,3,4,3,0,0,0,542.0,666.0,24.0,12.0,497551,https://www.reddit.com/r/soccer/comments/1h8ubxh/match_thread_brentford_vs_newcastle_united/,11.0,70.0,MatchThreadder,2024-12-07 15:04:00,1h8ubxh
132,497552,2024-12-07 15:00:00,15,FINISHED,Crystal Palace,CRY,Manchester City,MCI,3-4-3,4-2-3-1,2,2,DRAW,Robert Jones,Sat,2024-12-07,15:00 (22:00),Selhurst Park,25142,Oliver Glasner,Pep Guardiola,1.3,1.4,0.32,0.68,0.25,0.33,4,10,6,8,1,2,0,0,471.0,854.0,18.0,14.0,497552,https://www.reddit.com/r/soccer/comments/1h8tz05/match_thread_crystal_palace_vs_manchester_city/,45.0,1058.0,MatchThreadder,2024-12-07 14:47:00,1h8tz05
133,497557,2024-12-07 17:30:00,15,FINISHED,Manchester United,MUN,Nottingham Forest,NOT,3-4-3,4-2-3-1,2,3,Nottingham Forest FC,Darren England,Sat,2024-12-07,17:30 (00:30),Old Trafford,73778,Rúben Amorim,Nuno Espírito Santo,1.6,0.8,0.71,0.29,0.41,0.27,10,13,5,3,0,2,0,0,732.0,371.0,13.0,16.0,497557,https://www.reddit.com/r/soccer/comments/1h8x4d0/match_thread_manchester_united_vs_nottingham/,43.0,1769.0,VivaLosHeavies,2024-12-07 17:14:00,1h8x4d0
134,497554,2024-12-08 14:00:00,15,FINISHED,Fulham,FUL,Arsenal,ARS,4-2-3-1,4-3-3,1,1,DRAW,Chris Kavanagh,Sun,2024-12-08,14:00 (21:00),Craven Cottage,26954,Marco Silva,Mikel Arteta,0.2,1.8,0.34,0.66,1.0,0.33,10,9,0,6,4,2,0,0,425.0,744.0,27.0,9.0,497554,https://www.reddit.com/r/soccer/comments/1h9jagx/match_thread_fulham_vs_arsenal_english_premier/,37.0,1792.0,MatchThreadder,2024-12-08 13:53:00,1h9jagx
135,497556,2024-12-08 14:00:00,15,FINISHED,Leicester City,LEI,Brighton & Hove Albion,BHA,4-2-3-1,4-2-3-1,2,2,DRAW,Stuart Attwell,Sun,2024-12-08,14:00 (21:00),King Power Stadium,31647,Ruud van Nistelrooy,Fabian Hürzeler,1.3,1.5,0.56,0.44,0.3,0.44,9,10,4,5,1,2,0,0,655.0,573.0,15.0,19.0,497556,https://www.reddit.com/r/soccer/comments/1h9jm02/match_thread_leicester_city_vs_brighton_hove/,18.0,64.0,MatchThreadder,2024-12-08 14:09:00,1h9jm02
136,497558,2024-12-08 16:30:00,15,FINISHED,Tottenham Hotspur,TOT,Chelsea,CHE,4-3-3,4-2-3-1,3,4,Chelsea FC,Anthony Taylor,Sun,2024-12-08,16:30 (23:30),Tottenham Hotspur Stadium,61184,Ange Postecoglou,Enzo Maresca,2.8,2.8,0.39,0.61,0.38,0.4,17,11,5,10,2,3,0,0,455.0,656.0,19.0,18.0,497558,https://www.reddit.com/r/soccer/comments/1h9md5u/match_thread_tottenham_hotspur_vs_chelsea_english/,98.0,4203.0,MatchThreadder,2024-12-08 16:21:00,1h9md5u
137,497559,2024-12-09 20:00:00,15,FINISHED,West Ham United,WHU,Wolverhampton Wanderers,WOL,4-2-3-1,3-4-3,2,1,West Ham United FC,John Brooks,Mon,2024-12-09,20:00 (03:00),London Stadium,62474,Lopetegui,Gary O'Neil,1.0,1.4,0.54,0.46,0.21,0.26,12,17,11,0,5,4,0,0,586.0,513.0,13.0,19.0,497559,https://www.reddit.com/r/soccer/comments/1haikl1/match_thread_west_ham_united_vs_wolverhampton/,23.0,565.0,MatchThreadder,2024-12-09 19:50:00,1haikl1
138,497561,2024-12-14 15:00:00,16,FINISHED,Arsenal,ARS,Everton,EVE,4-3-3,4-3-3,0,0,DRAW,Craig Pawson,Sat,2024-12-14,15:00 (22:00),Emirates Stadium,60176,Mikel Arteta,Sean Dyche,1.2,0.1,0.76,0.24,0.38,0.0,6,9,8,2,0,3,0,0,847.0,354.0,18.0,29.0,497561,https://www.reddit.com/r/soccer/comments/1he4mq1/match_thread_arsenal_vs_everton_english_premier/,19.0,595.0,MatchThreadder,2024-12-14 14:59:00,1he4mq1
139,497564,2024-12-14 15:00:00,16,FINISHED,Liverpool,LIV,Fulham,FUL,4-3-3,4-2-3-1,2,2,DRAW,Tony Harrington,Sat,2024-12-14,15:00 (22:00),Anfield,60333,Arne Slot,Marco Silva,2.1,1.2,0.61,0.39,0.25,0.25,10,7,5,4,3,4,1,0,678.0,481.0,15.0,15.0,497564,https://www.reddit.com/r/soccer/comments/1he4up9/match_thread_liverpool_vs_fulham_english_premier/,46.0,1741.0,MatchThreadder,2024-12-14 15:09:00,1he4up9
140,497566,2024-12-14 15:00:00,16,FINISHED,Newcastle United,NEW,Leicester City,LEI,4-3-3,4-2-3-1,4,0,Newcastle United FC,Thomas Bramall,Sat,2024-12-14,15:00 (22:00),St James' Park,52235,Eddie Howe,Ruud van Nistelrooy,3.8,0.2,0.59,0.41,0.41,0.25,7,16,5,2,3,3,0,0,788.0,576.0,8.0,23.0,497566,https://www.reddit.com/r/soccer/comments/1he4j5o/match_thread_newcastle_united_vs_leicester_city/,17.0,97.0,MatchThreadder,2024-12-14 14:54:00,1he4j5o
141,497567,2024-12-14 17:30:00,16,FINISHED,Nottingham Forest,NOT,Aston Villa,AVL,4-2-3-1,4-2-3-1,2,1,Nottingham Forest FC,Sam Barrott,Sat,2024-12-14,17:30 (00:30),The City Ground,30117,Nuno Espírito Santo,Unai Emery,1.7,0.4,0.5,0.5,0.35,0.25,12,6,4,3,0,1,0,0,620.0,595.0,19.0,11.0,497567,https://www.reddit.com/r/soccer/comments/1he8fsc/match_thread_nottingham_forest_vs_aston_villa/,36.0,519.0,MatchThreadder,2024-12-14 17:59:00,1he8fsc
142,497562,2024-12-15 14:00:00,16,FINISHED,Brighton & Hove Albion,BHA,Crystal Palace,CRY,4-2-3-1,3-4-3,1,3,Crystal Palace FC,Michael Oliver,Sun,2024-12-15,14:00 (21:00),The American Express Stadium,30893,Fabian Hürzeler,Oliver Glasner,1.0,2.2,0.64,0.36,0.29,0.38,11,15,8,5,1,4,0,0,715.0,468.0,22.0,25.0,497562,https://www.reddit.com/r/soccer/comments/1het4zt/match_thread_brighton_hove_albion_vs_crystal/,23.0,562.0,MatchThreadder,2024-12-15 14:00:00,1het4zt
143,497565,2024-12-15 16:30:00,16,FINISHED,Manchester City,MCI,Manchester United,MUN,4-1-4-1,3-4-3,1,2,Manchester United FC,Anthony Taylor,Sun,2024-12-15,16:30 (23:30),Etihad Stadium,53184,Pep Guardiola,Rúben Amorim,0.9,2.1,0.52,0.48,0.3,0.22,5,14,8,2,1,1,0,0,625.0,617.0,14.0,24.0,497565,https://www.reddit.com/r/soccer/comments/1hevtzi/match_thread_manchester_city_vs_manchester_united/,150.0,5590.0,MatchThreadder,2024-12-15 16:12:00,1hevtzi
144,497563,2024-12-15 19:00:00,16,FINISHED,Chelsea,CHE,Brentford,BRE,4-2-3-1,3-5-2,2,1,Chelsea FC,Peter Bankes,Sun,2024-12-15,19:00 (02:00),Stamford Bridge,39571,Enzo Maresca,Thomas Frank,2.2,1.6,0.62,0.38,0.31,0.44,11,7,8,5,2,2,0,0,697.0,481.0,15.0,17.0,497563,https://www.reddit.com/r/soccer/comments/1hezjvj/match_thread_chelsea_vs_brentford_english_premier/,35.0,708.0,VivaLosHeavies,2024-12-15 18:59:00,1hezjvj
145,497568,2024-12-15 19:00:00,16,FINISHED,Southampton,SOU,Tottenham Hotspur,TOT,4-3-1-2,4-2-3-1,0,5,Tottenham Hotspur FC,Darren England,Sun,2024-12-15,19:00 (02:00),St Mary's Stadium,31090,Russell Martin,Ange Postecoglou,0.8,2.3,0.42,0.58,0.33,0.5,8,15,2,5,1,3,0,0,533.0,724.0,15.0,14.0,497568,https://www.reddit.com/r/soccer/comments/1hezqgi/match_thread_southampton_vs_tottenham_hotspur/,55.0,404.0,MatchThreadder,2024-12-15 19:07:00,1hezqgi
146,497560,2024-12-16 20:00:00,16,FINISHED,Bournemouth,BOU,West Ham United,WHU,4-2-3-1,4-1-4-1,1,1,DRAW,Chris Kavanagh,Mon,2024-12-16,20:00 (03:00),Vitality Stadium,11204,Andoni Iraola,Lopetegui,1.9,2.1,0.52,0.48,0.31,0.13,6,11,12,6,0,2,0,0,622.0,579.0,13.0,12.0,497560,https://www.reddit.com/r/soccer/comments/1hfrpv5/match_thread_bournemouth_vs_west_ham_united/,18.0,280.0,MysteryBagIdeals,2024-12-16 19:48:00,1hfrpv5
147,497570,2024-12-21 12:30:00,17,FINISHED,Aston Villa,AVL,Manchester City,MCI,4-2-3-1,4-2-3-1,2,1,Aston Villa FC,Peter Bankes,Sat,2024-12-21,12:30 (19:30),Villa Park,42345,Unai Emery,Pep Guardiola,1.6,1.0,0.44,0.56,0.55,0.5,14,7,5,4,3,3,0,0,533.0,651.0,22.0,6.0,497570,https://www.reddit.com/r/soccer/comments/1hj8zmk/match_thread_aston_villa_vs_manchester_city/,147.0,2219.0,MatchThreadder,2024-12-21 12:35:00,1hj8zmk
148,497571,2024-12-21 15:00:00,17,FINISHED,Brentford,BRE,Nottingham Forest,NOT,4-3-3,3-4-3,0,2,Nottingham Forest FC,Michael Oliver,Sat,2024-12-21,15:00 (22:00),Gtech Community Stadium,17115,Thomas Frank,Nuno Espírito Santo,0.7,0.9,0.64,0.36,0.43,0.6,10,14,9,5,3,4,0,0,688.0,487.0,17.0,20.0,497571,https://www.reddit.com/r/soccer/comments/1hjbo4t/match_thread_brentford_vs_nottingham_forest/,18.0,67.0,MatchThreadder,2024-12-21 15:08:00,1hjbo4t
149,497575,2024-12-21 15:00:00,17,FINISHED,Ipswich Town,IPS,Newcastle United,NEW,4-2-3-1,4-3-3,0,4,Newcastle United FC,Stuart Attwell,Sat,2024-12-21,15:00 (22:00),Portman Road Stadium,29774,Kieran McKenna,Eddie Howe,0.7,2.3,0.42,0.58,0.2,0.47,9,7,2,1,2,0,0,0,540.0,739.0,10.0,15.0,497575,https://www.reddit.com/r/soccer/comments/1hjbmqr/match_thread_ipswich_town_vs_newcastle_united/,13.0,78.0,MatchThreadder,2024-12-21 15:06:00,1hjbmqr
150,497572,2024-12-21 17:30:00,17,FINISHED,Crystal Palace,CRY,Arsenal,ARS,3-4-3,4-3-3,1,5,Arsenal FC,Simon Hooper,Sat,2024-12-21,17:30 (00:30),Selhurst Park,25167,Oliver Glasner,Mikel Arteta,1.6,2.5,0.42,0.58,0.4,0.43,9,8,3,3,2,2,0,0,528.0,710.0,25.0,14.0,497572,https://www.reddit.com/r/soccer/comments/1hjeiun/match_thread_crystal_palace_vs_arsenal_english/,39.0,1384.0,VivaLosHeavies,2024-12-21 17:25:00,1hjeiun
151,497573,2024-12-22 14:00:00,17,FINISHED,Everton,EVE,Chelsea,CHE,4-3-3,4-2-3-1,0,0,DRAW,Chris Kavanagh,Sun,2024-12-22,14:00 (21:00),Goodison Park,39358,Sean Dyche,Enzo Maresca,1.0,1.2,0.25,0.75,0.8,0.33,20,12,2,5,4,1,0,0,344.0,783.0,30.0,23.0,497573,https://www.reddit.com/r/soccer/comments/1hjz9l3/match_thread_everton_vs_chelsea_english_premier/,32.0,858.0,MatchThreadder,2024-12-22 14:14:00,1hjz9l3
152,497574,2024-12-22 14:00:00,17,FINISHED,Fulham,FUL,Southampton,SOU,4-2-3-1,3-4-1-2,0,0,DRAW,Tim Robinson,Sun,2024-12-22,14:00 (21:00),Craven Cottage,26819,Marco Silva,Simon Rusk,0.9,0.3,0.57,0.43,0.33,0.2,8,15,6,5,1,3,0,0,695.0,568.0,10.0,19.0,497574,https://www.reddit.com/r/soccer/comments/1hjyzjt/match_thread_fulham_vs_southampton_english/,14.0,20.0,MatchThreadder,2024-12-22 13:58:00,1hjyzjt
153,497576,2024-12-22 14:00:00,17,FINISHED,Leicester City,LEI,Wolverhampton Wanderers,WOL,4-2-3-1,3-4-3,0,3,Wolverhampton Wanderers FC,Anthony Taylor,Sun,2024-12-22,14:00 (21:00),King Power Stadium,31818,Ruud van Nistelrooy,Vítor Pereira,0.8,1.1,0.54,0.46,0.44,0.5,15,16,6,1,2,0,0,0,686.0,610.0,18.0,20.0,497576,https://www.reddit.com/r/soccer/comments/1hjyyar/match_thread_leicester_city_vs_wolverhampton/,5.0,59.0,MatchThreadder,2024-12-22 13:56:00,1hjyyar
154,497577,2024-12-22 14:00:00,17,FINISHED,Manchester United,MUN,Bournemouth,BOU,3-4-3,4-2-3-1,0,3,AFC Bournemouth,Craig Pawson,Sun,2024-12-22,14:00 (21:00),Old Trafford,73720,Rúben Amorim,Andoni Iraola,2.2,1.6,0.6,0.4,0.3,0.44,11,11,13,1,1,3,0,0,651.0,510.0,19.0,25.0,497577,https://www.reddit.com/r/soccer/comments/1hjyzz8/match_thread_manchester_united_vs_afc_bournemouth/,38.0,951.0,MatchThreadder,2024-12-22 13:59:00,1hjyzz8
155,497578,2024-12-22 16:30:00,17,FINISHED,Tottenham Hotspur,TOT,Liverpool,LIV,4-2-3-1,4-2-3-1,3,6,Liverpool FC,Sam Barrott,Sun,2024-12-22,16:30 (23:30),Tottenham Hotspur Stadium,61439,Ange Postecoglou,Arne Slot,1.3,5.6,0.52,0.48,0.56,0.46,7,9,7,5,1,2,0,0,711.0,681.0,20.0,27.0,497578,https://www.reddit.com/r/soccer/comments/1hk1prp/match_thread_tottenham_vs_liverpool_english/,87.0,3172.0,VivaLosHeavies,2024-12-22 16:19:00,1hk1prp
156,497585,2024-12-26 12:30:00,18,FINISHED,Manchester City,MCI,Everton,EVE,4-1-4-1,4-3-3,1,1,DRAW,Simon Hooper,Thu,2024-12-26,12:30 (19:30),Etihad Stadium,55527,Pep Guardiola,Sean Dyche,2.1,0.7,0.66,0.34,0.17,0.38,5,10,8,5,1,4,0,0,789.0,479.0,16.0,17.0,497585,https://www.reddit.com/r/soccer/comments/1hmndcy/match_thread_manchester_city_vs_everton_english/,142.0,2024.0,MatchThreadder,2024-12-26 12:27:00,1hmndcy
157,497580,2024-12-26 15:00:00,18,FINISHED,Bournemouth,BOU,Crystal Palace,CRY,4-2-3-1,3-4-3,0,0,DRAW,Thomas Bramall,Thu,2024-12-26,15:00 (22:00),Vitality Stadium,11129,Andoni Iraola,Oliver Glasner,1.4,0.4,0.52,0.48,0.17,0.4,13,12,5,2,2,2,0,0,649.0,611.0,22.0,27.0,497580,https://www.reddit.com/r/soccer/comments/1hmq5eo/match_thread_afc_bournemouth_vs_crystal_palace/,18.0,13.0,MatchThreadder,2024-12-26 15:06:00,1hmq5eo
158,497583,2024-12-26 15:00:00,18,FINISHED,Chelsea,CHE,Fulham,FUL,4-2-3-1,4-5-1,1,2,Fulham FC,Sam Barrott,Thu,2024-12-26,15:00 (22:00),Stamford Bridge,39687,Enzo Maresca,Marco Silva,1.1,1.8,0.47,0.53,0.67,0.5,13,13,3,1,1,3,0,0,631.0,704.0,12.0,9.0,497583,https://www.reddit.com/r/soccer/comments/1hmpqbt/match_thread_chelsea_vs_fulham_english_premier/,35.0,641.0,MatchThreadder,2024-12-26 14:45:00,1hmpqbt
159,497586,2024-12-26 15:00:00,18,FINISHED,Newcastle United,NEW,Aston Villa,AVL,4-3-3,4-2-3-1,3,0,Newcastle United FC,Anthony Taylor,Thu,2024-12-26,15:00 (22:00),St James' Park,52168,Eddie Howe,Unai Emery,2.7,0.3,0.62,0.38,0.32,0.25,15,10,9,6,2,1,0,1,679.0,436.0,11.0,15.0,497586,https://www.reddit.com/r/soccer/comments/1hmq2tx/match_thread_newcastle_united_vs_aston_villa/,36.0,486.0,MatchThreadder,2024-12-26 15:02:00,1hmq2tx
160,497587,2024-12-26 15:00:00,18,FINISHED,Nottingham Forest,NOT,Tottenham Hotspur,TOT,4-2-3-1,4-2-3-1,1,0,Nottingham Forest FC,Craig Pawson,Thu,2024-12-26,15:00 (22:00),The City Ground,30200,Nuno Espírito Santo,Ange Postecoglou,1.1,0.9,0.3,0.7,0.3,0.31,12,13,2,7,3,4,0,0,418.0,768.0,21.0,11.0,497587,https://www.reddit.com/r/soccer/comments/1hmqp84/match_thread_nottingham_forest_vs_tottenham/,43.0,198.0,MatchThreadder,2024-12-26 15:33:00,1hmqp84
161,497588,2024-12-26 15:00:00,18,FINISHED,Southampton,SOU,West Ham United,WHU,3-4-1-2,4-1-4-1,0,1,West Ham United FC,Lewis Smith,Thu,2024-12-26,15:00 (22:00),St Mary's Stadium,31059,Ivan Jurić,Lopetegui,1.4,1.7,0.54,0.46,0.28,0.13,15,8,2,2,1,2,0,0,622.0,544.0,15.0,19.0,497588,https://www.reddit.com/r/soccer/comments/1hmqhcd/match_thread_southampton_vs_west_ham_united/,19.0,23.0,MatchThreadder,2024-12-26 15:23:00,1hmqhcd
162,497589,2024-12-26 17:30:00,18,FINISHED,Wolverhampton Wanderers,WOL,Manchester United,MUN,3-4-3,3-4-3,2,0,Wolverhampton Wanderers FC,Tony Harrington,Thu,2024-12-26,17:30 (00:30),Molineux Stadium,31407,Vítor Pereira,Rúben Amorim,0.9,0.4,0.51,0.49,0.57,0.36,12,12,3,4,2,4,0,0,638.0,621.0,26.0,24.0,497589,https://www.reddit.com/r/soccer/comments/1hmt05k/match_thread_wolves_vs_manchester_united_english/,66.0,1663.0,VivaLosHeavies,2024-12-26 17:18:00,1hmt05k
163,497584,2024-12-26 20:00:00,18,FINISHED,Liverpool,LIV,Leicester City,LEI,4-2-3-1,4-2-3-1,3,1,Liverpool FC,Darren Bond,Thu,2024-12-26,20:00 (03:00),Anfield,60300,Arne Slot,Ruud van Nistelrooy,2.0,0.3,0.68,0.32,0.37,0.25,17,5,14,1,3,2,0,0,816.0,454.0,18.0,13.0,497584,https://www.reddit.com/r/soccer/comments/1hmwcqz/match_thread_liverpool_vs_leicester_city_english/,90.0,2586.0,MatchThreadder,2024-12-26 19:50:00,1hmwcqz
164,497582,2024-12-27 19:30:00,18,FINISHED,Brighton & Hove Albion,BHA,Brentford,BRE,4-2-3-1,4-2-3-1,0,0,DRAW,Andy Madley,Fri,2024-12-27,19:30 (02:30),The American Express Stadium,31548,Fabian Hürzeler,Thomas Frank,1.3,1.1,0.57,0.43,0.29,0.38,6,12,5,3,0,2,0,0,654.0,517.0,17.0,18.0,497582,https://www.reddit.com/r/soccer/comments/1hnn04h/match_thread_brighton_hove_albion_vs_brentford/,25.0,377.0,MatchThreadder,2024-12-27 19:39:00,1hnn04h
165,497581,2024-12-27 20:15:00,18,FINISHED,Arsenal,ARS,Ipswich Town,IPS,4-3-3,5-4-1,1,0,Arsenal FC,Darren England,Fri,2024-12-27,20:15 (03:15),Emirates Stadium,60271,Mikel Arteta,Kieran McKenna,1.8,0.2,0.68,0.32,0.38,0.0,7,12,5,1,1,1,0,0,809.0,439.0,24.0,18.0,497581,https://www.reddit.com/r/soccer/comments/1hnnrt4/match_thread_arsenal_vs_ipswich_town_english/,60.0,1670.0,MatchThreadder,2024-12-27 20:13:00,1hnnrt4
166,497596,2024-12-29 14:30:00,19,FINISHED,Leicester City,LEI,Manchester City,MCI,4-2-3-1,4-1-4-1,0,2,Manchester City FC,Michael Oliver,Sun,2024-12-29,14:30 (21:30),King Power Stadium,32057,Ruud van Nistelrooy,Pep Guardiola,1.3,1.3,0.53,0.47,0.27,0.36,11,6,4,4,2,1,0,0,697.0,623.0,14.0,10.0,497596,https://www.reddit.com/r/soccer/comments/1howxd7/match_thread_leicester_city_vs_manchester_city/,45.0,894.0,MatchThreadder,2024-12-29 14:20:00,1howxd7
167,497592,2024-12-29 15:00:00,19,FINISHED,Crystal Palace,CRY,Southampton,SOU,3-4-3,3-4-3,2,1,Crystal Palace FC,Michael Salisbury,Sun,2024-12-29,15:00 (22:00),Selhurst Park,25130,Oliver Glasner,Ivan Jurić,2.0,0.9,0.47,0.53,0.47,0.43,18,19,8,7,2,3,0,0,555.0,609.0,19.0,16.0,497592,https://www.reddit.com/r/soccer/comments/1hoxqjy/match_thread_crystal_palace_vs_southampton/,13.0,20.0,MatchThreadder,2024-12-29 15:02:00,1hoxqjy
168,497593,2024-12-29 15:00:00,19,FINISHED,Everton,EVE,Nottingham Forest,NOT,4-3-3,4-2-3-1,0,2,Nottingham Forest FC,Tony Harrington,Sun,2024-12-29,15:00 (22:00),Goodison Park,25414,Sean Dyche,Nuno Espírito Santo,0.9,1.5,0.64,0.36,0.15,0.64,13,10,5,4,4,1,0,0,667.0,455.0,16.0,18.0,497593,https://www.reddit.com/r/soccer/comments/1hoxlr0/match_thread_everton_vs_nottingham_forest_english/,26.0,60.0,MatchThreadder,2024-12-29 14:56:00,1hoxlr0
169,497598,2024-12-29 15:00:00,19,FINISHED,Tottenham Hotspur,TOT,Wolverhampton Wanderers,WOL,4-2-3-1,3-4-3,2,2,DRAW,Chris Kavanagh,Sun,2024-12-29,15:00 (22:00),Tottenham Hotspur Stadium,61284,Ange Postecoglou,Vítor Pereira,2.2,0.7,0.48,0.52,0.17,0.27,9,10,5,5,1,2,0,0,570.0,605.0,18.0,20.0,497598,https://www.reddit.com/r/soccer/comments/1hoxrvr/match_thread_tottenham_hotspur_vs_wolverhampton/,33.0,462.0,MatchThreadder,2024-12-29 15:04:00,1hoxrvr
170,497599,2024-12-29 17:15:00,19,FINISHED,West Ham United,WHU,Liverpool,LIV,4-2-3-1,4-2-3-1,0,5,Liverpool FC,Anthony Taylor,Sun,2024-12-29,17:15 (00:15),London Stadium,62476,Lopetegui,Arne Slot,0.4,3.1,0.46,0.54,0.0,0.59,7,10,2,6,0,0,0,0,611.0,681.0,17.0,23.0,497599,https://www.reddit.com/r/soccer/comments/1hp0e7p/match_thread_west_ham_vs_liverpool_english/,59.0,1211.0,VivaLosHeavies,2024-12-29 17:06:00,1hp0e7p
171,497590,2024-12-30 19:45:00,19,FINISHED,Aston Villa,AVL,Brighton & Hove Albion,BHA,4-2-3-1,4-2-3-1,2,2,DRAW,Craig Pawson,Mon,2024-12-30,19:45 (02:45),Villa Park,41414,Unai Emery,Fabian Hürzeler,1.8,1.1,0.59,0.41,0.16,0.31,9,14,12,3,2,3,0,0,639.0,500.0,22.0,19.0,497590,https://www.reddit.com/r/soccer/comments/1hpvn6v/match_thread_aston_villa_vs_brighton_hove_albion/,21.0,144.0,MatchThreadder,2024-12-30 19:46:00,1hpvn6v
172,497595,2024-12-30 19:45:00,19,FINISHED,Ipswich Town,IPS,Chelsea,CHE,5-4-1,4-2-3-1,2,0,Ipswich Town FC,John Brooks,Mon,2024-12-30,19:45 (02:45),Portman Road Stadium,29968,Kieran McKenna,Enzo Maresca,1.6,2.0,0.24,0.76,0.63,0.2,9,5,4,7,4,4,0,0,359.0,880.0,17.0,11.0,497595,https://www.reddit.com/r/soccer/comments/1hpvsnu/match_thread_ipswich_town_vs_chelsea_english/,34.0,864.0,MatchThreadder,2024-12-30 19:52:00,1hpvsnu
173,497597,2024-12-30 20:00:00,19,FINISHED,Manchester United,MUN,Newcastle United,NEW,3-4-3,4-3-3,0,2,Newcastle United FC,Simon Hooper,Mon,2024-12-30,20:00 (03:00),Old Trafford,73809,Rúben Amorim,Eddie Howe,0.8,1.9,0.52,0.48,0.0,0.33,13,8,2,3,1,1,0,0,727.0,661.0,26.0,19.0,497597,https://www.reddit.com/r/soccer/comments/1hpvtd9/match_thread_manchester_united_vs_newcastle/,87.0,2985.0,VivaLosHeavies,2024-12-30 19:53:00,1hpvtd9
174,497591,2025-01-01 17:30:00,19,FINISHED,Brentford,BRE,Arsenal,ARS,4-3-1-2,4-3-3,1,3,Arsenal FC,Peter Bankes,Wed,2025-01-01,17:30 (00:30),Gtech Community Stadium,47190,Thomas Frank,Mikel Arteta,0.3,1.9,0.5,0.5,0.4,0.29,6,8,4,3,1,2,0,0,605.0,601.0,10.0,16.0,497591,https://www.reddit.com/r/soccer/comments/1hr7kdb/match_thread_brentford_vs_arsenal_english_premier/,81.0,1932.0,MatchThreadder,2025-01-01 17:27:00,1hr7kdb
175,497553,2025-02-12 19:30:00,15,FINISHED,Everton,EVE,Liverpool,LIV,4-2-3-1,4-2-3-1,2,2,DRAW,Michael Oliver,Wed,2025-02-12,19:30 (02:30),Goodison Park,39280,David Moyes,Arne Slot,1.0,0.6,0.37,0.63,0.3,0.67,9,20,2,3,4,4,0,0,497.0,705.0,19.0,18.0,497553,https://www.reddit.com/r/soccer/comments/1inz7qb/match_thread_everton_vs_liverpool_english_premier/,74.0,3256.0,VivaLosHeavies,2025-02-12 19:21:00,1inz7qb
