home_team,away_team,match_time,post_date,title,url,upvotes,comments,submission_id
Manchester United,Fulham,2024-08-16 19:00,2024-08-16 18:55,Match Thread: Manchester United vs Fulham | English Premier League,https://www.reddit.com/r/soccer/comments/1etwv7n/match_thread_manchester_united_vs_fulham_english/,175,3826,1etwv7n
Arsenal,Wolverhampton Wanderers,2024-08-17 14:00,2024-08-17 13:43,Match Thread: Arsenal vs Wolverhampton Wanderers | English Premier League,https://www.reddit.com/r/soccer/comments/1eui1ym/match_thread_arsenal_vs_wolverhampton_wanderers/,57,1375,1eui1ym
Everton,Brighton & Hove Albion,2024-08-17 14:00,2024-08-17 13:43,Match Thread: Everton vs Brighton & Hove Albion | English Premier League,https://www.reddit.com/r/soccer/comments/1eui26i/match_thread_everton_vs_brighton_hove_albion/,21,196,1eui26i
Newcastle United,Southampton,2024-08-17 14:00,2024-08-17 13:45,Match Thread: Newcastle United vs Southampton | English Premier League,https://www.reddit.com/r/soccer/comments/1eui3pz/match_thread_newcastle_united_vs_southampton/,29,267,1eui3pz
Nottingham Forest,A Bournemouth,2024-08-17 14:00,2024-08-17 13:50,Match Thread: Nottingham Forest vs AFC Bournemouth | English Premier League,https://www.reddit.com/r/soccer/comments/1eui74j/match_thread_nottingham_forest_vs_afc_bournemouth/,14,44,1eui74j
West Ham United,Aston Villa,2024-08-17 16:30,2024-08-17 16:22,Match Thread: West Ham United vs Aston Villa | English Premier League,https://www.reddit.com/r/soccer/comments/1eullxa/match_thread_west_ham_united_vs_aston_villa/,40,611,1eullxa
Brentford,Crystal Palace,2024-08-18 13:00,2024-08-18 13:05,Match Thread: Brentford vs Crystal Palace | English Premier League,https://www.reddit.com/r/soccer/comments/1ev8sh0/match_thread_brentford_vs_crystal_palace_english/,40,749,1ev8sh0
Crystal Palace,West Ham United,2024-08-24 14:00,2024-08-24 14:14,Match Thread: Crystal Palace vs West Ham United | English Premier League,https://www.reddit.com/r/soccer/comments/1f069ds/match_thread_crystal_palace_vs_west_ham_united/,31,62,1f069ds
Fulham,Leicester City,2024-08-24 14:00,2024-08-24 14:00,Match Thread: Fulham vs Leicester City | English Premier League,https://www.reddit.com/r/soccer/comments/1f05yy1/match_thread_fulham_vs_leicester_city_english/,16,49,1f05yy1
Manchester City,Ipswich Town,2024-08-24 14:00,2024-08-24 13:53,Match Thread: Manchester City vs Ipswich Town | English Premier League,https://www.reddit.com/r/soccer/comments/1f05t5x/match_thread_manchester_city_vs_ipswich_town/,52,834,1f05t5x
Tottenham Hotspur,Everton,2024-08-24 14:00,2024-08-24 14:04,Match Thread: Tottenham Hotspur vs Everton | English Premier League,https://www.reddit.com/r/soccer/comments/1f0627i/match_thread_tottenham_hotspur_vs_everton_english/,37,305,1f0627i
A Bournemouth,Newcastle United,2024-08-25 13:00,2024-08-25 12:58,Match Thread: AFC Bournemouth vs Newcastle United | English Premier League,https://www.reddit.com/r/soccer/comments/1f0vr01/match_thread_afc_bournemouth_vs_newcastle_united/,21,417,1f0vr01
Wolverhampton Wanderers,Chelsea,2024-08-25 13:00,2024-08-25 13:02,Match Thread: Wolverhampton Wanderers vs Chelsea | English Premier League,https://www.reddit.com/r/soccer/comments/1f0vtuu/match_thread_wolverhampton_wanderers_vs_chelsea/,85,2178,1f0vtuu
Arsenal,Brighton & Hove Albion,2024-08-31 11:30,2024-08-31 11:14,Match Thread: Arsenal vs Brighton & Hove Albion | English Premier League,https://www.reddit.com/r/soccer/comments/1f5kvh8/match_thread_arsenal_vs_brighton_hove_albion/,57,3114,1f5kvh8
Brentford,Southampton,2024-08-31 14:00,2024-08-31 13:57,Match Thread: Brentford vs Southampton | English Premier League,https://www.reddit.com/r/soccer/comments/1f5nve4/match_thread_brentford_vs_southampton_english/,6,6,1f5nve4
Everton,A Bournemouth,2024-08-31 14:00,2024-08-31 14:06,Match Thread: Everton vs AFC Bournemouth | English Premier League,https://www.reddit.com/r/soccer/comments/1f5o3c8/match_thread_everton_vs_afc_bournemouth_english/,21,86,1f5o3c8
Leicester City,Aston Villa,2024-08-31 14:00,2024-08-31 13:43,Match Thread: Leicester City vs Aston Villa | English Premier League,https://www.reddit.com/r/soccer/comments/1f5nlii/match_thread_leicester_city_vs_aston_villa/,8,156,1f5nlii
Nottingham Forest,Wolverhampton Wanderers,2024-08-31 14:00,2024-08-31 14:30,Match Thread: Nottingham Forest vs Wolverhampton Wanderers | English Premier League,https://www.reddit.com/r/soccer/comments/1f5oln4/match_thread_nottingham_forest_vs_wolverhampton/,19,36,1f5oln4
Chelsea,Crystal Palace,2024-09-01 12:30,2024-09-01 12:27,Match Thread: Chelsea vs Crystal Palace | English Premier League,https://www.reddit.com/r/soccer/comments/1f6d8bc/match_thread_chelsea_vs_crystal_palace_english/,34,678,1f6d8bc
Newcastle United,Tottenham Hotspur,2024-09-01 12:30,2024-09-01 12:31,Match Thread: Newcastle United vs Tottenham Hotspur | English Premier League,https://www.reddit.com/r/soccer/comments/1f6darv/match_thread_newcastle_united_vs_tottenham/,33,1068,1f6darv
Manchester United,Liverpool,2024-09-01 15:00,2024-09-01 16:58,Serious Post Match Thread: Manchester United 0-3 Liverpool | English Premier League 24/25 (Match Day 3),https://www.reddit.com/r/soccer/comments/1f6j9hv/serious_post_match_thread_manchester_united_03/,231,303,1f6j9hv
Brighton & Hove Albion,Ipswich Town,2024-09-14 14:00,2024-09-14 14:11,Match Thread: Brighton & Hove Albion vs Ipswich Town | English Premier League,https://www.reddit.com/r/soccer/comments/1fgmyhe/match_thread_brighton_hove_albion_vs_ipswich_town/,24,36,1fgmyhe
Crystal Palace,Leicester City,2024-09-14 14:00,2024-09-14 14:06,Match Thread: Crystal Palace vs Leicester City | English Premier League,https://www.reddit.com/r/soccer/comments/1fgmuru/match_thread_crystal_palace_vs_leicester_city/,18,55,1fgmuru
Liverpool,Nottingham Forest,2024-09-14 14:00,2024-09-14 13:59,Match Thread: Liverpool vs Nottingham Forest | English Premier League,https://www.reddit.com/r/soccer/comments/1fgmpft/match_thread_liverpool_vs_nottingham_forest/,46,797,1fgmpft
Manchester City,Brentford,2024-09-14 14:00,2024-09-14 13:49,Match Thread: Manchester City vs Brentford | English Premier League,https://www.reddit.com/r/soccer/comments/1fgmi4r/match_thread_manchester_city_vs_brentford_english/,30,442,1fgmi4r
Aston Villa,Everton,2024-09-14 16:30,2024-09-14 16:43,Match Thread: Aston Villa vs Everton | English Premier League,https://www.reddit.com/r/soccer/comments/1fgqcnb/match_thread_aston_villa_vs_everton_english/,35,671,1fgqcnb
Wolverhampton Wanderers,Newcastle United,2024-09-15 15:30,2024-09-15 15:34,Match Thread: Wolverhampton Wanderers vs Newcastle United | English Premier League,https://www.reddit.com/r/soccer/comments/1fhfbbc/match_thread_wolverhampton_wanderers_vs_newcastle/,25,434,1fhfbbc
West Ham United,Chelsea,2024-09-21 11:30,2024-09-21 11:33,Match Thread: West Ham United vs Chelsea | English Premier League,https://www.reddit.com/r/soccer/comments/1fm0ykd/match_thread_west_ham_united_vs_chelsea_english/,52,1516,1fm0ykd
Leicester City,Everton,2024-09-21 14:00,2024-09-21 14:03,Match Thread: Leicester City vs Everton | English Premier League,https://www.reddit.com/r/soccer/comments/1fm3r5j/match_thread_leicester_city_vs_everton_english/,21,59,1fm3r5j
Liverpool,A Bournemouth,2024-09-21 14:00,2024-09-21 14:09,Match Thread: Liverpool vs AFC Bournemouth | English Premier League,https://www.reddit.com/r/soccer/comments/1fm3vzp/match_thread_liverpool_vs_afc_bournemouth_english/,31,416,1fm3vzp
Southampton,Ipswich Town,2024-09-21 14:00,2024-09-21 14:21,Match Thread: Southampton vs Ipswich Town | English Premier League,https://www.reddit.com/r/soccer/comments/1fm44vm/match_thread_southampton_vs_ipswich_town_english/,17,18,1fm44vm
Tottenham Hotspur,Brentford,2024-09-21 14:00,2024-09-21 14:04,Match Thread: Tottenham Hotspur vs. Brentford,https://www.reddit.com/r/soccer/comments/1fm3s6v/match_thread_tottenham_hotspur_vs_brentford/,24,411,1fm3s6v
Crystal Palace,Manchester United,2024-09-21 16:30,2024-09-21 16:35,Match Thread: Crystal Palace vs Manchester United | English Premier League,https://www.reddit.com/r/soccer/comments/1fm70xe/match_thread_crystal_palace_vs_manchester_united/,46,1145,1fm70xe
Brighton & Hove Albion,Nottingham Forest,2024-09-22 13:00,2024-09-22 13:06,Match Thread: Brighton & Hove Albion vs Nottingham Forest | English Premier League,https://www.reddit.com/r/soccer/comments/1fmsu5s/match_thread_brighton_hove_albion_vs_nottingham/,19,582,1fmsu5s
Newcastle United,Manchester City,2024-09-28 11:30,2024-09-28 11:29,Match Thread: Newcastle United vs Manchester City | English Premier League,https://www.reddit.com/r/soccer/comments/1frc7wa/match_thread_newcastle_united_vs_manchester_city/,61,1995,1frc7wa
Arsenal,Leicester City,2024-09-28 14:00,2024-09-28 14:01,Match Thread: Arsenal vs Leicester City | English Premier League,https://www.reddit.com/r/soccer/comments/1frey5d/match_thread_arsenal_vs_leicester_city_english/,45,1708,1frey5d
Brentford,West Ham United,2024-09-28 14:00,2024-09-28 14:40,Match Thread: Brentford vs West Ham United | English Premier League,https://www.reddit.com/r/soccer/comments/1frfrad/match_thread_brentford_vs_west_ham_united_english/,14,5,1frfrad
Chelsea,Brighton & Hove Albion,2024-09-28 14:00,2024-09-28 14:06,Match Thread: Chelsea vs Brighton & Hove Albion | English Premier League,https://www.reddit.com/r/soccer/comments/1frf237/match_thread_chelsea_vs_brighton_hove_albion/,72,1600,1frf237
Everton,Crystal Palace,2024-09-28 14:00,2024-09-28 14:01,Match Thread: Everton vs Crystal Palace | English Premier League,https://www.reddit.com/r/soccer/comments/1freyaz/match_thread_everton_vs_crystal_palace_english/,17,18,1freyaz
Wolverhampton Wanderers,Liverpool,2024-09-28 16:30,2024-09-28 16:32,Match Thread: Wolverhampton Wanderers vs Liverpool | English Premier League,https://www.reddit.com/r/soccer/comments/1fri7kp/match_thread_wolverhampton_wanderers_vs_liverpool/,34,949,1fri7kp
Ipswich Town,Aston Villa,2024-09-29 13:00,2024-09-29 13:03,Match Thread: Ipswich Town vs Aston Villa | English Premier League,https://www.reddit.com/r/soccer/comments/1fs3uzi/match_thread_ipswich_town_vs_aston_villa_english/,37,465,1fs3uzi
A Bournemouth,Southampton,2024-09-30 19:00,2024-09-30 19:05,Match Thread: AFC Bournemouth vs Southampton | English Premier League,https://www.reddit.com/r/soccer/comments/1ft3odp/match_thread_afc_bournemouth_vs_southampton/,29,324,1ft3odp
Crystal Palace,Liverpool,2024-10-05 11:30,2024-10-05 11:31,Match Thread: Crystal Palace vs Liverpool | English Premier League,https://www.reddit.com/r/soccer/comments/1fwob0t/match_thread_crystal_palace_vs_liverpool_english/,63,1383,1fwob0t
Arsenal,Southampton,2024-10-05 14:00,2024-10-05 14:02,Match Thread: Arsenal vs Southampton | English Premier League,https://www.reddit.com/r/soccer/comments/1fwr3sz/match_thread_arsenal_vs_southampton_english/,25,884,1fwr3sz
Brentford,Wolverhampton Wanderers,2024-10-05 14:00,2024-10-05 14:57,Match Thread: Brentford vs Wolverhampton Wanderers | English Premier League,https://www.reddit.com/r/soccer/comments/1fws9ec/match_thread_brentford_vs_wolverhampton_wanderers/,24,12,1fws9ec
Leicester City,A Bournemouth,2024-10-05 14:00,2024-10-05 14:00,Match Thread: Leicester City vs AFC Bournemouth | English Premier League,https://www.reddit.com/r/soccer/comments/1fwr1px/match_thread_leicester_city_vs_afc_bournemouth/,15,39,1fwr1px
Manchester City,Fulham,2024-10-05 14:00,2024-10-05 14:14,Match Thread: Manchester City vs Fulham | English Premier League,https://www.reddit.com/r/soccer/comments/1fwrcje/match_thread_manchester_city_vs_fulham_english/,20,296,1fwrcje
West Ham United,Ipswich Town,2024-10-05 14:00,2024-10-05 14:11,Match Thread: West Ham United vs Ipswich Town | English Premier League,https://www.reddit.com/r/soccer/comments/1fwr9vp/match_thread_west_ham_united_vs_ipswich_town/,17,20,1fwr9vp
Aston Villa,Manchester United,2024-10-06 13:00,2024-10-06 13:02,Match Thread: Aston Villa vs Manchester United | English Premier League,https://www.reddit.com/r/soccer/comments/1fxfzee/match_thread_aston_villa_vs_manchester_united/,55,2745,1fxfzee
Chelsea,Nottingham Forest,2024-10-06 13:00,2024-10-06 13:17,Match Thread: Chelsea vs Nottingham Forest | English Premier League,https://www.reddit.com/r/soccer/comments/1fxg9qp/match_thread_chelsea_vs_nottingham_forest_english/,37,775,1fxg9qp
Brighton & Hove Albion,Tottenham Hotspur,2024-10-06 15:30,2024-10-06 15:32,Match Thread: Brighton & Hove Albion vs Tottenham Hotspur | English Premier League,https://www.reddit.com/r/soccer/comments/1fxj5qu/match_thread_brighton_hove_albion_vs_tottenham/,54,1320,1fxj5qu
Tottenham Hotspur,West Ham United,2024-10-19 11:30,2024-10-19 11:38,Match Thread: Tottenham Hotspur vs West Ham United | English Premier League,https://www.reddit.com/r/soccer/comments/1g76z7p/match_thread_tottenham_hotspur_vs_west_ham_united/,50,1238,1g76z7p
Ipswich Town,Everton,2024-10-19 14:00,2024-10-19 14:06,Match Thread: Ipswich Town vs Everton | English Premier League,https://www.reddit.com/r/soccer/comments/1g79oa1/match_thread_ipswich_town_vs_everton_english/,12,31,1g79oa1
Manchester United,Brentford,2024-10-19 14:00,2024-10-19 14:06,Match Thread: Manchester United vs Brentford | English Premier League,https://www.reddit.com/r/soccer/comments/1g79o4w/match_thread_manchester_united_vs_brentford/,28,930,1g79o4w
Southampton,Leicester City,2024-10-19 14:00,2024-10-19 13:57,Match Thread: Southampton vs Leicester City | English Premier League,https://www.reddit.com/r/soccer/comments/1g79hij/match_thread_southampton_vs_leicester_city/,9,28,1g79hij
A Bournemouth,Arsenal,2024-10-19 16:30,2024-10-19 16:26,Match Thread: AFC Bournemouth vs Arsenal | English Premier League,https://www.reddit.com/r/soccer/comments/1g7cmy6/match_thread_afc_bournemouth_vs_arsenal_english/,54,2251,1g7cmy6
Wolverhampton Wanderers,Manchester City,2024-10-20 13:00,2024-10-20 12:50,Match Thread: Wolverhampton Wanderers vs Manchester City | English Premier League,https://www.reddit.com/r/soccer/comments/1g7xyje/match_thread_wolverhampton_wanderers_vs/,36,1386,1g7xyje
Nottingham Forest,Crystal Palace,2024-10-21 19:00,2024-10-21 18:56,Match Thread: Nottingham Forest vs Crystal Palace | English Premier League,https://www.reddit.com/r/soccer/comments/1g8xmd6/match_thread_nottingham_forest_vs_crystal_palace/,24,436,1g8xmd6
Leicester City,Nottingham Forest,2024-10-25 19:00,2024-10-25 18:57,Match Thread: Leicester City vs Nottingham Forest | English Premier League,https://www.reddit.com/r/soccer/comments/1gc1tpf/match_thread_leicester_city_vs_nottingham_forest/,17,278,1gc1tpf
Brentford,Ipswich Town,2024-10-26 14:00,2024-10-26 14:14,Match Thread: Brentford vs Ipswich Town | English Premier League,https://www.reddit.com/r/soccer/comments/1gcm0g2/match_thread_brentford_vs_ipswich_town_english/,23,29,1gcm0g2
Brighton & Hove Albion,Wolverhampton Wanderers,2024-10-26 14:00,2024-10-26 14:24,Match Thread: Brighton & Hove Albion vs Wolverhampton Wanderers | English Premier League,https://www.reddit.com/r/soccer/comments/1gcm7j4/match_thread_brighton_hove_albion_vs/,11,31,1gcm7j4
Manchester City,Southampton,2024-10-26 14:00,2024-10-26 14:06,Match Thread: Manchester City vs Southampton | English Premier League,https://www.reddit.com/r/soccer/comments/1gcltxm/match_thread_manchester_city_vs_southampton/,24,176,1gcltxm
Everton,Fulham,2024-10-26 16:30,2024-10-26 16:31,Match Thread: Everton vs Fulham | English Premier League,https://www.reddit.com/r/soccer/comments/1gcozqz/match_thread_everton_vs_fulham_english_premier/,10,191,1gcozqz
Crystal Palace,Tottenham Hotspur,2024-10-27 14:00,2024-10-27 14:02,Match Thread: Crystal Palace vs Tottenham Hotspur | English Premier League,https://www.reddit.com/r/soccer/comments/1gdbmyr/match_thread_crystal_palace_vs_tottenham_hotspur/,34,175,1gdbmyr
West Ham United,Manchester United,2024-10-27 14:00,2024-10-27 14:02,Match Thread: West Ham United vs Manchester United | English Premier League,https://www.reddit.com/r/soccer/comments/1gdbmrc/match_thread_west_ham_united_vs_manchester_united/,27,1311,1gdbmrc
Arsenal,Liverpool,2024-10-27 16:30,2024-10-27 18:28,Post Match Thread: Arsenal 2-2 Liverpool | English Premier League 24/25 (Match Day 9),https://www.reddit.com/r/soccer/comments/1gdho0l/post_match_thread_arsenal_22_liverpool_english/,428,2108,1gdho0l
Arsenal,Liverpool,2024-10-27 16:30,2024-10-27 16:30,Match Thread: Arsenal vs Liverpool | English Premier League 24/25 (Match Day 9),https://www.reddit.com/r/soccer/comments/1gdex5q/match_thread_arsenal_vs_liverpool_english_premier/,68,4433,1gdex5q
A Bournemouth,Manchester City,2024-11-02 15:00,2024-11-02 15:00,Match Thread: AFC Bournemouth vs Manchester City | English Premier League,https://www.reddit.com/r/soccer/comments/1ghycpr/match_thread_afc_bournemouth_vs_manchester_city/,44,549,1ghycpr
Ipswich Town,Leicester City,2024-11-02 15:00,2024-11-02 14:56,Match Thread: Ipswich Town vs Leicester City | English Premier League,https://www.reddit.com/r/soccer/comments/1ghy9t0/match_thread_ipswich_town_vs_leicester_city/,8,24,1ghy9t0
Liverpool,Brighton & Hove Albion,2024-11-02 15:00,2024-11-02 14:59,Match Thread: Liverpool vs Brighton & Hove Albion | English Premier League,https://www.reddit.com/r/soccer/comments/1ghybhn/match_thread_liverpool_vs_brighton_hove_albion/,42,792,1ghybhn
Nottingham Forest,West Ham United,2024-11-02 15:00,2024-11-02 15:20,Match Thread: Nottingham Forest vs West Ham United | English Premier League,https://www.reddit.com/r/soccer/comments/1ghyslj/match_thread_nottingham_forest_vs_west_ham_united/,22,37,1ghyslj
Southampton,Everton,2024-11-02 15:00,2024-11-02 15:16,Match Thread: Southampton vs Everton | English Premier League,https://www.reddit.com/r/soccer/comments/1ghyovj/match_thread_southampton_vs_everton_english/,10,14,1ghyovj
Wolverhampton Wanderers,Crystal Palace,2024-11-02 17:30,2024-11-02 17:35,Match Thread: Wolverhampton Wanderers vs Crystal Palace | English Premier League,https://www.reddit.com/r/soccer/comments/1gi1s3s/match_thread_wolverhampton_wanderers_vs_crystal/,13,358,1gi1s3s
Fulham,Brentford,2024-11-04 20:00,2024-11-04 19:53,Match Thread: Fulham vs Brentford | English Premier League,https://www.reddit.com/r/soccer/comments/1gjnhn6/match_thread_fulham_vs_brentford_english_premier/,25,319,1gjnhn6
Brentford,A Bournemouth,2024-11-09 15:00,2024-11-09 15:02,Match Thread: Brentford vs AFC Bournemouth | English Premier League,https://www.reddit.com/r/soccer/comments/1gnbye9/match_thread_brentford_vs_afc_bournemouth_english/,11,39,1gnbye9
Crystal Palace,Fulham,2024-11-09 15:00,2024-11-09 15:01,Match Thread: Crystal Palace vs Fulham | English Premier League,https://www.reddit.com/r/soccer/comments/1gnby8a/match_thread_crystal_palace_vs_fulham_english/,10,69,1gnby8a
West Ham United,Everton,2024-11-09 15:00,2024-11-09 15:05,Match Thread: West Ham United vs Everton | English Premier League,https://www.reddit.com/r/soccer/comments/1gnc1ei/match_thread_west_ham_united_vs_everton_english/,6,43,1gnc1ei
Manchester United,Leicester City,2024-11-10 14:00,2024-11-10 14:03,Match Thread: Manchester United vs Leicester City | English Premier League,https://www.reddit.com/r/soccer/comments/1go1bno/match_thread_manchester_united_vs_leicester_city/,22,341,1go1bno
Nottingham Forest,Newcastle United,2024-11-10 14:00,2024-11-10 14:10,Match Thread: Nottingham Forest vs Newcastle United | English Premier League,https://www.reddit.com/r/soccer/comments/1go1grf/match_thread_nottingham_forest_vs_newcastle/,16,449,1go1grf
Tottenham Hotspur,Ipswich Town,2024-11-10 14:00,2024-11-10 14:05,Match Thread: Tottenham Hotspur vs Ipswich Town | English Premier League,https://www.reddit.com/r/soccer/comments/1go1d1u/match_thread_tottenham_hotspur_vs_ipswich_town/,34,348,1go1d1u
Leicester City,Chelsea,2024-11-23 12:30,2024-11-23 12:23,Match Thread: Leicester City vs Chelsea | English Premier League,https://www.reddit.com/r/soccer/comments/1gxygws/match_thread_leicester_city_vs_chelsea_english/,30,1091,1gxygws
A Bournemouth,Brighton & Hove Albion,2024-11-23 15:00,2024-11-23 15:15,Match Thread: AFC Bournemouth vs Brighton & Hove Albion | English Premier League,https://www.reddit.com/r/soccer/comments/1gy1u9t/match_thread_afc_bournemouth_vs_brighton_hove/,3,32,1gy1u9t
Arsenal,Nottingham Forest,2024-11-23 15:00,2024-11-23 14:58,Match Thread: Arsenal vs Nottingham Forest | English Premier League,https://www.reddit.com/r/soccer/comments/1gy1gh9/match_thread_arsenal_vs_nottingham_forest_english/,17,1060,1gy1gh9
Everton,Brentford,2024-11-23 15:00,2024-11-23 14:58,Match Thread: Everton vs Brentford | English Premier League,https://www.reddit.com/r/soccer/comments/1gy1goq/match_thread_everton_vs_brentford_english_premier/,12,30,1gy1goq
Fulham,Wolverhampton Wanderers,2024-11-23 15:00,2024-11-23 15:18,Match Thread: Fulham vs Wolverhampton Wanderers | English Premier League,https://www.reddit.com/r/soccer/comments/1gy1wgx/match_thread_fulham_vs_wolverhampton_wanderers/,13,6,1gy1wgx
Southampton,Liverpool,2024-11-24 14:00,2024-11-24 14:08,Match Thread: Southampton vs Liverpool | English Premier League,https://www.reddit.com/r/soccer/comments/1gyrrah/match_thread_southampton_vs_liverpool_english/,69,2676,1gyrrah
Newcastle United,West Ham United,2024-11-25 20:00,2024-11-25 19:55,Match Thread: Newcastle United vs West Ham United | English Premier League,https://www.reddit.com/r/soccer/comments/1gzs4ix/match_thread_newcastle_united_vs_west_ham_united/,41,474,1gzs4ix
Brighton & Hove Albion,Southampton,2024-11-29 20:00,2024-11-29 19:47,Match Thread: Brighton & Hove Albion vs Southampton | English Premier League,https://www.reddit.com/r/soccer/comments/1h2u4ew/match_thread_brighton_hove_albion_vs_southampton/,16,388,1h2u4ew
Brentford,Leicester City,2024-11-30 15:00,2024-11-30 14:55,Match Thread: Brentford vs Leicester City | English Premier League,https://www.reddit.com/r/soccer/comments/1h3e8rh/match_thread_brentford_vs_leicester_city_english/,13,23,1h3e8rh
Nottingham Forest,Ipswich Town,2024-11-30 15:00,2024-11-30 15:23,Match Thread: Nottingham Forest vs Ipswich Town | English Premier League,https://www.reddit.com/r/soccer/comments/1h3et68/match_thread_nottingham_forest_vs_ipswich_town/,9,10,1h3et68
West Ham United,Arsenal,2024-11-30 17:30,2024-11-30 19:28,Post Match Thread: West Ham 2-5 Arsenal | English Premier League 24/25 (Match Day 13),https://www.reddit.com/r/soccer/comments/1h3k8ry/post_match_thread_west_ham_25_arsenal_english/,196,200,1h3k8ry
Chelsea,Aston Villa,2024-12-01 13:30,2024-12-01 13:34,Match Thread: Chelsea vs Aston Villa | English Premier League,https://www.reddit.com/r/soccer/comments/1h43ed1/match_thread_chelsea_vs_aston_villa_english/,39,978,1h43ed1
Manchester United,Everton,2024-12-01 13:30,2024-12-01 13:27,Match Thread: Manchester United vs Everton | English Premier League,https://www.reddit.com/r/soccer/comments/1h439a5/match_thread_manchester_united_vs_everton_english/,30,463,1h439a5
Tottenham Hotspur,Fulham,2024-12-01 13:30,2024-12-01 13:35,Match Thread: Tottenham Hotspur vs Fulham | English Premier League,https://www.reddit.com/r/soccer/comments/1h43ehd/match_thread_tottenham_hotspur_vs_fulham_english/,16,376,1h43ehd
Leicester City,West Ham United,2024-12-03 20:15,2024-12-03 20:03,Match Thread: Leicester City vs West Ham United | English Premier League,https://www.reddit.com/r/soccer/comments/1h5wn2q/match_thread_leicester_city_vs_west_ham_united/,21,315,1h5wn2q
Everton,Wolverhampton Wanderers,2024-12-04 19:30,2024-12-04 20:23,Match Thread: Everton vs Wolverhampton Wanderers | English Premier League,https://www.reddit.com/r/soccer/comments/1h6q5ds/match_thread_everton_vs_wolverhampton_wanderers/,18,18,1h6q5ds
Manchester City,Nottingham Forest,2024-12-04 19:30,2024-12-04 19:15,Match Thread: Manchester City vs Nottingham Forest | English Premier League,https://www.reddit.com/r/soccer/comments/1h6ogfb/match_thread_manchester_city_vs_nottingham_forest/,18,178,1h6ogfb
Newcastle United,Liverpool,2024-12-04 19:30,2024-12-04 19:35,Match Thread: Newcastle United vs Liverpool | English Premier League,https://www.reddit.com/r/soccer/comments/1h6oxxq/match_thread_newcastle_united_vs_liverpool/,52,1883,1h6oxxq
Southampton,Chelsea,2024-12-04 19:30,2024-12-04 19:17,Match Thread: Southampton vs Chelsea | English Premier League,https://www.reddit.com/r/soccer/comments/1h6oi11/match_thread_southampton_vs_chelsea_english/,36,528,1h6oi11
Aston Villa,Brentford,2024-12-04 20:15,2024-12-04 20:18,Match Thread: Aston Villa vs Brentford | English Premier League,https://www.reddit.com/r/soccer/comments/1h6q0ob/match_thread_aston_villa_vs_brentford_english/,20,30,1h6q0ob
Fulham,Brighton & Hove Albion,2024-12-05 19:30,2024-12-05 19:35,Match Thread: Fulham vs Brighton & Hove Albion | English Premier League,https://www.reddit.com/r/soccer/comments/1h7hno0/match_thread_fulham_vs_brighton_hove_albion/,7,100,1h7hno0
Aston Villa,Southampton,2024-12-07 15:00,2024-12-07 15:40,Match Thread: Aston Villa vs Southampton | English Premier League,https://www.reddit.com/r/soccer/comments/1h8v2pl/match_thread_aston_villa_vs_southampton_english/,18,5,1h8v2pl
Brentford,Newcastle United,2024-12-07 15:00,2024-12-07 15:04,Match Thread: Brentford vs Newcastle United | English Premier League,https://www.reddit.com/r/soccer/comments/1h8ubxh/match_thread_brentford_vs_newcastle_united/,11,70,1h8ubxh
Crystal Palace,Manchester City,2024-12-07 15:00,2024-12-07 14:47,Match Thread: Crystal Palace vs Manchester City | English Premier League,https://www.reddit.com/r/soccer/comments/1h8tz05/match_thread_crystal_palace_vs_manchester_city/,45,1058,1h8tz05
Fulham,Arsenal,2024-12-08 14:00,2024-12-08 13:53,Match Thread: Fulham vs Arsenal | English Premier League,https://www.reddit.com/r/soccer/comments/1h9jagx/match_thread_fulham_vs_arsenal_english_premier/,37,1792,1h9jagx
Leicester City,Brighton & Hove Albion,2024-12-08 14:00,2024-12-08 14:09,Match Thread: Leicester City vs Brighton & Hove Albion | English Premier League,https://www.reddit.com/r/soccer/comments/1h9jm02/match_thread_leicester_city_vs_brighton_hove/,18,64,1h9jm02
Tottenham Hotspur,Chelsea,2024-12-08 16:30,2024-12-08 16:21,Match Thread: Tottenham Hotspur vs Chelsea | English Premier League,https://www.reddit.com/r/soccer/comments/1h9md5u/match_thread_tottenham_hotspur_vs_chelsea_english/,98,4203,1h9md5u
West Ham United,Wolverhampton Wanderers,2024-12-09 20:00,2024-12-09 19:50,Match Thread: West Ham United vs Wolverhampton Wanderers | English Premier League,https://www.reddit.com/r/soccer/comments/1haikl1/match_thread_west_ham_united_vs_wolverhampton/,23,565,1haikl1
Arsenal,Everton,2024-12-14 15:00,2024-12-14 14:59,Match Thread: Arsenal vs Everton | English Premier League,https://www.reddit.com/r/soccer/comments/1he4mq1/match_thread_arsenal_vs_everton_english_premier/,19,595,1he4mq1
Liverpool,Fulham,2024-12-14 15:00,2024-12-14 15:09,Match Thread: Liverpool vs Fulham | English Premier League,https://www.reddit.com/r/soccer/comments/1he4up9/match_thread_liverpool_vs_fulham_english_premier/,46,1741,1he4up9
Newcastle United,Leicester City,2024-12-14 15:00,2024-12-14 14:54,Match Thread: Newcastle United vs Leicester City | English Premier League,https://www.reddit.com/r/soccer/comments/1he4j5o/match_thread_newcastle_united_vs_leicester_city/,17,97,1he4j5o
Nottingham Forest,Aston Villa,2024-12-14 17:30,2024-12-14 17:59,Match Thread: Nottingham Forest vs Aston Villa | English Premier League,https://www.reddit.com/r/soccer/comments/1he8fsc/match_thread_nottingham_forest_vs_aston_villa/,36,519,1he8fsc
Brighton & Hove Albion,Crystal Palace,2024-12-15 14:00,2024-12-15 14:00,Match Thread: Brighton & Hove Albion vs Crystal Palace | English Premier League,https://www.reddit.com/r/soccer/comments/1het4zt/match_thread_brighton_hove_albion_vs_crystal/,23,562,1het4zt
Manchester City,Manchester United,2024-12-15 16:30,2024-12-15 16:12,Match Thread: Manchester City vs Manchester United | English Premier League,https://www.reddit.com/r/soccer/comments/1hevtzi/match_thread_manchester_city_vs_manchester_united/,150,5590,1hevtzi
Southampton,Tottenham Hotspur,2024-12-15 19:00,2024-12-15 19:07,Match Thread: Southampton vs Tottenham Hotspur | English Premier League,https://www.reddit.com/r/soccer/comments/1hezqgi/match_thread_southampton_vs_tottenham_hotspur/,55,404,1hezqgi
Aston Villa,Manchester City,2024-12-21 12:30,2024-12-21 12:35,Match Thread: Aston Villa vs Manchester City | English Premier League,https://www.reddit.com/r/soccer/comments/1hj8zmk/match_thread_aston_villa_vs_manchester_city/,147,2219,1hj8zmk
Brentford,Nottingham Forest,2024-12-21 15:00,2024-12-21 15:08,Match Thread: Brentford vs Nottingham Forest | English Premier League,https://www.reddit.com/r/soccer/comments/1hjbo4t/match_thread_brentford_vs_nottingham_forest/,18,67,1hjbo4t
Ipswich Town,Newcastle United,2024-12-21 15:00,2024-12-21 15:06,Match Thread: Ipswich Town vs Newcastle United | English Premier League,https://www.reddit.com/r/soccer/comments/1hjbmqr/match_thread_ipswich_town_vs_newcastle_united/,13,78,1hjbmqr
Everton,Chelsea,2024-12-22 14:00,2024-12-22 14:14,Match Thread: Everton vs Chelsea | English Premier League,https://www.reddit.com/r/soccer/comments/1hjz9l3/match_thread_everton_vs_chelsea_english_premier/,32,858,1hjz9l3
Fulham,Southampton,2024-12-22 14:00,2024-12-22 13:58,Match Thread: Fulham vs Southampton | English Premier League,https://www.reddit.com/r/soccer/comments/1hjyzjt/match_thread_fulham_vs_southampton_english/,14,20,1hjyzjt
Leicester City,Wolverhampton Wanderers,2024-12-22 14:00,2024-12-22 13:56,Match Thread: Leicester City vs Wolverhampton Wanderers | English Premier League,https://www.reddit.com/r/soccer/comments/1hjyyar/match_thread_leicester_city_vs_wolverhampton/,5,59,1hjyyar
Manchester United,A Bournemouth,2024-12-22 14:00,2024-12-22 13:59,Match Thread: Manchester United vs AFC Bournemouth | English Premier League,https://www.reddit.com/r/soccer/comments/1hjyzz8/match_thread_manchester_united_vs_afc_bournemouth/,38,951,1hjyzz8
Manchester City,Everton,2024-12-26 12:30,2024-12-26 12:27,Match Thread: Manchester City vs Everton | English Premier League,https://www.reddit.com/r/soccer/comments/1hmndcy/match_thread_manchester_city_vs_everton_english/,142,2024,1hmndcy
A Bournemouth,Crystal Palace,2024-12-26 15:00,2024-12-26 15:06,Match Thread: AFC Bournemouth vs Crystal Palace | English Premier League,https://www.reddit.com/r/soccer/comments/1hmq5eo/match_thread_afc_bournemouth_vs_crystal_palace/,18,13,1hmq5eo
Chelsea,Fulham,2024-12-26 15:00,2024-12-26 14:45,Match Thread: Chelsea vs Fulham | English Premier League,https://www.reddit.com/r/soccer/comments/1hmpqbt/match_thread_chelsea_vs_fulham_english_premier/,35,641,1hmpqbt
Newcastle United,Aston Villa,2024-12-26 15:00,2024-12-26 15:02,Match Thread: Newcastle United vs Aston Villa | English Premier League,https://www.reddit.com/r/soccer/comments/1hmq2tx/match_thread_newcastle_united_vs_aston_villa/,36,486,1hmq2tx
Nottingham Forest,Tottenham Hotspur,2024-12-26 15:00,2024-12-26 15:33,Match Thread: Nottingham Forest vs Tottenham Hotspur | English Premier League,https://www.reddit.com/r/soccer/comments/1hmqp84/match_thread_nottingham_forest_vs_tottenham/,43,198,1hmqp84
Southampton,West Ham United,2024-12-26 15:00,2024-12-26 15:23,Match Thread: Southampton vs West Ham United | English Premier League,https://www.reddit.com/r/soccer/comments/1hmqhcd/match_thread_southampton_vs_west_ham_united/,19,23,1hmqhcd
Liverpool,Leicester City,2024-12-26 20:00,2024-12-26 19:50,Match Thread: Liverpool vs Leicester City | English Premier League,https://www.reddit.com/r/soccer/comments/1hmwcqz/match_thread_liverpool_vs_leicester_city_english/,90,2586,1hmwcqz
Brighton & Hove Albion,Brentford,2024-12-27 19:30,2024-12-27 19:39,Match Thread: Brighton & Hove Albion vs Brentford | English Premier League,https://www.reddit.com/r/soccer/comments/1hnn04h/match_thread_brighton_hove_albion_vs_brentford/,25,377,1hnn04h
Arsenal,Ipswich Town,2024-12-27 20:15,2024-12-27 20:13,Match Thread: Arsenal vs Ipswich Town | English Premier League,https://www.reddit.com/r/soccer/comments/1hnnrt4/match_thread_arsenal_vs_ipswich_town_english/,60,1670,1hnnrt4
Leicester City,Manchester City,2024-12-29 14:30,2024-12-29 14:20,Match Thread: Leicester City vs Manchester City | English Premier League,https://www.reddit.com/r/soccer/comments/1howxd7/match_thread_leicester_city_vs_manchester_city/,45,894,1howxd7
Crystal Palace,Southampton,2024-12-29 15:00,2024-12-29 15:02,Match Thread: Crystal Palace vs Southampton | English Premier League,https://www.reddit.com/r/soccer/comments/1hoxqjy/match_thread_crystal_palace_vs_southampton/,13,20,1hoxqjy
Everton,Nottingham Forest,2024-12-29 15:00,2024-12-29 14:56,Match Thread: Everton vs Nottingham Forest | English Premier League,https://www.reddit.com/r/soccer/comments/1hoxlr0/match_thread_everton_vs_nottingham_forest_english/,26,60,1hoxlr0
Tottenham Hotspur,Wolverhampton Wanderers,2024-12-29 15:00,2024-12-29 15:04,Match Thread: Tottenham Hotspur vs Wolverhampton Wanderers | English Premier League,https://www.reddit.com/r/soccer/comments/1hoxrvr/match_thread_tottenham_hotspur_vs_wolverhampton/,33,462,1hoxrvr
Aston Villa,Brighton & Hove Albion,2024-12-30 19:45,2024-12-30 19:46,Match Thread: Aston Villa vs Brighton & Hove Albion | English Premier League,https://www.reddit.com/r/soccer/comments/1hpvn6v/match_thread_aston_villa_vs_brighton_hove_albion/,21,144,1hpvn6v
Ipswich Town,Chelsea,2024-12-30 19:45,2024-12-30 19:52,Match Thread: Ipswich Town vs Chelsea | English Premier League,https://www.reddit.com/r/soccer/comments/1hpvsnu/match_thread_ipswich_town_vs_chelsea_english/,34,864,1hpvsnu
Brentford,Arsenal,2025-01-01 17:30,2025-01-01 17:27,Match Thread: Brentford vs Arsenal | English Premier League,https://www.reddit.com/r/soccer/comments/1hr7kdb/match_thread_brentford_vs_arsenal_english_premier/,81,1932,1hr7kdb
