match_id,utc_date,status,matchday,home_team,home_team_tla,home_team_short_name,away_team,away_team_tla,away_team_short_name,home_score,away_score,winner,referee,goals
497410,2024-08-16 19:00:00,FINISHED,1,Manchester United FC,MUN,Man United,Fulham FC,FUL,Fulham,1.0,0.0,Manchester United FC,Robert Jones,1.0
497411,2024-08-17 11:30:00,FINISHED,1,Ipswich Town FC,IPS,Ipswich Town,Liverpool FC,LIV,Liverpool,0.0,2.0,Liverpool FC,Tim Robinson,2.0
497412,2024-08-17 14:00:00,FINISHED,1,Arsenal FC,ARS,Arsenal,Wolverhampton Wanderers FC,WOL,Wolverhampton,2.0,0.0,Arsenal FC,Jarred Gillett,2.0
497413,2024-08-17 14:00:00,FINISHED,1,Everton FC,EVE,Everton,Brighton & Hove Albion FC,BHA,Brighton Hove,0.0,3.0,Brighton & Hove Albion FC,Simon Hooper,3.0
497414,2024-08-17 14:00:00,FINISHED,1,Newcastle United FC,NEW,Newcastle,Southampton FC,SOU,Southampton,1.0,0.0,Newcastle United FC,Craig Pawson,1.0
497415,2024-08-17 14:00:00,FINISHED,1,Nottingham Forest FC,NOT,Nottingham,AFC Bournemouth,BOU,Bournemouth,1.0,1.0,DRAW,Michael Oliver,2.0
497416,2024-08-17 16:30:00,FINISHED,1,West Ham United FC,WHU,West Ham,Aston Villa FC,AVL,Aston Villa,1.0,2.0,Aston Villa FC,Tony Harrington,3.0
497417,2024-08-18 13:00:00,FINISHED,1,Brentford FC,BRE,Brentford,Crystal Palace FC,CRY,Crystal Palace,2.0,1.0,Brentford FC,Sam Barrott,3.0
497418,2024-08-18 15:30:00,FINISHED,1,Chelsea FC,CHE,Chelsea,Manchester City FC,MCI,Man City,0.0,2.0,Manchester City FC,Anthony Taylor,2.0
497419,2024-08-19 19:00:00,FINISHED,1,Leicester City FC,LEI,Leicester City,Tottenham Hotspur FC,TOT,Tottenham,1.0,1.0,DRAW,Chris Kavanagh,2.0
497422,2024-08-24 11:30:00,FINISHED,2,Brighton & Hove Albion FC,BHA,Brighton Hove,Manchester United FC,MUN,Man United,2.0,1.0,Brighton & Hove Albion FC,Craig Pawson,3.0
497423,2024-08-24 14:00:00,FINISHED,2,Crystal Palace FC,CRY,Crystal Palace,West Ham United FC,WHU,West Ham,0.0,2.0,West Ham United FC,Robert Jones,2.0
497424,2024-08-24 14:00:00,FINISHED,2,Fulham FC,FUL,Fulham,Leicester City FC,LEI,Leicester City,2.0,1.0,Fulham FC,Darren Bond,3.0
497426,2024-08-24 14:00:00,FINISHED,2,Manchester City FC,MCI,Man City,Ipswich Town FC,IPS,Ipswich Town,4.0,1.0,Manchester City FC,Michael Salisbury,5.0
497427,2024-08-24 14:00:00,FINISHED,2,Southampton FC,SOU,Southampton,Nottingham Forest FC,NOT,Nottingham,0.0,1.0,Nottingham Forest FC,Sam Barrott,1.0
497428,2024-08-24 14:00:00,FINISHED,2,Tottenham Hotspur FC,TOT,Tottenham,Everton FC,EVE,Everton,4.0,0.0,Tottenham Hotspur FC,Anthony Taylor,4.0
497421,2024-08-24 16:30:00,FINISHED,2,Aston Villa FC,AVL,Aston Villa,Arsenal FC,ARS,Arsenal,0.0,2.0,Arsenal FC,Michael Oliver,2.0
497420,2024-08-25 13:00:00,FINISHED,2,AFC Bournemouth,BOU,Bournemouth,Newcastle United FC,NEW,Newcastle,1.0,1.0,DRAW,David Coote,2.0
497429,2024-08-25 13:00:00,FINISHED,2,Wolverhampton Wanderers FC,WOL,Wolverhampton,Chelsea FC,CHE,Chelsea,2.0,6.0,Chelsea FC,Darren England,8.0
497425,2024-08-25 15:30:00,FINISHED,2,Liverpool FC,LIV,Liverpool,Brentford FC,BRE,Brentford,2.0,0.0,Liverpool FC,Stuart Attwell,2.0
497430,2024-08-31 11:30:00,FINISHED,3,Arsenal FC,ARS,Arsenal,Brighton & Hove Albion FC,BHA,Brighton Hove,1.0,1.0,DRAW,Chris Kavanagh,2.0
497431,2024-08-31 14:00:00,FINISHED,3,Brentford FC,BRE,Brentford,Southampton FC,SOU,Southampton,3.0,1.0,Brentford FC,Joshua Smith,4.0
497433,2024-08-31 14:00:00,FINISHED,3,Everton FC,EVE,Everton,AFC Bournemouth,BOU,Bournemouth,2.0,3.0,AFC Bournemouth,Stuart Attwell,5.0
497434,2024-08-31 14:00:00,FINISHED,3,Ipswich Town FC,IPS,Ipswich Town,Fulham FC,FUL,Fulham,1.0,1.0,DRAW,Lewis Smith,2.0
497435,2024-08-31 14:00:00,FINISHED,3,Leicester City FC,LEI,Leicester City,Aston Villa FC,AVL,Aston Villa,1.0,2.0,Aston Villa FC,David Coote,3.0
497438,2024-08-31 14:00:00,FINISHED,3,Nottingham Forest FC,NOT,Nottingham,Wolverhampton Wanderers FC,WOL,Wolverhampton,1.0,1.0,DRAW,Simon Hooper,2.0
497439,2024-08-31 16:30:00,FINISHED,3,West Ham United FC,WHU,West Ham,Manchester City FC,MCI,Man City,1.0,3.0,Manchester City FC,Michael Oliver,4.0
497432,2024-09-01 12:30:00,FINISHED,3,Chelsea FC,CHE,Chelsea,Crystal Palace FC,CRY,Crystal Palace,1.0,1.0,DRAW,Jarred Gillett,2.0
497437,2024-09-01 12:30:00,FINISHED,3,Newcastle United FC,NEW,Newcastle,Tottenham Hotspur FC,TOT,Tottenham,2.0,1.0,Newcastle United FC,Robert Jones,3.0
497436,2024-09-01 15:00:00,FINISHED,3,Manchester United FC,MUN,Man United,Liverpool FC,LIV,Liverpool,0.0,3.0,Liverpool FC,Anthony Taylor,3.0
497447,2024-09-14 11:30:00,FINISHED,4,Southampton FC,SOU,Southampton,Manchester United FC,MUN,Man United,0.0,3.0,Manchester United FC,Stuart Attwell,3.0
497442,2024-09-14 14:00:00,FINISHED,4,Brighton & Hove Albion FC,BHA,Brighton Hove,Ipswich Town FC,IPS,Ipswich Town,0.0,0.0,DRAW,Sam Barrott,0.0
497443,2024-09-14 14:00:00,FINISHED,4,Crystal Palace FC,CRY,Crystal Palace,Leicester City FC,LEI,Leicester City,2.0,2.0,DRAW,Tony Harrington,4.0
497444,2024-09-14 14:00:00,FINISHED,4,Fulham FC,FUL,Fulham,West Ham United FC,WHU,West Ham,1.0,1.0,DRAW,Tim Robinson,2.0
497445,2024-09-14 14:00:00,FINISHED,4,Liverpool FC,LIV,Liverpool,Nottingham Forest FC,NOT,Nottingham,0.0,1.0,Nottingham Forest FC,Michael Oliver,1.0
497446,2024-09-14 14:00:00,FINISHED,4,Manchester City FC,MCI,Man City,Brentford FC,BRE,Brentford,2.0,1.0,Manchester City FC,Darren Bond,3.0
497441,2024-09-14 16:30:00,FINISHED,4,Aston Villa FC,AVL,Aston Villa,Everton FC,EVE,Everton,3.0,2.0,Aston Villa FC,Craig Pawson,5.0
497440,2024-09-14 19:00:00,FINISHED,4,AFC Bournemouth,BOU,Bournemouth,Chelsea FC,CHE,Chelsea,0.0,1.0,Chelsea FC,Anthony Taylor,1.0
497448,2024-09-15 13:00:00,FINISHED,4,Tottenham Hotspur FC,TOT,Tottenham,Arsenal FC,ARS,Arsenal,0.0,1.0,Arsenal FC,Jarred Gillett,1.0
497449,2024-09-15 15:30:00,FINISHED,4,Wolverhampton Wanderers FC,WOL,Wolverhampton,Newcastle United FC,NEW,Newcastle,1.0,2.0,Newcastle United FC,Chris Kavanagh,3.0
497459,2024-09-21 11:30:00,FINISHED,5,West Ham United FC,WHU,West Ham,Chelsea FC,CHE,Chelsea,0.0,3.0,Chelsea FC,Sam Barrott,3.0
497450,2024-09-21 14:00:00,FINISHED,5,Aston Villa FC,AVL,Aston Villa,Wolverhampton Wanderers FC,WOL,Wolverhampton,3.0,1.0,Aston Villa FC,Tim Robinson,4.0
497453,2024-09-21 14:00:00,FINISHED,5,Fulham FC,FUL,Fulham,Newcastle United FC,NEW,Newcastle,3.0,1.0,Fulham FC,Peter Bankes,4.0
497454,2024-09-21 14:00:00,FINISHED,5,Leicester City FC,LEI,Leicester City,Everton FC,EVE,Everton,1.0,1.0,DRAW,Darren England,2.0
497455,2024-09-21 14:00:00,FINISHED,5,Liverpool FC,LIV,Liverpool,AFC Bournemouth,BOU,Bournemouth,3.0,0.0,Liverpool FC,Tony Harrington,3.0
497457,2024-09-21 14:00:00,FINISHED,5,Southampton FC,SOU,Southampton,Ipswich Town FC,IPS,Ipswich Town,1.0,1.0,DRAW,Samuel Allison,2.0
497458,2024-09-21 14:00:00,FINISHED,5,Tottenham Hotspur FC,TOT,Tottenham,Brentford FC,BRE,Brentford,3.0,1.0,Tottenham Hotspur FC,John Brooks,4.0
497452,2024-09-21 16:30:00,FINISHED,5,Crystal Palace FC,CRY,Crystal Palace,Manchester United FC,MUN,Man United,0.0,0.0,DRAW,David Coote,0.0
497451,2024-09-22 13:00:00,FINISHED,5,Brighton & Hove Albion FC,BHA,Brighton Hove,Nottingham Forest FC,NOT,Nottingham,2.0,2.0,DRAW,Robert Jones,4.0
497456,2024-09-22 15:30:00,FINISHED,5,Manchester City FC,MCI,Man City,Arsenal FC,ARS,Arsenal,2.0,2.0,DRAW,Michael Oliver,4.0
497467,2024-09-28 11:30:00,FINISHED,6,Newcastle United FC,NEW,Newcastle,Manchester City FC,MCI,Man City,1.0,1.0,DRAW,Jarred Gillett,2.0
497461,2024-09-28 14:00:00,FINISHED,6,Arsenal FC,ARS,Arsenal,Leicester City FC,LEI,Leicester City,4.0,2.0,Arsenal FC,Sam Barrott,6.0
497462,2024-09-28 14:00:00,FINISHED,6,Brentford FC,BRE,Brentford,West Ham United FC,WHU,West Ham,1.0,1.0,DRAW,Simon Hooper,2.0
497463,2024-09-28 14:00:00,FINISHED,6,Chelsea FC,CHE,Chelsea,Brighton & Hove Albion FC,BHA,Brighton Hove,4.0,2.0,Chelsea FC,Peter Bankes,6.0
497464,2024-09-28 14:00:00,FINISHED,6,Everton FC,EVE,Everton,Crystal Palace FC,CRY,Crystal Palace,2.0,1.0,Everton FC,Andy Madley,3.0
497468,2024-09-28 14:00:00,FINISHED,6,Nottingham Forest FC,NOT,Nottingham,Fulham FC,FUL,Fulham,0.0,1.0,Fulham FC,Joshua Smith,1.0
497469,2024-09-28 16:30:00,FINISHED,6,Wolverhampton Wanderers FC,WOL,Wolverhampton,Liverpool FC,LIV,Liverpool,1.0,2.0,Liverpool FC,Anthony Taylor,3.0
497465,2024-09-29 13:00:00,FINISHED,6,Ipswich Town FC,IPS,Ipswich Town,Aston Villa FC,AVL,Aston Villa,2.0,2.0,DRAW,Stuart Attwell,4.0
497466,2024-09-29 15:30:00,FINISHED,6,Manchester United FC,MUN,Man United,Tottenham Hotspur FC,TOT,Tottenham,0.0,3.0,Tottenham Hotspur FC,Chris Kavanagh,3.0
497460,2024-09-30 19:00:00,FINISHED,6,AFC Bournemouth,BOU,Bournemouth,Southampton FC,SOU,Southampton,3.0,1.0,AFC Bournemouth,Michael Oliver,4.0
497475,2024-10-05 11:30:00,FINISHED,7,Crystal Palace FC,CRY,Crystal Palace,Liverpool FC,LIV,Liverpool,0.0,1.0,Liverpool FC,Simon Hooper,1.0
497470,2024-10-05 14:00:00,FINISHED,7,Arsenal FC,ARS,Arsenal,Southampton FC,SOU,Southampton,3.0,1.0,Arsenal FC,Tony Harrington,4.0
497472,2024-10-05 14:00:00,FINISHED,7,Brentford FC,BRE,Brentford,Wolverhampton Wanderers FC,WOL,Wolverhampton,5.0,3.0,Brentford FC,Andy Madley,8.0
497477,2024-10-05 14:00:00,FINISHED,7,Leicester City FC,LEI,Leicester City,AFC Bournemouth,BOU,Bournemouth,1.0,0.0,Leicester City FC,Darren Bond,1.0
497478,2024-10-05 14:00:00,FINISHED,7,Manchester City FC,MCI,Man City,Fulham FC,FUL,Fulham,3.0,2.0,Manchester City FC,Peter Bankes,5.0
497479,2024-10-05 14:00:00,FINISHED,7,West Ham United FC,WHU,West Ham,Ipswich Town FC,IPS,Ipswich Town,4.0,1.0,West Ham United FC,Anthony Taylor,5.0
497476,2024-10-05 16:30:00,FINISHED,7,Everton FC,EVE,Everton,Newcastle United FC,NEW,Newcastle,0.0,0.0,DRAW,Craig Pawson,0.0
497471,2024-10-06 13:00:00,FINISHED,7,Aston Villa FC,AVL,Aston Villa,Manchester United FC,MUN,Man United,0.0,0.0,DRAW,Robert Jones,0.0
497474,2024-10-06 13:00:00,FINISHED,7,Chelsea FC,CHE,Chelsea,Nottingham Forest FC,NOT,Nottingham,1.0,1.0,DRAW,Chris Kavanagh,2.0
497473,2024-10-06 15:30:00,FINISHED,7,Brighton & Hove Albion FC,BHA,Brighton Hove,Tottenham Hotspur FC,TOT,Tottenham,3.0,2.0,Brighton & Hove Albion FC,David Coote,5.0
497488,2024-10-19 11:30:00,FINISHED,8,Tottenham Hotspur FC,TOT,Tottenham,West Ham United FC,WHU,West Ham,4.0,1.0,Tottenham Hotspur FC,Andy Madley,5.0
497481,2024-10-19 14:00:00,FINISHED,8,Fulham FC,FUL,Fulham,Aston Villa FC,AVL,Aston Villa,1.0,3.0,Aston Villa FC,Darren England,4.0
497482,2024-10-19 14:00:00,FINISHED,8,Ipswich Town FC,IPS,Ipswich Town,Everton FC,EVE,Everton,0.0,2.0,Everton FC,Michael Oliver,2.0
497484,2024-10-19 14:00:00,FINISHED,8,Manchester United FC,MUN,Man United,Brentford FC,BRE,Brentford,2.0,1.0,Manchester United FC,Sam Barrott,3.0
497485,2024-10-19 14:00:00,FINISHED,8,Newcastle United FC,NEW,Newcastle,Brighton & Hove Albion FC,BHA,Brighton Hove,0.0,1.0,Brighton & Hove Albion FC,Peter Bankes,1.0
497487,2024-10-19 14:00:00,FINISHED,8,Southampton FC,SOU,Southampton,Leicester City FC,LEI,Leicester City,2.0,3.0,Leicester City FC,Anthony Taylor,5.0
497480,2024-10-19 16:30:00,FINISHED,8,AFC Bournemouth,BOU,Bournemouth,Arsenal FC,ARS,Arsenal,2.0,0.0,AFC Bournemouth,Robert Jones,2.0
497489,2024-10-20 13:00:00,FINISHED,8,Wolverhampton Wanderers FC,WOL,Wolverhampton,Manchester City FC,MCI,Man City,1.0,2.0,Manchester City FC,Chris Kavanagh,3.0
497483,2024-10-20 15:30:00,FINISHED,8,Liverpool FC,LIV,Liverpool,Chelsea FC,CHE,Chelsea,2.0,1.0,Liverpool FC,John Brooks,3.0
497486,2024-10-21 19:00:00,FINISHED,8,Nottingham Forest FC,NOT,Nottingham,Crystal Palace FC,CRY,Crystal Palace,1.0,0.0,Nottingham Forest FC,Tim Robinson,1.0
497497,2024-10-25 19:00:00,FINISHED,9,Leicester City FC,LEI,Leicester City,Nottingham Forest FC,NOT,Nottingham,1.0,3.0,Nottingham Forest FC,Craig Pawson,4.0
497491,2024-10-26 14:00:00,FINISHED,9,Aston Villa FC,AVL,Aston Villa,AFC Bournemouth,BOU,Bournemouth,1.0,1.0,DRAW,Andy Madley,2.0
497492,2024-10-26 14:00:00,FINISHED,9,Brentford FC,BRE,Brentford,Ipswich Town FC,IPS,Ipswich Town,4.0,3.0,Brentford FC,Lewis Smith,7.0
497493,2024-10-26 14:00:00,FINISHED,9,Brighton & Hove Albion FC,BHA,Brighton Hove,Wolverhampton Wanderers FC,WOL,Wolverhampton,2.0,2.0,DRAW,Michael Oliver,4.0
497498,2024-10-26 14:00:00,FINISHED,9,Manchester City FC,MCI,Man City,Southampton FC,SOU,Southampton,1.0,0.0,Manchester City FC,Tony Harrington,1.0
497496,2024-10-26 16:30:00,FINISHED,9,Everton FC,EVE,Everton,Fulham FC,FUL,Fulham,1.0,1.0,DRAW,John Brooks,2.0
497494,2024-10-27 14:00:00,FINISHED,9,Chelsea FC,CHE,Chelsea,Newcastle United FC,NEW,Newcastle,2.0,1.0,Chelsea FC,Simon Hooper,3.0
497495,2024-10-27 14:00:00,FINISHED,9,Crystal Palace FC,CRY,Crystal Palace,Tottenham Hotspur FC,TOT,Tottenham,1.0,0.0,Crystal Palace FC,Darren Bond,1.0
497499,2024-10-27 14:00:00,FINISHED,9,West Ham United FC,WHU,West Ham,Manchester United FC,MUN,Man United,2.0,1.0,West Ham United FC,David Coote,3.0
497490,2024-10-27 16:30:00,FINISHED,9,Arsenal FC,ARS,Arsenal,Liverpool FC,LIV,Liverpool,2.0,2.0,DRAW,Anthony Taylor,4.0
497505,2024-11-02 12:30:00,FINISHED,10,Newcastle United FC,NEW,Newcastle,Arsenal FC,ARS,Arsenal,1.0,0.0,Newcastle United FC,John Brooks,1.0
497500,2024-11-02 15:00:00,FINISHED,10,AFC Bournemouth,BOU,Bournemouth,Manchester City FC,MCI,Man City,2.0,1.0,AFC Bournemouth,Michael Oliver,3.0
497502,2024-11-02 15:00:00,FINISHED,10,Ipswich Town FC,IPS,Ipswich Town,Leicester City FC,LEI,Leicester City,1.0,1.0,DRAW,Tim Robinson,2.0
497503,2024-11-02 15:00:00,FINISHED,10,Liverpool FC,LIV,Liverpool,Brighton & Hove Albion FC,BHA,Brighton Hove,2.0,1.0,Liverpool FC,Tony Harrington,3.0
497506,2024-11-02 15:00:00,FINISHED,10,Nottingham Forest FC,NOT,Nottingham,West Ham United FC,WHU,West Ham,3.0,0.0,Nottingham Forest FC,Peter Bankes,3.0
497507,2024-11-02 15:00:00,FINISHED,10,Southampton FC,SOU,Southampton,Everton FC,EVE,Everton,1.0,0.0,Southampton FC,Andy Madley,1.0
497509,2024-11-02 17:30:00,FINISHED,10,Wolverhampton Wanderers FC,WOL,Wolverhampton,Crystal Palace FC,CRY,Crystal Palace,2.0,2.0,DRAW,Anthony Taylor,4.0
497508,2024-11-03 14:00:00,FINISHED,10,Tottenham Hotspur FC,TOT,Tottenham,Aston Villa FC,AVL,Aston Villa,4.0,1.0,Tottenham Hotspur FC,Craig Pawson,5.0
497504,2024-11-03 16:30:00,FINISHED,10,Manchester United FC,MUN,Man United,Chelsea FC,CHE,Chelsea,1.0,1.0,DRAW,Robert Jones,2.0
497501,2024-11-04 20:00:00,FINISHED,10,Fulham FC,FUL,Fulham,Brentford FC,BRE,Brentford,2.0,1.0,Fulham FC,Stuart Attwell,3.0
497510,2024-11-09 15:00:00,FINISHED,11,Brentford FC,BRE,Brentford,AFC Bournemouth,BOU,Bournemouth,3.0,2.0,Brentford FC,Darren Bond,5.0
497513,2024-11-09 15:00:00,FINISHED,11,Crystal Palace FC,CRY,Crystal Palace,Fulham FC,FUL,Fulham,0.0,2.0,Fulham FC,Michael Salisbury,2.0
497518,2024-11-09 15:00:00,FINISHED,11,West Ham United FC,WHU,West Ham,Everton FC,EVE,Everton,0.0,0.0,DRAW,Stuart Attwell,0.0
497519,2024-11-09 15:00:00,FINISHED,11,Wolverhampton Wanderers FC,WOL,Wolverhampton,Southampton FC,SOU,Southampton,2.0,0.0,Wolverhampton Wanderers FC,Thomas Bramall,2.0
497511,2024-11-09 17:30:00,FINISHED,11,Brighton & Hove Albion FC,BHA,Brighton Hove,Manchester City FC,MCI,Man City,2.0,1.0,Brighton & Hove Albion FC,Sam Barrott,3.0
497514,2024-11-09 20:00:00,FINISHED,11,Liverpool FC,LIV,Liverpool,Aston Villa FC,AVL,Aston Villa,2.0,0.0,Liverpool FC,David Coote,2.0
497515,2024-11-10 14:00:00,FINISHED,11,Manchester United FC,MUN,Man United,Leicester City FC,LEI,Leicester City,3.0,0.0,Manchester United FC,Peter Bankes,3.0
497516,2024-11-10 14:00:00,FINISHED,11,Nottingham Forest FC,NOT,Nottingham,Newcastle United FC,NEW,Newcastle,1.0,3.0,Newcastle United FC,Anthony Taylor,4.0
497517,2024-11-10 14:00:00,FINISHED,11,Tottenham Hotspur FC,TOT,Tottenham,Ipswich Town FC,IPS,Ipswich Town,1.0,2.0,Ipswich Town FC,Darren England,3.0
497512,2024-11-10 16:30:00,FINISHED,11,Chelsea FC,CHE,Chelsea,Arsenal FC,ARS,Arsenal,1.0,1.0,DRAW,Michael Oliver,2.0
497526,2024-11-23 12:30:00,FINISHED,12,Leicester City FC,LEI,Leicester City,Chelsea FC,CHE,Chelsea,1.0,2.0,Chelsea FC,Andy Madley,3.0
497520,2024-11-23 15:00:00,FINISHED,12,AFC Bournemouth,BOU,Bournemouth,Brighton & Hove Albion FC,BHA,Brighton Hove,1.0,2.0,Brighton & Hove Albion FC,Stuart Attwell,3.0
497521,2024-11-23 15:00:00,FINISHED,12,Arsenal FC,ARS,Arsenal,Nottingham Forest FC,NOT,Nottingham,3.0,0.0,Arsenal FC,Simon Hooper,3.0
497522,2024-11-23 15:00:00,FINISHED,12,Aston Villa FC,AVL,Aston Villa,Crystal Palace FC,CRY,Crystal Palace,2.0,2.0,DRAW,Tim Robinson,4.0
497523,2024-11-23 15:00:00,FINISHED,12,Everton FC,EVE,Everton,Brentford FC,BRE,Brentford,0.0,0.0,DRAW,Chris Kavanagh,0.0
497524,2024-11-23 15:00:00,FINISHED,12,Fulham FC,FUL,Fulham,Wolverhampton Wanderers FC,WOL,Wolverhampton,1.0,4.0,Wolverhampton Wanderers FC,Robert Jones,5.0
497527,2024-11-23 17:30:00,FINISHED,12,Manchester City FC,MCI,Man City,Tottenham Hotspur FC,TOT,Tottenham,0.0,4.0,Tottenham Hotspur FC,John Brooks,4.0
497529,2024-11-24 14:00:00,FINISHED,12,Southampton FC,SOU,Southampton,Liverpool FC,LIV,Liverpool,2.0,3.0,Liverpool FC,Sam Barrott,5.0
497525,2024-11-24 16:30:00,FINISHED,12,Ipswich Town FC,IPS,Ipswich Town,Manchester United FC,MUN,Man United,1.0,1.0,DRAW,Anthony Taylor,2.0
497528,2024-11-25 20:00:00,FINISHED,12,Newcastle United FC,NEW,Newcastle,West Ham United FC,WHU,West Ham,0.0,2.0,West Ham United FC,Craig Pawson,2.0
497531,2024-11-29 20:00:00,FINISHED,13,Brighton & Hove Albion FC,BHA,Brighton Hove,Southampton FC,SOU,Southampton,1.0,1.0,DRAW,Robert Jones,2.0
497530,2024-11-30 15:00:00,FINISHED,13,Brentford FC,BRE,Brentford,Leicester City FC,LEI,Leicester City,4.0,1.0,Brentford FC,Michael Oliver,5.0
497533,2024-11-30 15:00:00,FINISHED,13,Crystal Palace FC,CRY,Crystal Palace,Newcastle United FC,NEW,Newcastle,1.0,1.0,DRAW,Darren England,2.0
497536,2024-11-30 15:00:00,FINISHED,13,Nottingham Forest FC,NOT,Nottingham,Ipswich Town FC,IPS,Ipswich Town,1.0,0.0,Nottingham Forest FC,Tony Harrington,1.0
497539,2024-11-30 15:00:00,FINISHED,13,Wolverhampton Wanderers FC,WOL,Wolverhampton,AFC Bournemouth,BOU,Bournemouth,2.0,4.0,AFC Bournemouth,Peter Bankes,6.0
497538,2024-11-30 17:30:00,FINISHED,13,West Ham United FC,WHU,West Ham,Arsenal FC,ARS,Arsenal,2.0,5.0,Arsenal FC,Anthony Taylor,7.0
497532,2024-12-01 13:30:00,FINISHED,13,Chelsea FC,CHE,Chelsea,Aston Villa FC,AVL,Aston Villa,3.0,0.0,Chelsea FC,Stuart Attwell,3.0
497535,2024-12-01 13:30:00,FINISHED,13,Manchester United FC,MUN,Man United,Everton FC,EVE,Everton,4.0,0.0,Manchester United FC,John Brooks,4.0
497537,2024-12-01 13:30:00,FINISHED,13,Tottenham Hotspur FC,TOT,Tottenham,Fulham FC,FUL,Fulham,1.0,1.0,DRAW,Darren Bond,2.0
497534,2024-12-01 16:00:00,FINISHED,13,Liverpool FC,LIV,Liverpool,Manchester City FC,MCI,Man City,2.0,0.0,Liverpool FC,Chris Kavanagh,2.0
497545,2024-12-03 19:30:00,FINISHED,14,Ipswich Town FC,IPS,Ipswich Town,Crystal Palace FC,CRY,Crystal Palace,0.0,1.0,Crystal Palace FC,Craig Pawson,1.0
497546,2024-12-03 20:15:00,FINISHED,14,Leicester City FC,LEI,Leicester City,West Ham United FC,WHU,West Ham,3.0,1.0,Leicester City FC,Joshua Smith,4.0
497543,2024-12-04 19:30:00,FINISHED,14,Everton FC,EVE,Everton,Wolverhampton Wanderers FC,WOL,Wolverhampton,4.0,0.0,Everton FC,Michael Salisbury,4.0
497547,2024-12-04 19:30:00,FINISHED,14,Manchester City FC,MCI,Man City,Nottingham Forest FC,NOT,Nottingham,3.0,0.0,Manchester City FC,Michael Oliver,3.0
497548,2024-12-04 19:30:00,FINISHED,14,Newcastle United FC,NEW,Newcastle,Liverpool FC,LIV,Liverpool,3.0,3.0,DRAW,Andy Madley,6.0
497549,2024-12-04 19:30:00,FINISHED,14,Southampton FC,SOU,Southampton,Chelsea FC,CHE,Chelsea,1.0,5.0,Chelsea FC,Tony Harrington,6.0
497541,2024-12-04 20:15:00,FINISHED,14,Arsenal FC,ARS,Arsenal,Manchester United FC,MUN,Man United,2.0,0.0,Arsenal FC,Sam Barrott,2.0
497542,2024-12-04 20:15:00,FINISHED,14,Aston Villa FC,AVL,Aston Villa,Brentford FC,BRE,Brentford,3.0,1.0,Aston Villa FC,Lewis Smith,4.0
497544,2024-12-05 19:30:00,FINISHED,14,Fulham FC,FUL,Fulham,Brighton & Hove Albion FC,BHA,Brighton Hove,3.0,1.0,Fulham FC,Peter Bankes,4.0
497540,2024-12-05 20:15:00,FINISHED,14,AFC Bournemouth,BOU,Bournemouth,Tottenham Hotspur FC,TOT,Tottenham,1.0,0.0,AFC Bournemouth,Simon Hooper,1.0
497550,2024-12-07 15:00:00,FINISHED,15,Aston Villa FC,AVL,Aston Villa,Southampton FC,SOU,Southampton,1.0,0.0,Aston Villa FC,Darren Bond,1.0
497551,2024-12-07 15:00:00,FINISHED,15,Brentford FC,BRE,Brentford,Newcastle United FC,NEW,Newcastle,4.0,2.0,Brentford FC,Tim Robinson,6.0
497552,2024-12-07 15:00:00,FINISHED,15,Crystal Palace FC,CRY,Crystal Palace,Manchester City FC,MCI,Man City,2.0,2.0,DRAW,Robert Jones,4.0
497557,2024-12-07 17:30:00,FINISHED,15,Manchester United FC,MUN,Man United,Nottingham Forest FC,NOT,Nottingham,2.0,3.0,Nottingham Forest FC,Darren England,5.0
497554,2024-12-08 14:00:00,FINISHED,15,Fulham FC,FUL,Fulham,Arsenal FC,ARS,Arsenal,1.0,1.0,DRAW,Chris Kavanagh,2.0
497555,2024-12-08 14:00:00,FINISHED,15,Ipswich Town FC,IPS,Ipswich Town,AFC Bournemouth,BOU,Bournemouth,1.0,2.0,AFC Bournemouth,Michael Salisbury,3.0
497556,2024-12-08 14:00:00,FINISHED,15,Leicester City FC,LEI,Leicester City,Brighton & Hove Albion FC,BHA,Brighton Hove,2.0,2.0,DRAW,Stuart Attwell,4.0
497558,2024-12-08 16:30:00,FINISHED,15,Tottenham Hotspur FC,TOT,Tottenham,Chelsea FC,CHE,Chelsea,3.0,4.0,Chelsea FC,Anthony Taylor,7.0
497559,2024-12-09 20:00:00,FINISHED,15,West Ham United FC,WHU,West Ham,Wolverhampton Wanderers FC,WOL,Wolverhampton,2.0,1.0,West Ham United FC,John Brooks,3.0
497561,2024-12-14 15:00:00,FINISHED,16,Arsenal FC,ARS,Arsenal,Everton FC,EVE,Everton,0.0,0.0,DRAW,Craig Pawson,0.0
497564,2024-12-14 15:00:00,FINISHED,16,Liverpool FC,LIV,Liverpool,Fulham FC,FUL,Fulham,2.0,2.0,DRAW,Tony Harrington,4.0
497566,2024-12-14 15:00:00,FINISHED,16,Newcastle United FC,NEW,Newcastle,Leicester City FC,LEI,Leicester City,4.0,0.0,Newcastle United FC,Thomas Bramall,4.0
497569,2024-12-14 15:00:00,FINISHED,16,Wolverhampton Wanderers FC,WOL,Wolverhampton,Ipswich Town FC,IPS,Ipswich Town,1.0,2.0,Ipswich Town FC,Simon Hooper,3.0
497567,2024-12-14 17:30:00,FINISHED,16,Nottingham Forest FC,NOT,Nottingham,Aston Villa FC,AVL,Aston Villa,2.0,1.0,Nottingham Forest FC,Sam Barrott,3.0
497562,2024-12-15 14:00:00,FINISHED,16,Brighton & Hove Albion FC,BHA,Brighton Hove,Crystal Palace FC,CRY,Crystal Palace,1.0,3.0,Crystal Palace FC,Michael Oliver,4.0
497565,2024-12-15 16:30:00,FINISHED,16,Manchester City FC,MCI,Man City,Manchester United FC,MUN,Man United,1.0,2.0,Manchester United FC,Anthony Taylor,3.0
497563,2024-12-15 19:00:00,FINISHED,16,Chelsea FC,CHE,Chelsea,Brentford FC,BRE,Brentford,2.0,1.0,Chelsea FC,Peter Bankes,3.0
497568,2024-12-15 19:00:00,FINISHED,16,Southampton FC,SOU,Southampton,Tottenham Hotspur FC,TOT,Tottenham,0.0,5.0,Tottenham Hotspur FC,Darren England,5.0
497560,2024-12-16 20:00:00,FINISHED,16,AFC Bournemouth,BOU,Bournemouth,West Ham United FC,WHU,West Ham,1.0,1.0,DRAW,Chris Kavanagh,2.0
497570,2024-12-21 12:30:00,FINISHED,17,Aston Villa FC,AVL,Aston Villa,Manchester City FC,MCI,Man City,2.0,1.0,Aston Villa FC,Peter Bankes,3.0
497571,2024-12-21 15:00:00,FINISHED,17,Brentford FC,BRE,Brentford,Nottingham Forest FC,NOT,Nottingham,0.0,2.0,Nottingham Forest FC,Michael Oliver,2.0
497575,2024-12-21 15:00:00,FINISHED,17,Ipswich Town FC,IPS,Ipswich Town,Newcastle United FC,NEW,Newcastle,0.0,4.0,Newcastle United FC,Stuart Attwell,4.0
497579,2024-12-21 15:00:00,FINISHED,17,West Ham United FC,WHU,West Ham,Brighton & Hove Albion FC,BHA,Brighton Hove,1.0,1.0,DRAW,Robert Jones,2.0
497572,2024-12-21 17:30:00,FINISHED,17,Crystal Palace FC,CRY,Crystal Palace,Arsenal FC,ARS,Arsenal,1.0,5.0,Arsenal FC,Simon Hooper,6.0
497573,2024-12-22 14:00:00,FINISHED,17,Everton FC,EVE,Everton,Chelsea FC,CHE,Chelsea,0.0,0.0,DRAW,Chris Kavanagh,0.0
497574,2024-12-22 14:00:00,FINISHED,17,Fulham FC,FUL,Fulham,Southampton FC,SOU,Southampton,0.0,0.0,DRAW,Tim Robinson,0.0
497576,2024-12-22 14:00:00,FINISHED,17,Leicester City FC,LEI,Leicester City,Wolverhampton Wanderers FC,WOL,Wolverhampton,0.0,3.0,Wolverhampton Wanderers FC,Anthony Taylor,3.0
497577,2024-12-22 14:00:00,FINISHED,17,Manchester United FC,MUN,Man United,AFC Bournemouth,BOU,Bournemouth,0.0,3.0,AFC Bournemouth,Craig Pawson,3.0
497578,2024-12-22 16:30:00,FINISHED,17,Tottenham Hotspur FC,TOT,Tottenham,Liverpool FC,LIV,Liverpool,3.0,6.0,Liverpool FC,Sam Barrott,9.0
497585,2024-12-26 12:30:00,FINISHED,18,Manchester City FC,MCI,Man City,Everton FC,EVE,Everton,1.0,1.0,DRAW,Simon Hooper,2.0
497580,2024-12-26 15:00:00,FINISHED,18,AFC Bournemouth,BOU,Bournemouth,Crystal Palace FC,CRY,Crystal Palace,0.0,0.0,DRAW,Thomas Bramall,0.0
497583,2024-12-26 15:00:00,FINISHED,18,Chelsea FC,CHE,Chelsea,Fulham FC,FUL,Fulham,1.0,2.0,Fulham FC,Sam Barrott,3.0
497586,2024-12-26 15:00:00,FINISHED,18,Newcastle United FC,NEW,Newcastle,Aston Villa FC,AVL,Aston Villa,3.0,0.0,Newcastle United FC,Anthony Taylor,3.0
497587,2024-12-26 15:00:00,FINISHED,18,Nottingham Forest FC,NOT,Nottingham,Tottenham Hotspur FC,TOT,Tottenham,1.0,0.0,Nottingham Forest FC,Craig Pawson,1.0
497588,2024-12-26 15:00:00,FINISHED,18,Southampton FC,SOU,Southampton,West Ham United FC,WHU,West Ham,0.0,1.0,West Ham United FC,Lewis Smith,1.0
497589,2024-12-26 17:30:00,FINISHED,18,Wolverhampton Wanderers FC,WOL,Wolverhampton,Manchester United FC,MUN,Man United,2.0,0.0,Wolverhampton Wanderers FC,Tony Harrington,2.0
497584,2024-12-26 20:00:00,FINISHED,18,Liverpool FC,LIV,Liverpool,Leicester City FC,LEI,Leicester City,3.0,1.0,Liverpool FC,Darren Bond,4.0
497582,2024-12-27 19:30:00,FINISHED,18,Brighton & Hove Albion FC,BHA,Brighton Hove,Brentford FC,BRE,Brentford,0.0,0.0,DRAW,Andy Madley,0.0
497581,2024-12-27 20:15:00,FINISHED,18,Arsenal FC,ARS,Arsenal,Ipswich Town FC,IPS,Ipswich Town,1.0,0.0,Arsenal FC,Darren England,1.0
497596,2024-12-29 14:30:00,FINISHED,19,Leicester City FC,LEI,Leicester City,Manchester City FC,MCI,Man City,0.0,2.0,Manchester City FC,Michael Oliver,2.0
497592,2024-12-29 15:00:00,FINISHED,19,Crystal Palace FC,CRY,Crystal Palace,Southampton FC,SOU,Southampton,2.0,1.0,Crystal Palace FC,Michael Salisbury,3.0
497593,2024-12-29 15:00:00,FINISHED,19,Everton FC,EVE,Everton,Nottingham Forest FC,NOT,Nottingham,0.0,2.0,Nottingham Forest FC,Tony Harrington,2.0
497594,2024-12-29 15:00:00,FINISHED,19,Fulham FC,FUL,Fulham,AFC Bournemouth,BOU,Bournemouth,2.0,2.0,DRAW,Robert Jones,4.0
497598,2024-12-29 15:00:00,FINISHED,19,Tottenham Hotspur FC,TOT,Tottenham,Wolverhampton Wanderers FC,WOL,Wolverhampton,2.0,2.0,DRAW,Chris Kavanagh,4.0
497599,2024-12-29 17:15:00,FINISHED,19,West Ham United FC,WHU,West Ham,Liverpool FC,LIV,Liverpool,0.0,5.0,Liverpool FC,Anthony Taylor,5.0
497590,2024-12-30 19:45:00,FINISHED,19,Aston Villa FC,AVL,Aston Villa,Brighton & Hove Albion FC,BHA,Brighton Hove,2.0,2.0,DRAW,Craig Pawson,4.0
497595,2024-12-30 19:45:00,FINISHED,19,Ipswich Town FC,IPS,Ipswich Town,Chelsea FC,CHE,Chelsea,2.0,0.0,Ipswich Town FC,John Brooks,2.0
497597,2024-12-30 20:00:00,FINISHED,19,Manchester United FC,MUN,Man United,Newcastle United FC,NEW,Newcastle,0.0,2.0,Newcastle United FC,Simon Hooper,2.0
497591,2025-01-01 17:30:00,FINISHED,19,Brentford FC,BRE,Brentford,Arsenal FC,ARS,Arsenal,1.0,3.0,Arsenal FC,Peter Bankes,4.0
497607,2025-01-04 12:30:00,FINISHED,20,Tottenham Hotspur FC,TOT,Tottenham,Newcastle United FC,NEW,Newcastle,1.0,2.0,Newcastle United FC,Andy Madley,3.0
497601,2025-01-04 15:00:00,FINISHED,20,Southampton FC,SOU,Southampton,Brentford FC,BRE,Brentford,0.0,5.0,Brentford FC,Stuart Attwell,5.0
497602,2025-01-04 15:00:00,FINISHED,20,Crystal Palace FC,CRY,Crystal Palace,Chelsea FC,CHE,Chelsea,1.0,1.0,DRAW,Tim Robinson,2.0
497603,2025-01-04 15:00:00,FINISHED,20,AFC Bournemouth,BOU,Bournemouth,Everton FC,EVE,Everton,1.0,0.0,AFC Bournemouth,John Brooks,1.0
497605,2025-01-04 15:00:00,FINISHED,20,Aston Villa FC,AVL,Aston Villa,Leicester City FC,LEI,Leicester City,2.0,1.0,Aston Villa FC,Jarred Gillett,3.0
497609,2025-01-04 15:00:00,FINISHED,20,Manchester City FC,MCI,Man City,West Ham United FC,WHU,West Ham,4.0,1.0,Manchester City FC,Michael Salisbury,5.0
497600,2025-01-04 17:30:00,FINISHED,20,Brighton & Hove Albion FC,BHA,Brighton Hove,Arsenal FC,ARS,Arsenal,1.0,1.0,DRAW,Anthony Taylor,2.0
497604,2025-01-05 14:00:00,FINISHED,20,Fulham FC,FUL,Fulham,Ipswich Town FC,IPS,Ipswich Town,2.0,2.0,DRAW,Darren Bond,4.0
497606,2025-01-05 16:30:00,FINISHED,20,Liverpool FC,LIV,Liverpool,Manchester United FC,MUN,Man United,2.0,2.0,DRAW,Michael Oliver,4.0
497608,2025-01-06 20:00:00,FINISHED,20,Wolverhampton Wanderers FC,WOL,Wolverhampton,Nottingham Forest FC,NOT,Nottingham,0.0,3.0,Nottingham Forest FC,Peter Bankes,3.0
497613,2025-01-14 19:30:00,FINISHED,21,West Ham United FC,WHU,West Ham,Fulham FC,FUL,Fulham,3.0,2.0,West Ham United FC,Craig Pawson,5.0
497615,2025-01-14 19:30:00,FINISHED,21,Brentford FC,BRE,Brentford,Manchester City FC,MCI,Man City,2.0,2.0,DRAW,Anthony Taylor,4.0
497617,2025-01-14 19:30:00,FINISHED,21,Chelsea FC,CHE,Chelsea,AFC Bournemouth,BOU,Bournemouth,2.0,2.0,DRAW,Robert Jones,4.0
497614,2025-01-14 20:00:00,FINISHED,21,Nottingham Forest FC,NOT,Nottingham,Liverpool FC,LIV,Liverpool,1.0,1.0,DRAW,Chris Kavanagh,2.0
497610,2025-01-15 19:30:00,FINISHED,21,Everton FC,EVE,Everton,Aston Villa FC,AVL,Aston Villa,0.0,1.0,Aston Villa FC,Sam Barrott,1.0
497612,2025-01-15 19:30:00,FINISHED,21,Leicester City FC,LEI,Leicester City,Crystal Palace FC,CRY,Crystal Palace,0.0,2.0,Crystal Palace FC,Andy Madley,2.0
497619,2025-01-15 19:30:00,FINISHED,21,Newcastle United FC,NEW,Newcastle,Wolverhampton Wanderers FC,WOL,Wolverhampton,3.0,0.0,Newcastle United FC,Darren England,3.0
497616,2025-01-15 20:00:00,FINISHED,21,Arsenal FC,ARS,Arsenal,Tottenham Hotspur FC,TOT,Tottenham,2.0,1.0,Arsenal FC,Simon Hooper,3.0
497611,2025-01-16 19:30:00,FINISHED,21,Ipswich Town FC,IPS,Ipswich Town,Brighton & Hove Albion FC,BHA,Brighton Hove,0.0,2.0,Brighton & Hove Albion FC,Tony Harrington,2.0
497618,2025-01-16 20:00:00,FINISHED,21,Manchester United FC,MUN,Man United,Southampton FC,SOU,Southampton,3.0,1.0,Manchester United FC,John Brooks,4.0
497620,2025-01-18 12:30:00,FINISHED,22,Newcastle United FC,NEW,Newcastle,AFC Bournemouth,BOU,Bournemouth,1.0,4.0,AFC Bournemouth,Stuart Attwell,5.0
497623,2025-01-18 15:00:00,FINISHED,22,West Ham United FC,WHU,West Ham,Crystal Palace FC,CRY,Crystal Palace,0.0,2.0,Crystal Palace FC,Thomas Bramall,2.0
497624,2025-01-18 15:00:00,FINISHED,22,Leicester City FC,LEI,Leicester City,Fulham FC,FUL,Fulham,0.0,2.0,Fulham FC,Michael Salisbury,2.0
497625,2025-01-18 15:00:00,FINISHED,22,Brentford FC,BRE,Brentford,Liverpool FC,LIV,Liverpool,0.0,2.0,Liverpool FC,Andy Madley,2.0
497621,2025-01-18 17:30:00,FINISHED,22,Arsenal FC,ARS,Arsenal,Aston Villa FC,AVL,Aston Villa,2.0,2.0,DRAW,Chris Kavanagh,4.0
497622,2025-01-19 14:00:00,FINISHED,22,Manchester United FC,MUN,Man United,Brighton & Hove Albion FC,BHA,Brighton Hove,1.0,3.0,Brighton & Hove Albion FC,Peter Bankes,4.0
497627,2025-01-19 14:00:00,FINISHED,22,Nottingham Forest FC,NOT,Nottingham,Southampton FC,SOU,Southampton,3.0,2.0,Nottingham Forest FC,Anthony Taylor,5.0
497628,2025-01-19 14:00:00,FINISHED,22,Everton FC,EVE,Everton,Tottenham Hotspur FC,TOT,Tottenham,3.0,2.0,Everton FC,Darren England,5.0
497626,2025-01-19 16:30:00,FINISHED,22,Ipswich Town FC,IPS,Ipswich Town,Manchester City FC,MCI,Man City,0.0,6.0,Manchester City FC,Sam Barrott,6.0
497629,2025-01-20 20:00:00,FINISHED,22,Chelsea FC,CHE,Chelsea,Wolverhampton Wanderers FC,WOL,Wolverhampton,3.0,1.0,Chelsea FC,Simon Hooper,4.0
497631,2025-01-25 15:00:00,FINISHED,23,Liverpool FC,LIV,Liverpool,Ipswich Town FC,IPS,Ipswich Town,4.0,1.0,Liverpool FC,Michael Salisbury,5.0
497632,2025-01-25 15:00:00,FINISHED,23,Wolverhampton Wanderers FC,WOL,Wolverhampton,Arsenal FC,ARS,Arsenal,0.0,1.0,Arsenal FC,Michael Oliver,1.0
497633,2025-01-25 15:00:00,FINISHED,23,Brighton & Hove Albion FC,BHA,Brighton Hove,Everton FC,EVE,Everton,0.0,1.0,Everton FC,Tim Robinson,1.0
497634,2025-01-25 15:00:00,FINISHED,23,Southampton FC,SOU,Southampton,Newcastle United FC,NEW,Newcastle,1.0,3.0,Newcastle United FC,Sam Barrott,4.0
497635,2025-01-25 15:00:00,FINISHED,23,AFC Bournemouth,BOU,Bournemouth,Nottingham Forest FC,NOT,Nottingham,5.0,0.0,AFC Bournemouth,Craig Pawson,5.0
497638,2025-01-25 17:30:00,FINISHED,23,Manchester City FC,MCI,Man City,Chelsea FC,CHE,Chelsea,3.0,1.0,Manchester City FC,John Brooks,4.0
497637,2025-01-26 14:00:00,FINISHED,23,Crystal Palace FC,CRY,Crystal Palace,Brentford FC,BRE,Brentford,1.0,2.0,Brentford FC,Tony Harrington,3.0
497639,2025-01-26 14:00:00,FINISHED,23,Tottenham Hotspur FC,TOT,Tottenham,Leicester City FC,LEI,Leicester City,1.0,2.0,Leicester City FC,Robert Jones,3.0
497636,2025-01-26 16:30:00,FINISHED,23,Aston Villa FC,AVL,Aston Villa,West Ham United FC,WHU,West Ham,1.0,1.0,DRAW,Peter Bankes,2.0
497630,2025-01-26 19:00:00,FINISHED,23,Fulham FC,FUL,Fulham,Manchester United FC,MUN,Man United,0.0,1.0,Manchester United FC,Anthony Taylor,1.0
497641,2025-02-01 12:30:00,FINISHED,24,Nottingham Forest FC,NOT,Nottingham,Brighton & Hove Albion FC,BHA,Brighton Hove,7.0,0.0,Nottingham Forest FC,Simon Hooper,7.0
497643,2025-02-01 15:00:00,FINISHED,24,Newcastle United FC,NEW,Newcastle,Fulham FC,FUL,Fulham,1.0,2.0,Fulham FC,Chris Kavanagh,3.0
497644,2025-02-01 15:00:00,FINISHED,24,Everton FC,EVE,Everton,Leicester City FC,LEI,Leicester City,4.0,0.0,Everton FC,Darren Bond,4.0
497645,2025-02-01 15:00:00,FINISHED,24,AFC Bournemouth,BOU,Bournemouth,Liverpool FC,LIV,Liverpool,0.0,2.0,Liverpool FC,Darren England,2.0
497647,2025-02-01 15:00:00,FINISHED,24,Ipswich Town FC,IPS,Ipswich Town,Southampton FC,SOU,Southampton,1.0,2.0,Southampton FC,Michael Oliver,3.0
497640,2025-02-01 17:30:00,FINISHED,24,Wolverhampton Wanderers FC,WOL,Wolverhampton,Aston Villa FC,AVL,Aston Villa,2.0,0.0,Wolverhampton Wanderers FC,Andy Madley,2.0
497642,2025-02-02 14:00:00,FINISHED,24,Manchester United FC,MUN,Man United,Crystal Palace FC,CRY,Crystal Palace,0.0,2.0,Crystal Palace FC,John Brooks,2.0
497648,2025-02-02 14:00:00,FINISHED,24,Brentford FC,BRE,Brentford,Tottenham Hotspur FC,TOT,Tottenham,0.0,2.0,Tottenham Hotspur FC,Jarred Gillett,2.0
497646,2025-02-02 16:30:00,FINISHED,24,Arsenal FC,ARS,Arsenal,Manchester City FC,MCI,Man City,5.0,1.0,Arsenal FC,Peter Bankes,6.0
497649,2025-02-03 20:00:00,FINISHED,24,Chelsea FC,CHE,Chelsea,West Ham United FC,WHU,West Ham,2.0,1.0,Chelsea FC,Stuart Attwell,3.0
497553,2025-02-12 19:30:00,FINISHED,15,Everton FC,EVE,Everton,Liverpool FC,LIV,Liverpool,2.0,2.0,DRAW,Michael Oliver,4.0
497653,2025-02-14 20:00:00,FINISHED,25,Brighton & Hove Albion FC,BHA,Brighton Hove,Chelsea FC,CHE,Chelsea,3.0,0.0,Brighton & Hove Albion FC,Chris Kavanagh,3.0
497651,2025-02-15 12:30:00,FINISHED,25,Leicester City FC,LEI,Leicester City,Arsenal FC,ARS,Arsenal,0.0,2.0,Arsenal FC,Sam Barrott,2.0
497650,2025-02-15 15:00:00,FINISHED,25,Southampton FC,SOU,Southampton,AFC Bournemouth,BOU,Bournemouth,1.0,3.0,AFC Bournemouth,Jarred Gillett,4.0
497652,2025-02-15 15:00:00,FINISHED,25,West Ham United FC,WHU,West Ham,Brentford FC,BRE,Brentford,0.0,1.0,Brentford FC,Darren England,1.0
497655,2025-02-15 15:00:00,FINISHED,25,Aston Villa FC,AVL,Aston Villa,Ipswich Town FC,IPS,Ipswich Town,1.0,1.0,DRAW,Robert Jones,2.0
497657,2025-02-15 15:00:00,FINISHED,25,Manchester City FC,MCI,Man City,Newcastle United FC,NEW,Newcastle,4.0,0.0,Manchester City FC,Andy Madley,4.0
497658,2025-02-15 15:00:00,FINISHED,25,Fulham FC,FUL,Fulham,Nottingham Forest FC,NOT,Nottingham,2.0,1.0,Fulham FC,Thomas Bramall,3.0
497654,2025-02-15 17:30:00,FINISHED,25,Crystal Palace FC,CRY,Crystal Palace,Everton FC,EVE,Everton,1.0,2.0,Everton FC,Anthony Taylor,3.0
