Manager_Home,Manager_Away,Lineup_Home,Lineup_Away,Fouls_Home,Fouls_Away,Corners_Home,Corners_Away,Crosses_Home,Crosses_Away,Touches_Home,Touches_Away,Tackles_Home,Tackles_Away,Possession_Home,Possession_Away,Shots_on_Target_Home,Shots_on_Target_Away,Yellow_Cards_Home,Yellow_Cards_Away,Red_Cards_Home,Red_Cards_Away,Match_Report_Link
Erik ten Hag,Marco Silva,4-2-3-1,4-2-3-1,12,10,7,8,18,21,640,540,21,24,55%,45%,36%,20%,2,3,0,0,https://fbref.com/en/matches/cc5b4244/Manchester-United-Fulham-August-16-2024-Premier-League
Kieran McKenna,Arne Slot,4-2-3-1,4-2-3-1,9,18,2,10,8,23,497,720,20,9,38%,62%,29%,28%,3,1,0,0,https://fbref.com/en/matches/a1d0d529/Ipswich-Town-Liverpool-August-17-2024-Premier-League
Eddie Howe,Russell Martin,4-3-3,3-5-2,15,16,3,12,12,30,317,788,16,13,23%,77%,33%,16%,2,4,1,0,https://fbref.com/en/matches/34557647/Newcastle-United-Southampton-August-17-2024-Premier-League
N/A,N/A,N/A,N/A,N/A,N/A,N/A,N/A,N/A,N/A,N/A,N/A,N/A,N/A,N/A,N/A,N/A,N/A,0,0,0,0,https://fbref.com/en/matches/4efc72e4/Nottingham-Forest-Bournemouth-August-17-2024-Premier-League
Sean Dyche,Fabian Hürzeler,4-2-3-1,4-2-3-1,8,8,1,5,17,14,499,711,23,21,40%,60%,11%,50%,1,1,1,0,https://fbref.com/en/matches/71618ace/Everton-Brighton-and-Hove-Albion-August-17-2024-Premier-League
Mikel Arteta,Gary O'Neil,4-3-3,4-2-3-1,17,14,8,2,15,14,569,493,18,19,53%,47%,33%,33%,2,2,0,0,https://fbref.com/en/matches/c0e3342a/Arsenal-Wolverhampton-Wanderers-August-17-2024-Premier-League
Lopetegui,Unai Emery,4-1-4-1,4-2-3-1,18,11,5,3,25,15,571,561,14,24,52%,48%,15%,20%,1,2,0,0,https://fbref.com/en/matches/eac7c00b/West-Ham-United-Aston-Villa-August-17-2024-Premier-League
Thomas Frank,Oliver Glasner,4-3-3,3-4-3,6,15,4,7,17,14,542,640,19,22,46%,54%,56%,43%,1,5,0,0,https://fbref.com/en/matches/b63822b9/Brentford-Crystal-Palace-August-18-2024-Premier-League
Enzo Maresca,Pep Guardiola,4-2-3-1,3-2-4-1,12,9,4,3,18,11,629,664,20,16,48%,52%,30%,45%,1,1,0,0,https://fbref.com/en/matches/67a0c715/Chelsea-Manchester-City-August-18-2024-Premier-League
N/A,N/A,N/A,N/A,N/A,N/A,N/A,N/A,N/A,N/A,N/A,N/A,N/A,N/A,N/A,N/A,N/A,N/A,0,0,0,0,https://fbref.com/en/matches/62eea1d6/Leicester-City-Tottenham-Hotspur-August-19-2024-Premier-League
Fabian Hürzeler,Erik ten Hag,4-2-3-1,4-2-3-1,9,13,4,4,12,12,616,643,17,19,48%,52%,29%,27%,1,2,0,0,https://fbref.com/en/matches/fc8ab8b2/Brighton-and-Hove-Albion-Manchester-United-August-24-2024-Premier-League
Ange Postecoglou,Sean Dyche,4-3-3,4-2-3-1,11,15,12,5,20,15,765,401,22,29,70%,30%,54%,10%,0,0,0,0,https://fbref.com/en/matches/1eef1717/Tottenham-Hotspur-Everton-August-24-2024-Premier-League
Marco Silva,Steve Cooper,4-2-3-1,4-2-3-1,14,13,7,5,21,12,689,606,14,21,54%,46%,33%,40%,2,2,0,0,https://fbref.com/en/matches/4d0079fb/Fulham-Leicester-City-August-24-2024-Premier-League
Oliver Glasner,Lopetegui,3-4-3,4-1-4-1,9,17,3,3,20,14,709,558,23,20,58%,42%,14%,17%,1,1,0,0,https://fbref.com/en/matches/540cfb68/Crystal-Palace-West-Ham-United-August-24-2024-Premier-League
Pep Guardiola,Kieran McKenna,3-2-4-1,5-4-1,4,15,10,1,17,6,884,387,14,17,75%,25%,31%,100%,2,3,0,0,https://fbref.com/en/matches/a24b7a43/Manchester-City-Ipswich-Town-August-24-2024-Premier-League
Russell Martin,Nuno Espírito Santo,3-5-2,4-2-3-1,14,14,4,10,14,19,800,503,18,24,64%,36%,20%,35%,3,3,0,0,https://fbref.com/en/matches/a641f3a0/Southampton-Nottingham-Forest-August-24-2024-Premier-League
Unai Emery,Mikel Arteta,4-4-2,4-3-3,8,16,4,1,10,13,457,635,22,17,40%,60%,27%,44%,1,3,0,0,https://fbref.com/en/matches/4692171a/Aston-Villa-Arsenal-August-24-2024-Premier-League
Andoni Iraola,Eddie Howe,4-2-3-1,4-3-3,20,8,8,9,19,26,515,658,21,21,39%,61%,25%,36%,2,2,0,0,https://fbref.com/en/matches/1934f267/Bournemouth-Newcastle-United-August-25-2024-Premier-League
Gary O'Neil,Enzo Maresca,4-2-3-1,4-2-3-1,13,13,5,5,13,11,463,623,19,14,40%,60%,33%,57%,2,3,0,0,https://fbref.com/en/matches/e76c15c9/Wolverhampton-Wanderers-Chelsea-August-25-2024-Premier-League
Arne Slot,Thomas Frank,4-2-3-1,4-4-2,10,7,9,4,15,10,741,493,17,10,62%,38%,42%,25%,2,3,0,0,https://fbref.com/en/matches/09b1742e/Liverpool-Brentford-August-25-2024-Premier-League
Mikel Arteta,Fabian Hürzeler,4-3-3,4-2-3-1,12,7,3,7,7,26,408,620,17,18,36%,64%,64%,18%,5,2,0,0,https://fbref.com/en/matches/a843d023/Arsenal-Brighton-and-Hove-Albion-August-31-2024-Premier-League
Sean Dyche,Andoni Iraola,4-2-3-1,4-2-3-1,6,11,8,4,21,24,518,569,17,26,47%,53%,44%,41%,2,1,0,0,https://fbref.com/en/matches/58bbe046/Everton-Bournemouth-August-31-2024-Premier-League
Steve Cooper,Unai Emery,4-2-3-1,4-4-2,13,21,1,4,18,10,653,520,22,17,57%,43%,33%,50%,4,5,0,0,https://fbref.com/en/matches/5af68b76/Leicester-City-Aston-Villa-August-31-2024-Premier-League
Nuno Espírito Santo,Gary O'Neil,4-2-3-1,4-4-1-1,15,18,7,3,23,7,525,520,17,23,52%,48%,31%,18%,3,4,0,0,https://fbref.com/en/matches/837f0304/Nottingham-Forest-Wolverhampton-Wanderers-August-31-2024-Premier-League
Kieran McKenna,Marco Silva,4-2-3-1,4-3-3,15,15,8,6,16,26,529,545,13,11,48%,52%,36%,44%,2,3,0,0,https://fbref.com/en/matches/cec85838/Ipswich-Town-Fulham-August-31-2024-Premier-League
Thomas Frank,Russell Martin,4-3-3,3-5-2,10,7,2,8,13,20,521,752,17,15,37%,63%,35%,33%,2,1,0,0,https://fbref.com/en/matches/fec3438b/Brentford-Southampton-August-31-2024-Premier-League
Lopetegui,Pep Guardiola,4-2-3-1,3-2-4-1,10,3,3,11,14,22,468,857,11,15,33%,67%,20%,35%,3,2,0,0,https://fbref.com/en/matches/97ce60d4/West-Ham-United-Manchester-City-August-31-2024-Premier-League
Eddie Howe,Ange Postecoglou,4-3-3,4-2-3-1,16,13,7,12,12,27,443,675,17,22,35%,65%,33%,30%,4,4,0,0,https://fbref.com/en/matches/0c994746/Newcastle-United-Tottenham-Hotspur-September-1-2024-Premier-League
Enzo Maresca,Oliver Glasner,4-2-3-1,3-4-3,9,13,4,4,19,9,749,485,13,19,62%,38%,54%,33%,4,2,0,0,https://fbref.com/en/matches/3387c2c8/Chelsea-Crystal-Palace-September-1-2024-Premier-League
Erik ten Hag,Arne Slot,4-2-3-1,4-2-3-1,7,7,5,2,19,6,661,615,32,24,53%,47%,38%,27%,4,1,0,0,https://fbref.com/en/matches/a7ab7a12/North-West-Derby-Manchester-United-Liverpool-September-1-2024-Premier-League
Russell Martin,Erik ten Hag,4-2-3-1,4-2-3-1,11,14,0,7,7,9,616,744,21,22,44%,56%,40%,50%,1,4,1,0,https://fbref.com/en/matches/b96c3759/Southampton-Manchester-United-September-14-2024-Premier-League
Fabian Hürzeler,Kieran McKenna,4-4-2,4-2-3-1,14,16,9,2,29,6,729,437,19,25,68%,32%,29%,17%,4,3,0,0,https://fbref.com/en/matches/2ffa4354/Brighton-and-Hove-Albion-Ipswich-Town-September-14-2024-Premier-League
Oliver Glasner,Steve Cooper,3-4-3,4-2-3-1,11,15,5,2,27,8,766,460,24,19,66%,34%,16%,44%,0,3,0,0,https://fbref.com/en/matches/430cce12/Crystal-Palace-Leicester-City-September-14-2024-Premier-League
Pep Guardiola,Thomas Frank,4-2-3-1,5-3-2,9,3,12,3,15,12,671,605,12,20,54%,46%,39%,63%,3,1,0,0,https://fbref.com/en/matches/54405f8a/Manchester-City-Brentford-September-14-2024-Premier-League
Arne Slot,Nuno Espírito Santo,4-2-3-1,4-2-3-1,15,6,7,2,19,6,760,421,12,22,68%,32%,36%,60%,4,4,0,0,https://fbref.com/en/matches/674bfe9e/Liverpool-Nottingham-Forest-September-14-2024-Premier-League
Marco Silva,Lopetegui,4-2-3-1,4-2-3-1,15,18,3,2,22,16,592,503,30,18,54%,46%,24%,27%,2,3,0,0,https://fbref.com/en/matches/fa2b1777/Fulham-West-Ham-United-September-14-2024-Premier-League
Unai Emery,Sean Dyche,4-2-3-1,4-2-3-1,10,12,6,2,21,12,804,380,20,24,72%,28%,41%,33%,1,4,0,0,https://fbref.com/en/matches/cdb4c33b/Aston-Villa-Everton-September-14-2024-Premier-League
Andoni Iraola,Enzo Maresca,4-2-3-1,4-2-3-1,16,9,6,3,17,8,426,725,14,12,34%,66%,33%,30%,6,8,0,0,https://fbref.com/en/matches/456b4762/Bournemouth-Chelsea-September-14-2024-Premier-League
Ange Postecoglou,Mikel Arteta,4-3-3,4-4-2,13,10,7,6,31,13,670,439,20,21,63%,37%,33%,57%,5,3,0,0,https://fbref.com/en/matches/17774a57/North-London-Derby-Tottenham-Hotspur-Arsenal-September-15-2024-Premier-League
Gary O'Neil,Eddie Howe,4-4-1-1,4-3-3,17,6,4,7,21,13,582,609,23,14,49%,51%,42%,43%,3,3,0,0,https://fbref.com/en/matches/4b01981e/Wolverhampton-Wanderers-Newcastle-United-September-15-2024-Premier-League
Lopetegui,Enzo Maresca,3-4-3,4-2-3-1,17,9,6,5,29,8,640,598,16,19,53%,47%,47%,42%,5,2,0,0,https://fbref.com/en/matches/ce0fb1f5/West-Ham-United-Chelsea-September-21-2024-Premier-League
Arne Slot,Andoni Iraola,4-2-3-1,4-2-3-1,10,12,3,9,8,24,737,556,20,20,58%,42%,63%,32%,1,4,0,0,https://fbref.com/en/matches/32a9539b/Liverpool-Bournemouth-September-21-2024-Premier-League
Steve Cooper,Sean Dyche,4-2-3-1,4-2-3-1,11,12,6,1,29,14,636,511,24,18,58%,42%,17%,29%,1,2,0,0,https://fbref.com/en/matches/4e6e1cc7/Leicester-City-Everton-September-21-2024-Premier-League
Russell Martin,Kieran McKenna,4-2-3-1,4-2-3-1,16,16,2,10,9,23,622,552,16,17,53%,47%,27%,46%,4,4,0,0,https://fbref.com/en/matches/948d52cc/Southampton-Ipswich-Town-September-21-2024-Premier-League
Ange Postecoglou,Thomas Frank,4-3-3,5-3-2,11,9,9,4,23,12,621,654,18,27,48%,52%,39%,100%,3,1,0,0,https://fbref.com/en/matches/9511708f/Tottenham-Hotspur-Brentford-September-21-2024-Premier-League
Marco Silva,Eddie Howe,4-2-3-1,4-3-3,16,8,6,0,17,12,484,702,19,9,39%,61%,50%,31%,6,0,0,0,https://fbref.com/en/matches/de7298df/Fulham-Newcastle-United-September-21-2024-Premier-League
Unai Emery,Gary O'Neil,4-2-3-1,4-1-4-1,11,16,6,5,17,11,584,532,15,23,53%,47%,33%,40%,3,6,0,0,https://fbref.com/en/matches/e2b62260/Aston-Villa-Wolverhampton-Wanderers-September-21-2024-Premier-League
Oliver Glasner,Erik ten Hag,3-4-3,4-2-3-1,7,12,4,11,14,23,479,814,22,14,33%,67%,44%,40%,3,2,0,0,https://fbref.com/en/matches/929e225f/Crystal-Palace-Manchester-United-September-21-2024-Premier-League
Fabian Hürzeler,Nuno Espírito Santo,4-2-3-1,4-2-3-1,12,11,9,1,43,4,709,399,12,18,70%,30%,21%,67%,3,6,0,0,https://fbref.com/en/matches/d701a1df/Brighton-and-Hove-Albion-Nottingham-Forest-September-22-2024-Premier-League
Pep Guardiola,Mikel Arteta,4-3-3,4-4-2,7,10,8,2,24,7,847,332,10,16,77%,23%,33%,60%,3,6,0,0,https://fbref.com/en/matches/d7538020/Manchester-City-Arsenal-September-22-2024-Premier-League
Eddie Howe,Pep Guardiola,4-3-3,4-2-3-1,14,10,5,6,16,19,463,705,15,15,38%,62%,30%,38%,4,4,0,0,https://fbref.com/en/matches/b4df0bca/Newcastle-United-Manchester-City-September-28-2024-Premier-League
Enzo Maresca,Fabian Hürzeler,4-2-3-1,4-3-3,11,8,8,2,11,16,536,724,22,16,41%,59%,36%,33%,3,2,0,0,https://fbref.com/en/matches/1714cebe/Chelsea-Brighton-and-Hove-Albion-September-28-2024-Premier-League
Mikel Arteta,Steve Cooper,4-4-2,4-2-3-1,11,6,17,0,38,4,837,419,19,24,74%,26%,46%,60%,2,4,0,0,https://fbref.com/en/matches/2ee60ac7/Arsenal-Leicester-City-September-28-2024-Premier-League
Thomas Frank,Lopetegui,4-4-2,4-1-4-1,2,11,7,6,28,16,700,578,25,17,57%,43%,38%,16%,2,3,0,0,https://fbref.com/en/matches/9c4f2bcd/Brentford-West-Ham-United-September-28-2024-Premier-League
Sean Dyche,Oliver Glasner,4-2-3-1,3-4-3,13,11,5,8,23,20,509,684,14,25,41%,59%,25%,24%,2,0,0,0,https://fbref.com/en/matches/d47382cd/Everton-Crystal-Palace-September-28-2024-Premier-League
Nuno Espírito Santo,Marco Silva,4-4-2,4-2-3-1,11,15,6,5,26,23,494,677,8,7,41%,59%,9%,8%,2,4,0,0,https://fbref.com/en/matches/ee7d3371/Nottingham-Forest-Fulham-September-28-2024-Premier-League
Gary O'Neil,Arne Slot,4-1-4-1,4-2-3-1,16,8,2,10,15,21,561,655,14,10,45%,55%,38%,56%,2,3,0,0,https://fbref.com/en/matches/f2633f1d/Wolverhampton-Wanderers-Liverpool-September-28-2024-Premier-League
Kieran McKenna,Unai Emery,4-2-3-1,4-2-3-1,10,14,10,0,17,4,527,652,18,15,44%,56%,33%,43%,4,1,0,0,https://fbref.com/en/matches/ef742b9c/Ipswich-Town-Aston-Villa-September-29-2024-Premier-League
Erik ten Hag,Ange Postecoglou,4-2-3-1,4-3-3,16,14,5,3,21,15,555,781,27,7,39%,61%,18%,42%,5,3,1,0,https://fbref.com/en/matches/c4b97377/Manchester-United-Tottenham-Hotspur-September-29-2024-Premier-League
Andoni Iraola,Russell Martin,4-2-3-1,4-2-3-1,19,12,6,4,19,14,534,743,20,20,40%,60%,43%,33%,2,5,0,0,https://fbref.com/en/matches/04d2cc03/Bournemouth-Southampton-September-30-2024-Premier-League
Oliver Glasner,Arne Slot,3-4-3,4-2-3-1,7,15,3,8,9,16,423,778,8,13,32%,68%,56%,25%,4,2,0,0,https://fbref.com/en/matches/49ea224b/Crystal-Palace-Liverpool-October-5-2024-Premier-League
Pep Guardiola,Marco Silva,4-1-4-1,5-4-1,4,10,8,3,16,15,770,598,10,23,58%,42%,35%,36%,2,1,0,0,https://fbref.com/en/matches/61d60f62/Manchester-City-Fulham-October-5-2024-Premier-League
Thomas Frank,Gary O'Neil,4-2-3-1,4-1-4-1,9,10,10,3,27,20,538,626,16,17,44%,56%,61%,35%,2,3,0,0,https://fbref.com/en/matches/909090f8/Brentford-Wolverhampton-Wanderers-October-5-2024-Premier-League
Lopetegui,Kieran McKenna,4-1-4-1,4-2-3-1,12,6,5,5,11,15,643,568,19,15,52%,48%,52%,22%,0,1,0,0,https://fbref.com/en/matches/93e19c5e/West-Ham-United-Ipswich-Town-October-5-2024-Premier-League
Mikel Arteta,Russell Martin,4-4-2,5-4-1,10,9,13,1,32,7,677,530,16,15,59%,41%,21%,25%,0,3,0,0,https://fbref.com/en/matches/c6439e5b/Arsenal-Southampton-October-5-2024-Premier-League
Steve Cooper,Andoni Iraola,4-2-3-1,4-2-3-1,12,14,0,9,6,30,537,607,14,22,45%,55%,33%,11%,4,1,0,0,https://fbref.com/en/matches/d153872e/Leicester-City-Bournemouth-October-5-2024-Premier-League
Sean Dyche,Eddie Howe,4-2-3-1,4-3-3,12,8,0,10,9,22,469,816,19,25,33%,67%,25%,8%,1,2,0,0,https://fbref.com/en/matches/e99a7857/Everton-Newcastle-United-October-5-2024-Premier-League
Unai Emery,Erik ten Hag,4-2-3-1,4-2-3-1,12,11,6,3,20,9,541,508,12,21,53%,47%,9%,40%,1,5,0,0,https://fbref.com/en/matches/abef5f2a/Aston-Villa-Manchester-United-October-6-2024-Premier-League
Enzo Maresca,Nuno Espírito Santo,4-2-3-1,4-2-3-1,12,11,11,3,29,11,741,459,14,12,65%,35%,36%,56%,6,4,0,0,https://fbref.com/en/matches/b9e00aac/Chelsea-Nottingham-Forest-October-6-2024-Premier-League
Fabian Hürzeler,Ange Postecoglou,4-2-3-1,4-3-3,14,10,4,7,15,19,517,676,12,20,41%,59%,36%,23%,2,2,0,0,https://fbref.com/en/matches/dac142c7/Brighton-and-Hove-Albion-Tottenham-Hotspur-October-6-2024-Premier-League
Ange Postecoglou,Lopetegui,4-3-3,4-1-4-1,10,15,13,5,28,12,650,530,25,33,57%,43%,32%,27%,1,3,0,1,https://fbref.com/en/matches/923bfab0/Tottenham-Hotspur-West-Ham-United-October-19-2024-Premier-League
Russell Martin,Steve Cooper,4-5-1,4-2-3-1,10,10,10,6,19,27,530,669,21,30,42%,58%,50%,18%,5,3,1,0,https://fbref.com/en/matches/03d28c48/Southampton-Leicester-City-October-19-2024-Premier-League
Kieran McKenna,Sean Dyche,4-2-3-1,4-2-3-1,12,10,5,7,27,13,647,538,13,18,55%,45%,15%,73%,1,1,0,0,https://fbref.com/en/matches/2273e126/Ipswich-Town-Everton-October-19-2024-Premier-League
Eddie Howe,Fabian Hürzeler,4-3-3,4-4-2,11,9,9,4,23,8,719,559,26,26,60%,40%,29%,50%,2,2,0,0,https://fbref.com/en/matches/48081db0/Newcastle-United-Brighton-and-Hove-Albion-October-19-2024-Premier-League
Marco Silva,Unai Emery,4-2-3-1,4-2-3-1,8,11,6,11,30,19,590,549,18,11,52%,48%,33%,36%,3,5,1,0,https://fbref.com/en/matches/615d637e/Fulham-Aston-Villa-October-19-2024-Premier-League
Erik ten Hag,Thomas Frank,4-2-3-1,4-2-3-1,4,5,9,2,19,13,640,652,25,15,50%,50%,48%,25%,2,2,0,0,https://fbref.com/en/matches/7f2c3291/Manchester-United-Brentford-October-19-2024-Premier-League
Andoni Iraola,Mikel Arteta,4-2-3-1,4-2-3-1,12,11,7,4,25,15,564,587,16,17,49%,51%,25%,17%,1,1,0,1,https://fbref.com/en/matches/01e63a1f/Bournemouth-Arsenal-October-19-2024-Premier-League
Gary O'Neil,Pep Guardiola,3-5-2,4-1-4-1,8,5,1,18,4,40,374,890,26,14,23%,77%,67%,32%,4,1,0,0,https://fbref.com/en/matches/90b22cd5/Wolverhampton-Wanderers-Manchester-City-October-20-2024-Premier-League
Arne Slot,Enzo Maresca,4-2-3-1,4-2-3-1,12,13,1,5,4,17,527,674,25,12,43%,57%,50%,17%,4,3,0,0,https://fbref.com/en/matches/99b4737c/Liverpool-Chelsea-October-20-2024-Premier-League
Nuno Espírito Santo,Oliver Glasner,4-2-3-1,3-1-4-2,9,12,6,6,23,16,625,609,9,23,51%,49%,30%,35%,2,3,0,0,https://fbref.com/en/matches/5ed3894e/Nottingham-Forest-Crystal-Palace-October-21-2024-Premier-League
Steve Cooper,Nuno Espírito Santo,4-2-3-1,4-2-3-1,16,9,6,7,26,21,740,464,14,19,65%,35%,9%,25%,5,3,0,0,https://fbref.com/en/matches/292d8bc4/Leicester-City-Nottingham-Forest-October-25-2024-Premier-League
Thomas Frank,Kieran McKenna,4-2-3-1,4-2-3-1,7,10,4,5,26,19,718,455,8,13,65%,35%,42%,45%,0,3,0,0,https://fbref.com/en/matches/1fb2dcde/Brentford-Ipswich-Town-October-26-2024-Premier-League
Fabian Hürzeler,Gary O'Neil,4-4-2,3-4-3,12,10,9,6,26,19,637,601,17,24,51%,49%,32%,50%,3,3,0,0,https://fbref.com/en/matches/9487e056/Brighton-and-Hove-Albion-Wolverhampton-Wanderers-October-26-2024-Premier-League
Pep Guardiola,Russell Martin,4-1-4-1,5-4-1,9,9,12,1,29,2,735,600,12,14,57%,43%,32%,40%,1,3,0,0,https://fbref.com/en/matches/b66f6389/Manchester-City-Southampton-October-26-2024-Premier-League
Unai Emery,Andoni Iraola,4-4-1-1,4-2-3-1,12,14,9,7,21,20,562,484,11,17,57%,43%,44%,30%,7,6,0,0,https://fbref.com/en/matches/bce300b2/Aston-Villa-Bournemouth-October-26-2024-Premier-League
Sean Dyche,Marco Silva,4-2-3-1,4-2-3-1,8,8,4,2,17,17,530,742,19,16,40%,60%,50%,21%,1,0,0,0,https://fbref.com/en/matches/1e5152bf/Everton-Fulham-October-26-2024-Premier-League
Enzo Maresca,Eddie Howe,4-2-3-1,4-3-3,13,16,7,4,20,11,618,581,12,13,50%,50%,41%,18%,6,3,0,0,https://fbref.com/en/matches/33571b04/Chelsea-Newcastle-United-October-27-2024-Premier-League
Lopetegui,Erik ten Hag,4-2-3-1,4-2-3-1,6,7,6,5,23,24,562,714,11,19,42%,58%,18%,28%,5,1,0,0,https://fbref.com/en/matches/38c31a07/West-Ham-United-Manchester-United-October-27-2024-Premier-League
Oliver Glasner,Ange Postecoglou,3-4-3,4-3-3,16,12,8,8,29,28,450,690,32,19,34%,66%,43%,27%,4,4,0,0,https://fbref.com/en/matches/e995d937/Crystal-Palace-Tottenham-Hotspur-October-27-2024-Premier-League
Mikel Arteta,Arne Slot,4-4-2,4-2-3-1,14,14,1,3,13,24,514,605,17,16,45%,55%,33%,44%,2,2,0,0,https://fbref.com/en/matches/68aa1099/Arsenal-Liverpool-October-27-2024-Premier-League
Eddie Howe,Mikel Arteta,4-3-3,4-4-2,16,18,4,6,13,27,425,659,23,17,37%,63%,44%,0%,4,4,0,0,https://fbref.com/en/matches/cc960c22/Newcastle-United-Arsenal-November-2-2024-Premier-League
Russell Martin,Sean Dyche,5-4-1,4-2-3-1,14,18,3,6,19,19,736,437,14,21,65%,35%,22%,31%,4,2,0,0,https://fbref.com/en/matches/2be42fdb/Southampton-Everton-November-2-2024-Premier-League
Arne Slot,Fabian Hürzeler,4-2-3-1,4-4-2,10,18,9,7,18,15,602,635,28,18,49%,51%,50%,38%,1,1,0,0,https://fbref.com/en/matches/7d114c70/Liverpool-Brighton-and-Hove-Albion-November-2-2024-Premier-League
Nuno Espírito Santo,Lopetegui,4-2-3-1,3-4-3,7,9,10,6,20,15,606,529,18,13,54%,46%,32%,25%,1,4,0,0,https://fbref.com/en/matches/c2505640/Nottingham-Forest-West-Ham-United-November-2-2024-Premier-League
Kieran McKenna,Steve Cooper,4-2-3-1,4-2-3-1,11,10,4,6,12,21,487,596,16,21,43%,57%,14%,25%,6,2,0,0,https://fbref.com/en/matches/ed8f93a0/Ipswich-Town-Leicester-City-November-2-2024-Premier-League
Andoni Iraola,Pep Guardiola,4-2-3-1,4-1-4-1,11,6,3,10,12,27,480,748,16,14,36%,64%,50%,22%,2,1,0,0,https://fbref.com/en/matches/ed970fef/Bournemouth-Manchester-City-November-2-2024-Premier-League
Gary O'Neil,Oliver Glasner,3-4-3,3-4-3,7,9,3,6,12,23,654,546,25,14,57%,43%,55%,32%,1,2,0,0,https://fbref.com/en/matches/a4251fae/Wolverhampton-Wanderers-Crystal-Palace-November-2-2024-Premier-League
Ange Postecoglou,Unai Emery,4-3-3,4-2-3-1,14,14,6,4,23,12,560,525,17,19,51%,49%,38%,8%,2,0,0,0,https://fbref.com/en/matches/8fa951f9/Tottenham-Hotspur-Aston-Villa-November-3-2024-Premier-League
Ruud van Nistelrooy,Enzo Maresca,4-2-3-1,4-2-3-1,19,14,4,8,13,19,554,616,22,20,46%,54%,30%,25%,6,2,0,0,https://fbref.com/en/matches/1273ae28/Manchester-United-Chelsea-November-3-2024-Premier-League
Marco Silva,Thomas Frank,4-2-3-1,4-2-3-1,3,10,11,3,43,6,812,472,15,16,68%,32%,46%,40%,2,1,0,0,https://fbref.com/en/matches/e1590847/Fulham-Brentford-November-4-2024-Premier-League
Thomas Frank,Andoni Iraola,4-3-3,4-2-3-1,8,16,6,4,23,23,579,564,11,16,51%,49%,50%,20%,2,4,0,0,https://fbref.com/en/matches/1c998ef5/Brentford-Bournemouth-November-9-2024-Premier-League
Lopetegui,Sean Dyche,4-1-4-1,4-2-3-1,10,9,7,6,14,27,629,633,13,20,49%,51%,55%,22%,1,2,0,0,https://fbref.com/en/matches/a4cf40b4/West-Ham-United-Everton-November-9-2024-Premier-League
Oliver Glasner,Marco Silva,3-4-3,4-2-3-1,10,11,1,8,12,20,517,784,19,16,36%,64%,31%,41%,1,1,1,0,https://fbref.com/en/matches/d5015ba4/Crystal-Palace-Fulham-November-9-2024-Premier-League
Gary O'Neil,Russell Martin,4-2-3-1,5-4-1,14,12,1,9,3,25,409,810,14,16,29%,71%,50%,0%,1,4,0,0,https://fbref.com/en/matches/dbec2d40/Wolverhampton-Wanderers-Southampton-November-9-2024-Premier-League
Fabian Hürzeler,Pep Guardiola,4-4-2,4-1-4-1,12,10,0,4,8,11,568,773,16,12,40%,60%,40%,40%,3,3,0,0,https://fbref.com/en/matches/62aa7905/Brighton-and-Hove-Albion-Manchester-City-November-9-2024-Premier-League
Arne Slot,Unai Emery,4-2-3-1,4-2-3-1,11,15,2,9,8,23,747,482,12,16,62%,38%,36%,17%,0,3,0,0,https://fbref.com/en/matches/737af5bf/Liverpool-Aston-Villa-November-9-2024-Premier-League
Ruud van Nistelrooy,Steve Cooper,4-2-3-1,4-3-3,9,5,1,5,15,16,659,633,33,22,51%,49%,23%,83%,0,1,0,0,https://fbref.com/en/matches/35888afe/Manchester-United-Leicester-City-November-10-2024-Premier-League
Nuno Espírito Santo,Eddie Howe,4-2-3-1,4-3-3,13,6,4,5,23,28,537,666,29,13,44%,56%,33%,35%,1,1,0,0,https://fbref.com/en/matches/a41ce5c3/Nottingham-Forest-Newcastle-United-November-10-2024-Premier-League
Ange Postecoglou,Kieran McKenna,4-3-3,4-2-3-1,10,19,12,2,33,8,714,446,13,17,66%,34%,29%,38%,1,5,0,0,https://fbref.com/en/matches/f9b9c3c4/Tottenham-Hotspur-Ipswich-Town-November-10-2024-Premier-League
Enzo Maresca,Mikel Arteta,4-2-3-1,4-3-3,12,12,4,3,14,17,543,564,19,13,49%,51%,18%,23%,4,2,0,0,https://fbref.com/en/matches/2874d56e/North-West-London-Derby-Chelsea-Arsenal-November-10-2024-Premier-League
Steve Cooper,Enzo Maresca,4-4-1-1,4-2-3-1,15,12,2,9,7,15,500,755,18,18,37%,63%,0%,38%,4,3,0,0,https://fbref.com/en/matches/bb885467/Leicester-City-Chelsea-November-23-2024-Premier-League
Mikel Arteta,Nuno Espírito Santo,4-3-3,4-2-3-1,10,11,8,1,18,18,730,422,15,16,66%,34%,32%,0%,3,2,0,0,https://fbref.com/en/matches/0cb4129b/Arsenal-Nottingham-Forest-November-23-2024-Premier-League
Andoni Iraola,Fabian Hürzeler,4-2-3-1,4-2-3-1,13,10,7,0,36,2,646,565,20,20,55%,45%,26%,67%,2,4,0,0,https://fbref.com/en/matches/4708a5bf/Bournemouth-Brighton-and-Hove-Albion-November-23-2024-Premier-League
Unai Emery,Oliver Glasner,4-2-3-1,3-4-3,10,11,10,1,20,15,755,423,9,23,69%,31%,25%,46%,3,2,0,0,https://fbref.com/en/matches/bf2e07a1/Aston-Villa-Crystal-Palace-November-23-2024-Premier-League
Sean Dyche,Thomas Frank,4-2-3-1,4-3-3,8,10,10,4,43,11,648,490,12,18,59%,41%,19%,22%,0,0,0,1,https://fbref.com/en/matches/dd7675a7/Everton-Brentford-November-23-2024-Premier-League
Marco Silva,Gary O'Neil,4-2-3-1,3-4-3,14,14,7,2,28,6,706,561,23,17,59%,41%,30%,50%,3,0,0,0,https://fbref.com/en/matches/ed24aeb8/Fulham-Wolverhampton-Wanderers-November-23-2024-Premier-League
Pep Guardiola,Ange Postecoglou,4-3-3,4-3-3,19,9,9,3,33,10,716,550,13,13,58%,42%,22%,78%,4,2,0,0,https://fbref.com/en/matches/c48b896c/Manchester-City-Tottenham-Hotspur-November-23-2024-Premier-League
Russell Martin,Arne Slot,5-4-1,4-2-3-1,11,9,3,10,8,30,526,738,15,16,38%,62%,67%,38%,3,4,0,0,https://fbref.com/en/matches/eb6f8e39/Southampton-Liverpool-November-24-2024-Premier-League
Kieran McKenna,Rúben Amorim,4-2-3-1,3-4-3,11,10,4,3,16,7,554,781,16,15,40%,60%,55%,36%,0,0,0,0,https://fbref.com/en/matches/db1e4ea5/Ipswich-Town-Manchester-United-November-24-2024-Premier-League
Eddie Howe,Lopetegui,4-3-3,4-2-3-1,11,8,8,3,35,12,681,649,21,26,53%,47%,11%,40%,1,0,0,0,https://fbref.com/en/matches/79f46eec/Newcastle-United-West-Ham-United-November-25-2024-Premier-League
Fabian Hürzeler,Russell Martin,4-4-2,5-4-1,20,16,7,6,32,23,623,570,14,17,53%,47%,23%,20%,2,4,0,0,https://fbref.com/en/matches/d38c4a31/Brighton-and-Hove-Albion-Southampton-November-29-2024-Premier-League
Oliver Glasner,Eddie Howe,3-4-3,4-3-3,12,11,8,9,22,22,563,575,30,12,49%,51%,19%,0%,3,3,0,0,https://fbref.com/en/matches/a4f03af0/Crystal-Palace-Newcastle-United-November-30-2024-Premier-League
Gary O'Neil,Andoni Iraola,4-2-3-1,4-2-3-1,13,11,3,4,21,15,706,510,28,26,60%,40%,30%,56%,5,1,0,0,https://fbref.com/en/matches/adfb1b89/Wolverhampton-Wanderers-Bournemouth-November-30-2024-Premier-League
Nuno Espírito Santo,Kieran McKenna,4-2-3-1,4-2-3-1,5,16,8,7,20,16,468,531,20,16,45%,55%,36%,29%,1,3,0,0,https://fbref.com/en/matches/ddc8856c/Nottingham-Forest-Ipswich-Town-November-30-2024-Premier-League
Thomas Frank,Ben Dawson,4-2-3-1,3-4-3,9,10,5,4,20,17,741,528,20,15,60%,40%,46%,43%,1,1,0,0,https://fbref.com/en/matches/f4f9a64f/Brentford-Leicester-City-November-30-2024-Premier-League
Lopetegui,Mikel Arteta,4-2-3-1,4-3-3,10,13,2,10,9,19,471,621,22,17,40%,60%,42%,36%,4,1,0,0,https://fbref.com/en/matches/f78bee62/West-Ham-United-Arsenal-November-30-2024-Premier-League
Enzo Maresca,Unai Emery,4-2-3-1,4-2-3-1,21,6,3,4,12,7,737,460,17,16,64%,36%,47%,30%,2,2,0,0,https://fbref.com/en/matches/080b797b/Chelsea-Aston-Villa-December-1-2024-Premier-League
Ange Postecoglou,Marco Silva,4-3-3,4-2-3-1,4,14,7,11,16,28,641,605,16,16,51%,49%,38%,43%,0,1,0,1,https://fbref.com/en/matches/9aaa6ed5/Tottenham-Hotspur-Fulham-December-1-2024-Premier-League
Rúben Amorim,Sean Dyche,3-4-3,4-2-3-1,12,12,2,2,6,13,740,525,16,19,60%,40%,45%,25%,2,3,0,0,https://fbref.com/en/matches/e6eef20f/Manchester-United-Everton-December-1-2024-Premier-League
Arne Slot,Pep Guardiola,4-2-3-1,4-2-3-1,9,8,7,4,14,9,571,686,22,17,44%,56%,35%,25%,1,3,0,0,https://fbref.com/en/matches/0bd6ad44/Liverpool-Manchester-City-December-1-2024-Premier-League
Kieran McKenna,Oliver Glasner,4-2-3-1,3-4-3,14,13,4,7,21,18,670,570,18,15,54%,46%,22%,23%,2,4,0,0,https://fbref.com/en/matches/f7a96e82/Ipswich-Town-Crystal-Palace-December-3-2024-Premier-League
Ruud van Nistelrooy,Lopetegui,4-2-3-1,4-2-3-1,9,7,3,9,11,27,552,783,35,13,39%,61%,75%,26%,2,2,0,0,https://fbref.com/en/matches/355fd8ce/Leicester-City-West-Ham-United-December-3-2024-Premier-League
Sean Dyche,Gary O'Neil,4-2-3-1,3-4-3,10,8,3,4,10,13,535,632,20,30,44%,56%,31%,33%,2,0,0,0,https://fbref.com/en/matches/71f00b04/Everton-Wolverhampton-Wanderers-December-4-2024-Premier-League
Eddie Howe,Arne Slot,4-3-3,4-2-3-1,9,17,5,6,16,15,510,677,14,23,42%,58%,35%,31%,2,5,0,0,https://fbref.com/en/matches/ca898c29/Newcastle-United-Liverpool-December-4-2024-Premier-League
Pep Guardiola,Nuno Espírito Santo,4-2-3-1,4-2-3-1,7,15,8,2,15,13,714,427,16,24,66%,34%,35%,25%,2,4,0,0,https://fbref.com/en/matches/dedb0eee/Manchester-City-Nottingham-Forest-December-4-2024-Premier-League
Russell Martin,Enzo Maresca,5-3-2,4-2-3-1,7,14,5,7,16,12,552,652,12,15,45%,55%,67%,42%,1,0,1,0,https://fbref.com/en/matches/e4480630/Southampton-Chelsea-December-4-2024-Premier-League
Mikel Arteta,Rúben Amorim,4-3-3,3-4-3,12,8,13,0,23,6,588,590,15,19,51%,49%,43%,40%,1,3,0,0,https://fbref.com/en/matches/9938aa27/Arsenal-Manchester-United-December-4-2024-Premier-League
Unai Emery,Thomas Frank,4-2-3-1,4-3-3,11,15,10,5,24,21,537,547,16,14,49%,51%,47%,11%,2,2,0,0,https://fbref.com/en/matches/c24a734b/Aston-Villa-Brentford-December-4-2024-Premier-League
Marco Silva,Fabian Hürzeler,4-2-3-1,3-4-3,7,8,5,6,16,21,531,665,16,11,43%,57%,33%,23%,2,2,0,0,https://fbref.com/en/matches/32aaf579/Fulham-Brighton-and-Hove-Albion-December-5-2024-Premier-League
Andoni Iraola,Ange Postecoglou,4-2-3-1,4-3-3,15,8,5,9,14,21,436,679,25,24,35%,65%,38%,33%,2,2,0,0,https://fbref.com/en/matches/c7e59a0a/Bournemouth-Tottenham-Hotspur-December-5-2024-Premier-League
Thomas Frank,Eddie Howe,3-4-3,4-3-3,10,7,3,4,15,24,542,666,24,12,43%,57%,64%,19%,3,0,0,0,https://fbref.com/en/matches/1042592d/Brentford-Newcastle-United-December-7-2024-Premier-League
Oliver Glasner,Pep Guardiola,3-4-3,4-2-3-1,4,10,6,8,13,16,471,854,18,14,32%,68%,25%,33%,1,2,0,0,https://fbref.com/en/matches/6b7fbda1/Crystal-Palace-Manchester-City-December-7-2024-Premier-League
Unai Emery,Russell Martin,4-2-3-1,5-3-2,18,15,14,1,25,13,562,635,27,15,47%,53%,22%,0%,1,3,0,0,https://fbref.com/en/matches/92cfde2c/Aston-Villa-Southampton-December-7-2024-Premier-League
Rúben Amorim,Nuno Espírito Santo,3-4-3,4-2-3-1,10,13,5,3,23,7,732,371,13,16,71%,29%,41%,27%,0,2,0,0,https://fbref.com/en/matches/08966ea6/Manchester-United-Nottingham-Forest-December-7-2024-Premier-League
Marco Silva,Mikel Arteta,4-2-3-1,4-3-3,10,9,0,6,10,33,425,744,27,9,34%,66%,100%,33%,4,2,0,0,https://fbref.com/en/matches/038dfa98/Fulham-Arsenal-December-8-2024-Premier-League
Kieran McKenna,Andoni Iraola,4-2-3-1,4-2-3-1,9,13,6,13,13,23,516,632,19,23,44%,56%,28%,27%,2,1,0,0,https://fbref.com/en/matches/392c7b1f/Ipswich-Town-Bournemouth-December-8-2024-Premier-League
Ruud van Nistelrooy,Fabian Hürzeler,4-2-3-1,4-2-3-1,9,10,4,5,20,15,655,573,15,19,56%,44%,30%,44%,1,2,0,0,https://fbref.com/en/matches/7b549f8f/Leicester-City-Brighton-and-Hove-Albion-December-8-2024-Premier-League
Ange Postecoglou,Enzo Maresca,4-3-3,4-2-3-1,17,11,5,10,15,16,455,656,19,18,39%,61%,38%,40%,2,3,0,0,https://fbref.com/en/matches/abff9b73/Tottenham-Hotspur-Chelsea-December-8-2024-Premier-League
Lopetegui,Gary O'Neil,4-2-3-1,3-4-3,12,17,11,0,22,13,586,513,13,19,54%,46%,21%,26%,5,4,0,0,https://fbref.com/en/matches/4d72ec87/West-Ham-United-Wolverhampton-Wanderers-December-9-2024-Premier-League
Eddie Howe,Ruud van Nistelrooy,4-3-3,4-2-3-1,7,16,5,2,15,10,788,576,8,23,59%,41%,41%,25%,3,3,0,0,https://fbref.com/en/matches/0b6fe43f/Newcastle-United-Leicester-City-December-14-2024-Premier-League
Mikel Arteta,Sean Dyche,4-3-3,4-3-3,6,9,8,2,28,8,847,354,18,29,76%,24%,38%,0%,0,3,0,0,https://fbref.com/en/matches/32aa9e8e/Arsenal-Everton-December-14-2024-Premier-League
Gary O'Neil,Kieran McKenna,3-4-3,4-2-3-1,13,9,7,3,25,17,662,574,20,12,54%,46%,38%,30%,2,2,0,0,https://fbref.com/en/matches/46d52e33/Wolverhampton-Wanderers-Ipswich-Town-December-14-2024-Premier-League
Arne Slot,Marco Silva,4-3-3,4-2-3-1,10,7,5,4,31,14,678,481,15,15,61%,39%,25%,25%,3,4,1,0,https://fbref.com/en/matches/a436996c/Liverpool-Fulham-December-14-2024-Premier-League
Nuno Espírito Santo,Unai Emery,4-2-3-1,4-2-3-1,12,6,4,3,21,16,620,595,19,11,50%,50%,35%,25%,0,1,0,0,https://fbref.com/en/matches/26926fd3/Nottingham-Forest-Aston-Villa-December-14-2024-Premier-League
Fabian Hürzeler,Oliver Glasner,4-2-3-1,3-4-3,11,15,8,5,23,12,715,468,22,25,64%,36%,29%,38%,1,4,0,0,https://fbref.com/en/matches/c8314a05/Brighton-and-Hove-Albion-Crystal-Palace-December-15-2024-Premier-League
Pep Guardiola,Rúben Amorim,4-1-4-1,3-4-3,5,14,8,2,19,10,625,617,14,24,52%,48%,30%,22%,1,1,0,0,https://fbref.com/en/matches/3d772028/Manchester-Derby-Manchester-City-Manchester-United-December-15-2024-Premier-League
Russell Martin,Ange Postecoglou,4-3-1-2,4-2-3-1,8,15,2,5,13,15,533,724,15,14,42%,58%,33%,50%,1,3,0,0,https://fbref.com/en/matches/37afd6da/Southampton-Tottenham-Hotspur-December-15-2024-Premier-League
Enzo Maresca,Thomas Frank,4-2-3-1,3-5-2,11,7,8,5,34,18,697,481,15,17,62%,38%,31%,44%,2,2,0,0,https://fbref.com/en/matches/5f0803f7/Chelsea-Brentford-December-15-2024-Premier-League
Andoni Iraola,Lopetegui,4-2-3-1,4-1-4-1,6,11,12,6,30,23,622,579,13,12,52%,48%,31%,13%,0,2,0,0,https://fbref.com/en/matches/49cd674b/Bournemouth-West-Ham-United-December-16-2024-Premier-League
Unai Emery,Pep Guardiola,4-2-3-1,4-2-3-1,14,7,5,4,6,14,533,651,22,6,44%,56%,55%,50%,3,3,0,0,https://fbref.com/en/matches/ce9dc982/Aston-Villa-Manchester-City-December-21-2024-Premier-League
Lopetegui,Fabian Hürzeler,4-1-4-1,4-2-3-1,14,20,8,4,14,22,543,610,26,18,47%,53%,36%,50%,2,2,0,0,https://fbref.com/en/matches/04be8e87/West-Ham-United-Brighton-and-Hove-Albion-December-21-2024-Premier-League
Thomas Frank,Nuno Espírito Santo,4-3-3,3-4-3,10,14,9,5,38,14,688,487,17,20,64%,36%,43%,60%,3,4,0,0,https://fbref.com/en/matches/1c60d037/Brentford-Nottingham-Forest-December-21-2024-Premier-League
Kieran McKenna,Eddie Howe,4-2-3-1,4-3-3,9,7,2,1,12,10,540,739,10,15,42%,58%,20%,47%,2,0,0,0,https://fbref.com/en/matches/764fc51e/Ipswich-Town-Newcastle-United-December-21-2024-Premier-League
Oliver Glasner,Mikel Arteta,3-4-3,4-3-3,9,8,3,3,14,17,528,710,25,14,42%,58%,40%,43%,2,2,0,0,https://fbref.com/en/matches/5e7aa707/Crystal-Palace-Arsenal-December-21-2024-Premier-League
Rúben Amorim,Andoni Iraola,3-4-3,4-2-3-1,11,11,13,1,21,8,651,510,19,25,60%,40%,30%,44%,1,3,0,0,https://fbref.com/en/matches/8381ba53/Manchester-United-Bournemouth-December-22-2024-Premier-League
Marco Silva,Simon Rusk,4-2-3-1,3-4-1-2,8,15,6,5,28,13,695,568,10,19,57%,43%,33%,20%,1,3,0,0,https://fbref.com/en/matches/ba3fcb1e/Fulham-Southampton-December-22-2024-Premier-League
Sean Dyche,Enzo Maresca,4-3-3,4-2-3-1,20,12,2,5,9,18,344,783,30,23,25%,75%,80%,33%,4,1,0,0,https://fbref.com/en/matches/de72140c/Everton-Chelsea-December-22-2024-Premier-League
Ruud van Nistelrooy,Vítor Pereira,4-2-3-1,3-4-3,15,16,6,1,24,8,686,610,18,20,54%,46%,44%,50%,2,0,0,0,https://fbref.com/en/matches/ecd6cb1d/Leicester-City-Wolverhampton-Wanderers-December-22-2024-Premier-League
Ange Postecoglou,Arne Slot,4-2-3-1,4-2-3-1,7,9,7,5,16,21,711,681,20,27,52%,48%,56%,46%,1,2,0,0,https://fbref.com/en/matches/1e1cea4c/Tottenham-Hotspur-Liverpool-December-22-2024-Premier-League
Pep Guardiola,Sean Dyche,4-1-4-1,4-3-3,5,10,8,5,23,16,789,479,16,17,66%,34%,17%,38%,1,4,0,0,https://fbref.com/en/matches/87f2d794/Manchester-City-Everton-December-26-2024-Premier-League
Enzo Maresca,Marco Silva,4-2-3-1,4-5-1,13,13,3,1,14,20,631,704,12,9,47%,53%,67%,50%,1,3,0,0,https://fbref.com/en/matches/03d6159c/Chelsea-Fulham-December-26-2024-Premier-League
Ivan Jurić,Lopetegui,3-4-1-2,4-1-4-1,15,8,2,2,23,10,622,544,15,19,54%,46%,28%,13%,1,2,0,0,https://fbref.com/en/matches/8050686b/Southampton-West-Ham-United-December-26-2024-Premier-League
Andoni Iraola,Oliver Glasner,4-2-3-1,3-4-3,13,12,5,2,27,11,649,611,22,27,52%,48%,17%,40%,2,2,0,0,https://fbref.com/en/matches/886ca6b3/Bournemouth-Crystal-Palace-December-26-2024-Premier-League
Eddie Howe,Unai Emery,4-3-3,4-2-3-1,15,10,9,6,18,20,679,436,11,15,62%,38%,32%,25%,2,1,0,1,https://fbref.com/en/matches/9985f304/Newcastle-United-Aston-Villa-December-26-2024-Premier-League
Nuno Espírito Santo,Ange Postecoglou,4-2-3-1,4-2-3-1,12,13,2,7,6,18,418,768,21,11,30%,70%,30%,31%,3,4,0,0,https://fbref.com/en/matches/eb738106/Nottingham-Forest-Tottenham-Hotspur-December-26-2024-Premier-League
Vítor Pereira,Rúben Amorim,3-4-3,3-4-3,12,12,3,4,15,20,638,621,26,24,51%,49%,57%,36%,2,4,0,0,https://fbref.com/en/matches/77bcad49/Wolverhampton-Wanderers-Manchester-United-December-26-2024-Premier-League
Arne Slot,Ruud van Nistelrooy,4-2-3-1,4-2-3-1,17,5,14,1,50,6,816,454,18,13,68%,32%,37%,25%,3,2,0,0,https://fbref.com/en/matches/1f604fbd/Liverpool-Leicester-City-December-26-2024-Premier-League
Fabian Hürzeler,Thomas Frank,4-2-3-1,4-2-3-1,6,12,5,3,19,9,654,517,17,18,57%,43%,29%,38%,0,2,0,0,https://fbref.com/en/matches/15b10b33/Brighton-and-Hove-Albion-Brentford-December-27-2024-Premier-League
Mikel Arteta,Kieran McKenna,4-3-3,5-4-1,7,12,5,1,18,8,809,439,24,18,68%,32%,38%,0%,1,1,0,0,https://fbref.com/en/matches/668dad03/Arsenal-Ipswich-Town-December-27-2024-Premier-League
Ruud van Nistelrooy,Pep Guardiola,4-2-3-1,4-1-4-1,11,6,4,4,19,11,697,623,14,10,53%,47%,27%,36%,2,1,0,0,https://fbref.com/en/matches/8bbb6d95/Leicester-City-Manchester-City-December-29-2024-Premier-League
Ange Postecoglou,Vítor Pereira,4-2-3-1,3-4-3,9,10,5,5,17,15,570,605,18,20,48%,52%,17%,27%,1,2,0,0,https://fbref.com/en/matches/3d2ef5b4/Tottenham-Hotspur-Wolverhampton-Wanderers-December-29-2024-Premier-League
Marco Silva,Andoni Iraola,4-5-1,4-2-3-1,7,16,1,7,15,25,670,615,26,12,52%,48%,55%,50%,1,3,0,0,https://fbref.com/en/matches/4b4023dc/Fulham-Bournemouth-December-29-2024-Premier-League
Sean Dyche,Nuno Espírito Santo,4-3-3,4-2-3-1,13,10,5,4,34,8,667,455,16,18,64%,36%,15%,64%,4,1,0,0,https://fbref.com/en/matches/5fa986dc/Everton-Nottingham-Forest-December-29-2024-Premier-League
Oliver Glasner,Ivan Jurić,3-4-3,3-4-3,18,19,8,7,23,22,555,609,19,16,47%,53%,47%,43%,2,3,0,0,https://fbref.com/en/matches/6d06b29c/Crystal-Palace-Southampton-December-29-2024-Premier-League
Lopetegui,Arne Slot,4-2-3-1,4-2-3-1,7,10,2,6,9,22,611,681,17,23,46%,54%,0%,59%,0,0,0,0,https://fbref.com/en/matches/c1a66ac0/West-Ham-United-Liverpool-December-29-2024-Premier-League
Unai Emery,Fabian Hürzeler,4-2-3-1,4-2-3-1,9,14,12,3,19,12,639,500,22,19,59%,41%,16%,31%,2,3,0,0,https://fbref.com/en/matches/5e8340e9/Aston-Villa-Brighton-and-Hove-Albion-December-30-2024-Premier-League
Kieran McKenna,Enzo Maresca,5-4-1,4-2-3-1,9,5,4,7,7,19,359,880,17,11,24%,76%,63%,20%,4,4,0,0,https://fbref.com/en/matches/88073205/Ipswich-Town-Chelsea-December-30-2024-Premier-League
Rúben Amorim,Eddie Howe,3-4-3,4-3-3,13,8,2,3,11,12,727,661,26,19,52%,48%,0%,33%,1,1,0,0,https://fbref.com/en/matches/8cff7a63/Manchester-United-Newcastle-United-December-30-2024-Premier-League
Thomas Frank,Mikel Arteta,4-3-1-2,4-3-3,6,8,4,3,15,20,605,601,10,16,50%,50%,40%,29%,1,2,0,0,https://fbref.com/en/matches/7e6892e4/Brentford-Arsenal-January-1-2025-Premier-League
Ange Postecoglou,Eddie Howe,4-2-3-1,4-3-3,11,15,9,10,25,15,622,521,25,17,56%,44%,31%,29%,1,4,0,0,https://fbref.com/en/matches/be247ac3/Tottenham-Hotspur-Newcastle-United-January-4-2025-Premier-League
Ivan Jurić,Thomas Frank,3-4-3,4-3-3,10,4,2,2,13,11,592,582,15,20,50%,50%,13%,47%,2,0,0,0,https://fbref.com/en/matches/36fc576a/Southampton-Brentford-January-4-2025-Premier-League
Andoni Iraola,Sean Dyche,4-2-3-1,4-2-3-1,15,14,9,3,33,13,623,505,15,16,58%,42%,42%,0%,2,2,0,0,https://fbref.com/en/matches/43f0c302/Bournemouth-Everton-January-4-2025-Premier-League
Oliver Glasner,Enzo Maresca,3-4-3,4-2-3-1,9,12,6,6,19,14,501,710,26,12,39%,61%,46%,7%,0,2,0,0,https://fbref.com/en/matches/cd9861d5/Crystal-Palace-Chelsea-January-4-2025-Premier-League
Pep Guardiola,Lopetegui,4-1-4-1,4-2-3-1,8,13,7,1,12,12,673,567,12,13,56%,44%,70%,24%,2,1,0,0,https://fbref.com/en/matches/d7773a4c/Manchester-City-West-Ham-United-January-4-2025-Premier-League
Unai Emery,Ruud van Nistelrooy,4-2-3-1,4-2-3-1,10,11,6,2,18,11,751,538,19,22,60%,40%,38%,50%,0,1,0,0,https://fbref.com/en/matches/f5ae8d7d/Aston-Villa-Leicester-City-January-4-2025-Premier-League
Fabian Hürzeler,Mikel Arteta,4-2-3-1,4-3-3,17,14,2,5,10,15,547,638,11,14,45%,55%,30%,33%,2,3,0,0,https://fbref.com/en/matches/52186da4/Brighton-and-Hove-Albion-Arsenal-January-4-2025-Premier-League
Marco Silva,Kieran McKenna,3-4-3,5-4-1,10,14,9,2,35,7,834,417,17,11,73%,27%,15%,33%,1,5,0,0,https://fbref.com/en/matches/8b69ef69/Fulham-Ipswich-Town-January-5-2025-Premier-League
Arne Slot,Rúben Amorim,4-2-3-1,3-4-3,10,13,6,9,17,22,625,547,6,20,53%,47%,28%,31%,2,4,0,0,https://fbref.com/en/matches/4cef863f/North-West-Derby-Liverpool-Manchester-United-January-5-2025-Premier-League
Vítor Pereira,Nuno Espírito Santo,3-4-3,4-2-3-1,10,8,5,3,30,10,698,515,13,18,60%,40%,38%,27%,1,2,0,0,https://fbref.com/en/matches/56c4250a/Wolverhampton-Wanderers-Nottingham-Forest-January-6-2025-Premier-League
Thomas Frank,Pep Guardiola,4-3-3,4-2-3-1,4,4,4,5,20,20,558,669,10,12,45%,55%,28%,38%,0,0,0,0,https://fbref.com/en/matches/68c2e6b8/Brentford-Manchester-City-January-14-2025-Premier-League
Graham Potter,Marco Silva,4-2-3-1,4-2-3-1,9,18,0,3,5,24,547,662,13,13,44%,56%,75%,19%,3,3,0,0,https://fbref.com/en/matches/c6168c73/West-Ham-United-Fulham-January-14-2025-Premier-League
Enzo Maresca,Andoni Iraola,4-2-3-1,4-2-3-1,15,16,9,3,16,12,570,468,11,16,57%,43%,38%,33%,2,3,0,0,https://fbref.com/en/matches/fff671a9/Chelsea-Bournemouth-January-14-2025-Premier-League
Nuno Espírito Santo,Arne Slot,4-2-3-1,4-2-3-1,7,10,0,9,9,29,428,745,20,10,30%,70%,50%,26%,2,1,0,0,https://fbref.com/en/matches/118f8df8/Nottingham-Forest-Liverpool-January-14-2025-Premier-League
David Moyes,Unai Emery,4-2-3-1,4-2-3-1,17,10,8,5,20,10,588,581,19,22,50%,50%,20%,27%,2,1,0,0,https://fbref.com/en/matches/3e70b855/Everton-Aston-Villa-January-15-2025-Premier-League
Eddie Howe,Vítor Pereira,4-3-3,3-4-3,10,13,4,2,17,10,742,542,14,25,60%,40%,29%,54%,0,2,0,0,https://fbref.com/en/matches/535d70d7/Newcastle-United-Wolverhampton-Wanderers-January-15-2025-Premier-League
Ruud van Nistelrooy,Oliver Glasner,4-2-3-1,3-4-3,7,6,4,3,22,12,763,593,18,17,57%,43%,19%,44%,0,0,0,0,https://fbref.com/en/matches/99eb6105/Leicester-City-Crystal-Palace-January-15-2025-Premier-League
Mikel Arteta,Ange Postecoglou,4-3-3,4-3-3,16,9,10,4,25,17,574,549,21,21,53%,47%,29%,20%,3,1,0,0,https://fbref.com/en/matches/ee9ce5e2/North-London-Derby-Arsenal-Tottenham-Hotspur-January-15-2025-Premier-League
Kieran McKenna,Fabian Hürzeler,4-2-3-1,4-1-4-1,13,14,1,9,9,22,537,595,13,14,47%,53%,60%,45%,2,2,0,0,https://fbref.com/en/matches/ace86fcc/Ipswich-Town-Brighton-and-Hove-Albion-January-16-2025-Premier-League
Rúben Amorim,Ivan Jurić,3-4-3,3-4-1-2,7,10,4,4,13,8,755,569,17,25,60%,40%,39%,38%,1,3,0,0,https://fbref.com/en/matches/f443a602/Manchester-United-Southampton-January-16-2025-Premier-League
Eddie Howe,Andoni Iraola,4-3-3,4-2-3-1,7,18,7,6,28,24,580,515,17,21,56%,44%,31%,53%,1,6,0,0,https://fbref.com/en/matches/99d11a39/Newcastle-United-Bournemouth-January-18-2025-Premier-League
Graham Potter,Oliver Glasner,3-4-3,3-4-3,13,10,2,4,13,18,678,615,11,19,53%,47%,0%,55%,3,0,0,0,https://fbref.com/en/matches/03ac4a9c/West-Ham-United-Crystal-Palace-January-18-2025-Premier-League
Thomas Frank,Arne Slot,4-2-3-1,4-2-3-1,6,14,2,15,9,32,476,639,12,10,40%,60%,55%,22%,2,3,0,0,https://fbref.com/en/matches/5e8445c1/Brentford-Liverpool-January-18-2025-Premier-League
Ruud van Nistelrooy,Marco Silva,4-2-3-1,4-2-3-1,8,8,5,2,17,23,521,749,11,21,40%,60%,50%,12%,3,1,0,0,https://fbref.com/en/matches/bc3ae18e/Leicester-City-Fulham-January-18-2025-Premier-League
Mikel Arteta,Unai Emery,4-3-3,4-2-3-1,10,18,10,1,41,6,648,397,12,17,66%,34%,33%,50%,2,3,0,0,https://fbref.com/en/matches/1fdaaaba/Arsenal-Aston-Villa-January-18-2025-Premier-League
Rúben Amorim,Fabian Hürzeler,3-4-3,4-4-2,13,12,4,2,10,9,609,588,18,22,51%,49%,0%,50%,3,3,0,0,https://fbref.com/en/matches/45028d5b/Manchester-United-Brighton-and-Hove-Albion-January-19-2025-Premier-League
Nuno Espírito Santo,Ivan Jurić,4-2-3-1,3-4-1-2,4,18,2,8,18,24,532,628,19,11,45%,55%,29%,30%,0,4,0,0,https://fbref.com/en/matches/e0f90407/Nottingham-Forest-Southampton-January-19-2025-Premier-League
David Moyes,Ange Postecoglou,4-2-3-1,3-4-3,14,14,3,8,19,19,506,763,23,20,36%,64%,50%,45%,2,1,0,0,https://fbref.com/en/matches/e9f61cb0/Everton-Tottenham-Hotspur-January-19-2025-Premier-League
Kieran McKenna,Pep Guardiola,5-4-1,4-2-3-1,4,7,4,7,12,8,475,855,13,14,33%,67%,50%,53%,0,1,0,0,https://fbref.com/en/matches/6c829b8f/Ipswich-Town-Manchester-City-January-19-2025-Premier-League
Enzo Maresca,Vítor Pereira,4-2-3-1,3-4-3,8,14,3,6,23,18,740,493,9,21,63%,37%,32%,44%,4,2,0,0,https://fbref.com/en/matches/e62cfa12/Chelsea-Wolverhampton-Wanderers-January-20-2025-Premier-League
Vítor Pereira,Mikel Arteta,3-4-3,4-3-3,20,10,1,5,14,23,590,564,27,22,51%,49%,44%,33%,2,1,0,1,https://fbref.com/en/matches/0b39252e/Wolverhampton-Wanderers-Arsenal-January-25-2025-Premier-League
Ivan Jurić,Eddie Howe,3-4-1-2,4-3-3,10,5,3,8,16,11,619,570,21,19,53%,47%,42%,44%,1,0,0,0,https://fbref.com/en/matches/7d05223b/Southampton-Newcastle-United-January-25-2025-Premier-League
Fabian Hürzeler,David Moyes,4-2-3-1,4-2-3-1,8,11,9,1,30,4,815,461,23,26,69%,31%,6%,0%,4,4,0,0,https://fbref.com/en/matches/b54aac79/Brighton-and-Hove-Albion-Everton-January-25-2025-Premier-League
Arne Slot,Kieran McKenna,4-2-3-1,4-2-3-1,10,11,3,4,24,9,886,454,16,22,70%,30%,38%,100%,0,2,0,0,https://fbref.com/en/matches/ee59115f/Liverpool-Ipswich-Town-January-25-2025-Premier-League
Andoni Iraola,Nuno Espírito Santo,4-2-3-1,4-2-3-1,9,12,3,9,17,23,523,499,22,11,50%,50%,63%,22%,2,3,0,0,https://fbref.com/en/matches/efa8ddd7/Bournemouth-Nottingham-Forest-January-25-2025-Premier-League
Pep Guardiola,Enzo Maresca,4-3-3,4-2-3-1,6,8,2,3,5,9,695,544,13,12,56%,44%,40%,40%,3,2,0,0,https://fbref.com/en/matches/bfd54040/Manchester-City-Chelsea-January-25-2025-Premier-League
Oliver Glasner,Thomas Frank,3-4-3,4-2-3-1,8,11,4,7,17,18,473,524,15,16,47%,53%,31%,45%,2,2,0,0,https://fbref.com/en/matches/68d6e8fe/Crystal-Palace-Brentford-January-26-2025-Premier-League
Ange Postecoglou,Ruud van Nistelrooy,4-3-3,4-2-3-1,6,16,6,4,34,16,701,510,10,26,61%,39%,40%,25%,1,5,0,0,https://fbref.com/en/matches/8226bca2/Tottenham-Hotspur-Leicester-City-January-26-2025-Premier-League
Unai Emery,Graham Potter,4-2-3-1,3-4-3,13,16,4,3,17,22,567,645,27,31,46%,54%,29%,21%,2,3,0,0,https://fbref.com/en/matches/bb05246c/Aston-Villa-West-Ham-United-January-26-2025-Premier-League
Marco Silva,Rúben Amorim,4-2-3-1,3-4-3,7,9,3,0,23,7,630,624,16,18,51%,49%,22%,25%,0,1,0,0,https://fbref.com/en/matches/eb14e391/Fulham-Manchester-United-January-26-2025-Premier-League
Nuno Espírito Santo,Fabian Hürzeler,3-5-2,4-1-4-1,8,13,4,6,10,25,501,701,21,21,38%,62%,62%,50%,1,3,0,0,https://fbref.com/en/matches/897ab235/Nottingham-Forest-Brighton-and-Hove-Albion-February-1-2025-Premier-League
Kieran McKenna,Ivan Jurić,4-2-3-1,3-4-3,11,14,1,2,14,14,708,569,16,34,57%,43%,40%,44%,0,3,0,0,https://fbref.com/en/matches/1098cac0/Ipswich-Town-Southampton-February-1-2025-Premier-League
David Moyes,Ruud van Nistelrooy,4-2-3-1,4-2-3-1,7,13,5,6,13,22,594,635,13,15,48%,52%,54%,11%,0,0,0,0,https://fbref.com/en/matches/475670fb/Everton-Leicester-City-February-1-2025-Premier-League
Eddie Howe,Marco Silva,4-3-3,4-2-3-1,10,15,3,7,17,32,560,593,7,20,49%,51%,36%,27%,4,4,0,0,https://fbref.com/en/matches/5ec3f48b/Newcastle-United-Fulham-February-1-2025-Premier-League
Andoni Iraola,Arne Slot,4-2-3-1,4-2-3-1,15,9,3,3,17,13,580,602,19,18,49%,51%,21%,33%,2,3,0,0,https://fbref.com/en/matches/886603cd/Bournemouth-Liverpool-February-1-2025-Premier-League
Vítor Pereira,Unai Emery,3-4-3,4-2-3-1,20,13,5,8,14,23,418,698,25,13,32%,68%,63%,30%,2,3,0,0,https://fbref.com/en/matches/693ab427/Wolverhampton-Wanderers-Aston-Villa-February-1-2025-Premier-League
Thomas Frank,Ange Postecoglou,4-2-3-1,4-2-3-1,4,11,10,3,38,9,650,611,24,22,54%,46%,15%,15%,0,1,0,0,https://fbref.com/en/matches/7193a229/Brentford-Tottenham-Hotspur-February-2-2025-Premier-League
Rúben Amorim,Oliver Glasner,3-4-3,3-4-3,12,13,11,0,23,7,720,450,15,21,66%,34%,12%,27%,3,1,0,0,https://fbref.com/en/matches/83dba981/Manchester-United-Crystal-Palace-February-2-2025-Premier-League
Mikel Arteta,Pep Guardiola,4-3-3,4-2-3-1,6,7,5,2,12,14,509,590,16,14,46%,54%,58%,57%,2,0,0,0,https://fbref.com/en/matches/2906e921/Arsenal-Manchester-City-February-2-2025-Premier-League
Enzo Maresca,Graham Potter,4-2-3-1,3-4-3,11,10,4,3,22,14,749,443,23,14,68%,32%,14%,36%,3,1,0,0,https://fbref.com/en/matches/ed7df9b1/Chelsea-West-Ham-United-February-3-2025-Premier-League
David Moyes,Arne Slot,4-2-3-1,4-2-3-1,9,20,2,3,16,10,497,705,19,18,37%,63%,30%,67%,4,4,0,0,https://fbref.com/en/matches/92627434/Merseyside-Derby-Everton-Liverpool-February-12-2025-Premier-League
Fabian Hürzeler,Enzo Maresca,5-4-1,4-2-3-1,12,15,2,9,3,18,463,868,20,19,31%,69%,38%,0%,1,2,0,0,https://fbref.com/en/matches/ed780e1d/Brighton-and-Hove-Albion-Chelsea-February-14-2025-Premier-League
Ruud van Nistelrooy,Mikel Arteta,4-2-3-1,4-3-3,9,10,3,7,16,18,459,650,23,15,40%,60%,33%,45%,2,1,0,0,https://fbref.com/en/matches/af8aa0dd/Leicester-City-Arsenal-February-15-2025-Premier-League
Unai Emery,Kieran McKenna,4-2-3-1,4-2-3-1,7,11,16,1,32,6,812,378,12,22,75%,25%,24%,75%,0,5,0,0,https://fbref.com/en/matches/06fee8c4/Aston-Villa-Ipswich-Town-February-15-2025-Premier-League
Marco Silva,Nuno Espírito Santo,4-2-3-1,3-5-2,13,8,8,4,33,18,651,557,8,10,55%,45%,42%,25%,0,0,0,0,https://fbref.com/en/matches/5968d7ad/Fulham-Nottingham-Forest-February-15-2025-Premier-League
Graham Potter,Thomas Frank,4-2-3-1,4-2-3-1,10,13,9,2,31,16,681,516,21,19,58%,42%,23%,36%,1,1,0,0,https://fbref.com/en/matches/79406a7e/West-Ham-United-Brentford-February-15-2025-Premier-League
Pep Guardiola,Eddie Howe,4-2-3-1,4-3-3,5,13,7,4,13,14,721,482,10,26,61%,39%,64%,33%,0,1,0,0,https://fbref.com/en/matches/8c51fa01/Manchester-City-Newcastle-United-February-15-2025-Premier-League
Ivan Jurić,Andoni Iraola,3-4-1-2,4-2-3-1,13,15,4,6,20,18,556,658,27,16,44%,56%,36%,50%,1,3,0,0,https://fbref.com/en/matches/ce3da486/Southampton-Bournemouth-February-15-2025-Premier-League
Oliver Glasner,David Moyes,3-4-3,4-2-3-1,9,12,6,2,20,17,697,554,17,20,58%,42%,35%,55%,0,1,0,0,https://fbref.com/en/matches/35ee3617/Crystal-Palace-Everton-February-15-2025-Premier-League
Arne Slot,Vítor Pereira,4-2-3-1,3-4-3,15,13,4,3,13,10,600,625,16,15,50%,50%,22%,25%,2,2,0,0,https://fbref.com/en/matches/6a917c79/Liverpool-Wolverhampton-Wanderers-February-16-2025-Premier-League
Ange Postecoglou,Rúben Amorim,4-3-3,3-4-3,13,9,10,5,31,24,712,605,13,32,55%,45%,32%,38%,1,2,0,0,https://fbref.com/en/matches/09db2a2f/Tottenham-Hotspur-Manchester-United-February-16-2025-Premier-League
Unai Emery,Arne Slot,4-2-3-1,4-2-3-1,8,6,6,8,19,20,602,554,22,16,52%,48%,33%,18%,1,0,0,0,https://fbref.com/en/matches/39c7b656/Aston-Villa-Liverpool-February-19-2025-Premier-League
Ruud van Nistelrooy,Thomas Frank,4-2-3-1,4-2-3-1,10,10,5,6,27,20,525,572,11,10,48%,52%,38%,43%,4,0,0,0,https://fbref.com/en/matches/da5a149a/Leicester-City-Brentford-February-21-2025-Premier-League
David Moyes,Rúben Amorim,4-2-3-1,3-4-3,12,9,7,8,23,20,475,711,24,24,38%,62%,89%,33%,4,1,0,0,https://fbref.com/en/matches/e5b45c4d/Everton-Manchester-United-February-22-2025-Premier-League
Marco Silva,Oliver Glasner,4-2-3-1,3-4-3,10,7,7,7,27,10,701,508,15,25,62%,38%,0%,50%,1,3,0,0,https://fbref.com/en/matches/7289bcdf/Fulham-Crystal-Palace-February-22-2025-Premier-League
Kieran McKenna,Ange Postecoglou,4-2-3-1,4-3-3,15,14,4,4,19,4,489,653,23,17,42%,58%,29%,60%,2,1,0,0,https://fbref.com/en/matches/7853cd1a/Ipswich-Town-Tottenham-Hotspur-February-22-2025-Premier-League
Andoni Iraola,Vítor Pereira,4-2-3-1,3-4-3,17,9,6,7,27,16,546,635,13,30,46%,54%,38%,38%,3,3,1,0,https://fbref.com/en/matches/ccdda6d3/Bournemouth-Wolverhampton-Wanderers-February-22-2025-Premier-League
Mikel Arteta,Graham Potter,4-3-3,5-3-2,16,15,2,0,30,8,773,453,12,12,68%,32%,10%,40%,1,3,1,0,https://fbref.com/en/matches/e511e91c/Arsenal-West-Ham-United-February-22-2025-Premier-League
Ivan Jurić,Fabian Hürzeler,3-4-3,4-2-3-1,11,12,5,6,11,15,572,580,13,17,50%,50%,17%,67%,2,0,0,0,https://fbref.com/en/matches/e757bea1/Southampton-Brighton-and-Hove-Albion-February-22-2025-Premier-League
Unai Emery,Enzo Maresca,4-2-3-1,4-2-3-1,15,16,2,3,13,12,616,592,17,16,52%,48%,50%,40%,1,3,0,0,https://fbref.com/en/matches/5109d405/Aston-Villa-Chelsea-February-22-2025-Premier-League
101 goals,126 goals,N/A,N/A,N/A,N/A,N/A,N/A,N/A,N/A,N/A,N/A,N/A,N/A,N/A,N/A,N/A,N/A,0,0,0,0,https://fbref.com/en/stathead/matchup/teams/e4a775cb/b2b47a98/Nottingham-Forest-vs-Newcastle-United-History
251 goals,316 goals,N/A,N/A,N/A,N/A,N/A,N/A,N/A,N/A,N/A,N/A,N/A,N/A,N/A,N/A,N/A,N/A,0,0,0,0,https://fbref.com/en/stathead/matchup/teams/b8fd03ef/822bd0ba/Manchester-City-vs-Liverpool-History
39 goals,36 goals,N/A,N/A,N/A,N/A,N/A,N/A,N/A,N/A,N/A,N/A,N/A,N/A,N/A,N/A,N/A,N/A,0,0,0,0,https://fbref.com/en/stathead/matchup/teams/8602292d/47c64c55/Aston-Villa-vs-Crystal-Palace-History
59 goals,86 goals,N/A,N/A,N/A,N/A,N/A,N/A,N/A,N/A,N/A,N/A,N/A,N/A,N/A,N/A,N/A,N/A,0,0,0,0,https://fbref.com/en/stathead/matchup/teams/fd962109/8cec06e1/Fulham-vs-Wolverhampton-Wanderers-History
19 goals,26 goals,N/A,N/A,N/A,N/A,N/A,N/A,N/A,N/A,N/A,N/A,N/A,N/A,N/A,N/A,N/A,N/A,0,0,0,0,https://fbref.com/en/stathead/matchup/teams/d07537b9/4ba7cbea/Brighton-and-Hove-Albion-vs-Bournemouth-History
142 goals,100 goals,N/A,N/A,N/A,N/A,N/A,N/A,N/A,N/A,N/A,N/A,N/A,N/A,N/A,N/A,N/A,N/A,0,0,0,0,https://fbref.com/en/stathead/matchup/teams/cff3d9bb/33c895d4/Chelsea-vs-Southampton-History
25 goals,24 goals,N/A,N/A,N/A,N/A,N/A,N/A,N/A,N/A,N/A,N/A,N/A,N/A,N/A,N/A,N/A,N/A,0,0,0,0,https://fbref.com/en/stathead/matchup/teams/d3fd31cc/cd051869/Everton-vs-Brentford-History
235 goals,210 goals,N/A,N/A,N/A,N/A,N/A,N/A,N/A,N/A,N/A,N/A,N/A,N/A,N/A,N/A,N/A,N/A,0,0,0,0,https://fbref.com/en/stathead/matchup/teams/b8fd03ef/361ca564/Manchester-City-vs-Tottenham-Hotspur-History
62 goals,84 goals,N/A,N/A,N/A,N/A,N/A,N/A,N/A,N/A,N/A,N/A,N/A,N/A,N/A,N/A,N/A,N/A,0,0,0,0,https://fbref.com/en/stathead/matchup/teams/b74092de/19538871/Ipswich-Town-vs-Manchester-United-History
107 goals,153 goals,N/A,N/A,N/A,N/A,N/A,N/A,N/A,N/A,N/A,N/A,N/A,N/A,N/A,N/A,N/A,N/A,0,0,0,0,https://fbref.com/en/stathead/matchup/teams/e4a775cb/18bb7c10/Nottingham-Forest-vs-Arsenal-History
209 goals,301 goals,N/A,N/A,N/A,N/A,N/A,N/A,N/A,N/A,N/A,N/A,N/A,N/A,N/A,N/A,N/A,N/A,0,0,0,0,https://fbref.com/en/stathead/matchup/teams/b2b47a98/822bd0ba/Newcastle-United-vs-Liverpool-History
145 goals,150 goals,N/A,N/A,N/A,N/A,N/A,N/A,N/A,N/A,N/A,N/A,N/A,N/A,N/A,N/A,N/A,N/A,0,0,0,0,https://fbref.com/en/stathead/matchup/teams/a2d435b3/7c21e445/Leicester-City-vs-West-Ham-United-History
104 goals,118 goals,N/A,N/A,N/A,N/A,N/A,N/A,N/A,N/A,N/A,N/A,N/A,N/A,N/A,N/A,N/A,N/A,0,0,0,0,https://fbref.com/en/stathead/matchup/teams/e4a775cb/b8fd03ef/Nottingham-Forest-vs-Manchester-City-History
167 goals,103 goals,N/A,N/A,N/A,N/A,N/A,N/A,N/A,N/A,N/A,N/A,N/A,N/A,N/A,N/A,N/A,N/A,0,0,0,0,https://fbref.com/en/stathead/matchup/teams/822bd0ba/33c895d4/Liverpool-vs-Southampton-History
21 goals,29 goals,N/A,N/A,N/A,N/A,N/A,N/A,N/A,N/A,N/A,N/A,N/A,N/A,N/A,N/A,N/A,N/A,0,0,0,0,https://fbref.com/en/stathead/matchup/teams/b74092de/47c64c55/Ipswich-Town-vs-Crystal-Palace-History
21 goals,21 goals,N/A,N/A,N/A,N/A,N/A,N/A,N/A,N/A,N/A,N/A,N/A,N/A,N/A,N/A,N/A,N/A,0,0,0,0,https://fbref.com/en/stathead/matchup/teams/fd962109/d07537b9/Fulham-vs-Brighton-and-Hove-Albion-History
25 goals,39 goals,N/A,N/A,N/A,N/A,N/A,N/A,N/A,N/A,N/A,N/A,N/A,N/A,N/A,N/A,N/A,N/A,0,0,0,0,https://fbref.com/en/stathead/matchup/teams/cd051869/8602292d/Brentford-vs-Aston-Villa-History
216 goals,185 goals,N/A,N/A,N/A,N/A,N/A,N/A,N/A,N/A,N/A,N/A,N/A,N/A,N/A,N/A,N/A,N/A,0,0,0,0,https://fbref.com/en/stathead/matchup/teams/d3fd31cc/8cec06e1/Everton-vs-Wolverhampton-Wanderers-History
176 goals,112 goals,N/A,N/A,N/A,N/A,N/A,N/A,N/A,N/A,N/A,N/A,N/A,N/A,N/A,N/A,N/A,N/A,0,0,0,0,https://fbref.com/en/stathead/matchup/teams/cff3d9bb/a2d435b3/Chelsea-vs-Leicester-City-History
12 goals,35 goals,N/A,N/A,N/A,N/A,N/A,N/A,N/A,N/A,N/A,N/A,N/A,N/A,N/A,N/A,N/A,N/A,0,0,0,0,https://fbref.com/en/stathead/matchup/teams/4ba7cbea/361ca564/Bournemouth-vs-Tottenham-Hotspur-History
291 goals,268 goals,N/A,N/A,N/A,N/A,N/A,N/A,N/A,N/A,N/A,N/A,N/A,N/A,N/A,N/A,N/A,N/A,0,0,0,0,https://fbref.com/en/stathead/matchup/teams/19538871/18bb7c10/Manchester-United-vs-Arsenal-History
183 goals,164 goals,N/A,N/A,N/A,N/A,N/A,N/A,N/A,N/A,N/A,N/A,N/A,N/A,N/A,N/A,N/A,N/A,0,0,0,0,https://fbref.com/en/stathead/matchup/teams/b2b47a98/7c21e445/Newcastle-United-vs-West-Ham-United-History
24 goals,56 goals,N/A,N/A,N/A,N/A,N/A,N/A,N/A,N/A,N/A,N/A,N/A,N/A,N/A,N/A,N/A,N/A,0,0,0,0,https://fbref.com/en/stathead/matchup/teams/d07537b9/b8fd03ef/Brighton-and-Hove-Albion-vs-Manchester-City-History
66 goals,49 goals,N/A,N/A,N/A,N/A,N/A,N/A,N/A,N/A,N/A,N/A,N/A,N/A,N/A,N/A,N/A,N/A,0,0,0,0,https://fbref.com/en/stathead/matchup/teams/e4a775cb/b74092de/Nottingham-Forest-vs-Ipswich-Town-History
223 goals,150 goals,N/A,N/A,N/A,N/A,N/A,N/A,N/A,N/A,N/A,N/A,N/A,N/A,N/A,N/A,N/A,N/A,0,0,0,0,https://fbref.com/en/stathead/matchup/teams/d3fd31cc/7c21e445/Everton-vs-West-Ham-United-History
54 goals,48 goals,N/A,N/A,N/A,N/A,N/A,N/A,N/A,N/A,N/A,N/A,N/A,N/A,N/A,N/A,N/A,N/A,0,0,0,0,https://fbref.com/en/stathead/matchup/teams/8cec06e1/33c895d4/Wolverhampton-Wanderers-vs-Southampton-History
18 goals,10 goals,N/A,N/A,N/A,N/A,N/A,N/A,N/A,N/A,N/A,N/A,N/A,N/A,N/A,N/A,N/A,N/A,0,0,0,0,https://fbref.com/en/stathead/matchup/teams/cd051869/4ba7cbea/Brentford-vs-Bournemouth-History
236 goals,264 goals,N/A,N/A,N/A,N/A,N/A,N/A,N/A,N/A,N/A,N/A,N/A,N/A,N/A,N/A,N/A,N/A,0,0,0,0,https://fbref.com/en/stathead/matchup/teams/cff3d9bb/18bb7c10/North-West-London-Derby-Chelsea-vs-Arsenal-History
58 goals,103 goals,N/A,N/A,N/A,N/A,N/A,N/A,N/A,N/A,N/A,N/A,N/A,N/A,N/A,N/A,N/A,N/A,0,0,0,0,https://fbref.com/en/stathead/matchup/teams/fd962109/361ca564/Fulham-vs-Tottenham-Hotspur-History
137 goals,212 goals,N/A,N/A,N/A,N/A,N/A,N/A,N/A,N/A,N/A,N/A,N/A,N/A,N/A,N/A,N/A,N/A,0,0,0,0,https://fbref.com/en/stathead/matchup/teams/a2d435b3/19538871/Leicester-City-vs-Manchester-United-History
17 goals,37 goals,N/A,N/A,N/A,N/A,N/A,N/A,N/A,N/A,N/A,N/A,N/A,N/A,N/A,N/A,N/A,N/A,0,0,0,0,https://fbref.com/en/stathead/matchup/teams/d07537b9/8602292d/Brighton-and-Hove-Albion-vs-Aston-Villa-History
4 goals,5 goals,N/A,N/A,N/A,N/A,N/A,N/A,N/A,N/A,N/A,N/A,N/A,N/A,N/A,N/A,N/A,N/A,0,0,0,0,https://fbref.com/en/stathead/matchup/teams/b74092de/4ba7cbea/Ipswich-Town-vs-Bournemouth-History
75 goals,88 goals,N/A,N/A,N/A,N/A,N/A,N/A,N/A,N/A,N/A,N/A,N/A,N/A,N/A,N/A,N/A,N/A,0,0,0,0,https://fbref.com/en/stathead/matchup/teams/8cec06e1/7c21e445/Wolverhampton-Wanderers-vs-West-Ham-United-History
63 goals,130 goals,N/A,N/A,N/A,N/A,N/A,N/A,N/A,N/A,N/A,N/A,N/A,N/A,N/A,N/A,N/A,N/A,0,0,0,0,https://fbref.com/en/stathead/matchup/teams/fd962109/18bb7c10/Fulham-vs-Arsenal-History
113 goals,163 goals,N/A,N/A,N/A,N/A,N/A,N/A,N/A,N/A,N/A,N/A,N/A,N/A,N/A,N/A,N/A,N/A,0,0,0,0,https://fbref.com/en/stathead/matchup/teams/e4a775cb/19538871/Nottingham-Forest-vs-Manchester-United-History
62 goals,78 goals,N/A,N/A,N/A,N/A,N/A,N/A,N/A,N/A,N/A,N/A,N/A,N/A,N/A,N/A,N/A,N/A,0,0,0,0,https://fbref.com/en/stathead/matchup/teams/47c64c55/33c895d4/Crystal-Palace-vs-Southampton-History
239 goals,210 goals,N/A,N/A,N/A,N/A,N/A,N/A,N/A,N/A,N/A,N/A,N/A,N/A,N/A,N/A,N/A,N/A,0,0,0,0,https://fbref.com/en/stathead/matchup/teams/cff3d9bb/361ca564/Chelsea-vs-Tottenham-Hotspur-History
160 goals,130 goals,N/A,N/A,N/A,N/A,N/A,N/A,N/A,N/A,N/A,N/A,N/A,N/A,N/A,N/A,N/A,N/A,0,0,0,0,https://fbref.com/en/stathead/matchup/teams/b8fd03ef/a2d435b3/Manchester-City-vs-Leicester-City-History
15 goals,27 goals,N/A,N/A,N/A,N/A,N/A,N/A,N/A,N/A,N/A,N/A,N/A,N/A,N/A,N/A,N/A,N/A,0,0,0,0,https://fbref.com/en/stathead/matchup/teams/cd051869/b2b47a98/Brentford-vs-Newcastle-United-History
239 goals,297 goals,N/A,N/A,N/A,N/A,N/A,N/A,N/A,N/A,N/A,N/A,N/A,N/A,N/A,N/A,N/A,N/A,0,0,0,0,https://fbref.com/en/stathead/matchup/teams/d3fd31cc/822bd0ba/Merseyside-Derby-Everton-vs-Liverpool-History
30 goals,21 goals,N/A,N/A,N/A,N/A,N/A,N/A,N/A,N/A,N/A,N/A,N/A,N/A,N/A,N/A,N/A,N/A,0,0,0,0,https://fbref.com/en/stathead/matchup/teams/7c21e445/4ba7cbea/West-Ham-United-vs-Bournemouth-History
237 goals,227 goals,N/A,N/A,N/A,N/A,N/A,N/A,N/A,N/A,N/A,N/A,N/A,N/A,N/A,N/A,N/A,N/A,0,0,0,0,https://fbref.com/en/stathead/matchup/teams/b8fd03ef/19538871/Manchester-Derby-Manchester-City-vs-Manchester-United-History
26 goals,24 goals,N/A,N/A,N/A,N/A,N/A,N/A,N/A,N/A,N/A,N/A,N/A,N/A,N/A,N/A,N/A,N/A,0,0,0,0,https://fbref.com/en/stathead/matchup/teams/cff3d9bb/cd051869/Chelsea-vs-Brentford-History
159 goals,189 goals,N/A,N/A,N/A,N/A,N/A,N/A,N/A,N/A,N/A,N/A,N/A,N/A,N/A,N/A,N/A,N/A,0,0,0,0,https://fbref.com/en/stathead/matchup/teams/e4a775cb/8602292d/Nottingham-Forest-vs-Aston-Villa-History
246 goals,344 goals,N/A,N/A,N/A,N/A,N/A,N/A,N/A,N/A,N/A,N/A,N/A,N/A,N/A,N/A,N/A,N/A,0,0,0,0,https://fbref.com/en/stathead/matchup/teams/d3fd31cc/18bb7c10/Everton-vs-Arsenal-History
52 goals,99 goals,N/A,N/A,N/A,N/A,N/A,N/A,N/A,N/A,N/A,N/A,N/A,N/A,N/A,N/A,N/A,N/A,0,0,0,0,https://fbref.com/en/stathead/matchup/teams/fd962109/822bd0ba/Fulham-vs-Liverpool-History
59 goals,46 goals,N/A,N/A,N/A,N/A,N/A,N/A,N/A,N/A,N/A,N/A,N/A,N/A,N/A,N/A,N/A,N/A,0,0,0,0,https://fbref.com/en/stathead/matchup/teams/b74092de/8cec06e1/Ipswich-Town-vs-Wolverhampton-Wanderers-History
132 goals,150 goals,N/A,N/A,N/A,N/A,N/A,N/A,N/A,N/A,N/A,N/A,N/A,N/A,N/A,N/A,N/A,N/A,0,0,0,0,https://fbref.com/en/stathead/matchup/teams/b2b47a98/a2d435b3/Newcastle-United-vs-Leicester-City-History
32 goals,22 goals,N/A,N/A,N/A,N/A,N/A,N/A,N/A,N/A,N/A,N/A,N/A,N/A,N/A,N/A,N/A,N/A,0,0,0,0,https://fbref.com/en/stathead/matchup/teams/d07537b9/47c64c55/Brighton-and-Hove-Albion-vs-Crystal-Palace-History
177 goals,124 goals,N/A,N/A,N/A,N/A,N/A,N/A,N/A,N/A,N/A,N/A,N/A,N/A,N/A,N/A,N/A,N/A,0,0,0,0,https://fbref.com/en/stathead/matchup/teams/361ca564/33c895d4/Tottenham-Hotspur-vs-Southampton-History
12 goals,22 goals,N/A,N/A,N/A,N/A,N/A,N/A,N/A,N/A,N/A,N/A,N/A,N/A,N/A,N/A,N/A,N/A,0,0,0,0,https://fbref.com/en/stathead/matchup/teams/fd962109/4ba7cbea/Fulham-vs-Bournemouth-History
227 goals,298 goals,N/A,N/A,N/A,N/A,N/A,N/A,N/A,N/A,N/A,N/A,N/A,N/A,N/A,N/A,N/A,N/A,0,0,0,0,https://fbref.com/en/stathead/matchup/teams/b2b47a98/19538871/Newcastle-United-vs-Manchester-United-History
21 goals,24 goals,N/A,N/A,N/A,N/A,N/A,N/A,N/A,N/A,N/A,N/A,N/A,N/A,N/A,N/A,N/A,N/A,0,0,0,0,https://fbref.com/en/stathead/matchup/teams/cd051869/18bb7c10/Brentford-vs-Arsenal-History
236 goals,122 goals,N/A,N/A,N/A,N/A,N/A,N/A,N/A,N/A,N/A,N/A,N/A,N/A,N/A,N/A,N/A,N/A,0,0,0,0,https://fbref.com/en/stathead/matchup/teams/822bd0ba/7c21e445/Liverpool-vs-West-Ham-United-History
130 goals,157 goals,N/A,N/A,N/A,N/A,N/A,N/A,N/A,N/A,N/A,N/A,N/A,N/A,N/A,N/A,N/A,N/A,0,0,0,0,https://fbref.com/en/stathead/matchup/teams/8cec06e1/361ca564/Wolverhampton-Wanderers-vs-Tottenham-Hotspur-History
20 goals,26 goals,N/A,N/A,N/A,N/A,N/A,N/A,N/A,N/A,N/A,N/A,N/A,N/A,N/A,N/A,N/A,N/A,0,0,0,0,https://fbref.com/en/stathead/matchup/teams/d07537b9/a2d435b3/Brighton-and-Hove-Albion-vs-Leicester-City-History
93 goals,45 goals,N/A,N/A,N/A,N/A,N/A,N/A,N/A,N/A,N/A,N/A,N/A,N/A,N/A,N/A,N/A,N/A,0,0,0,0,https://fbref.com/en/stathead/matchup/teams/b8fd03ef/47c64c55/Manchester-City-vs-Crystal-Palace-History
139 goals,187 goals,N/A,N/A,N/A,N/A,N/A,N/A,N/A,N/A,N/A,N/A,N/A,N/A,N/A,N/A,N/A,N/A,0,0,0,0,https://fbref.com/en/stathead/matchup/teams/e4a775cb/d3fd31cc/Nottingham-Forest-vs-Everton-History
62 goals,49 goals,N/A,N/A,N/A,N/A,N/A,N/A,N/A,N/A,N/A,N/A,N/A,N/A,N/A,N/A,N/A,N/A,0,0,0,0,https://fbref.com/en/stathead/matchup/teams/cff3d9bb/b74092de/Chelsea-vs-Ipswich-Town-History
90 goals,99 goals,N/A,N/A,N/A,N/A,N/A,N/A,N/A,N/A,N/A,N/A,N/A,N/A,N/A,N/A,N/A,N/A,0,0,0,0,https://fbref.com/en/stathead/matchup/teams/8602292d/33c895d4/Aston-Villa-vs-Southampton-History
44 goals,32 goals,N/A,N/A,N/A,N/A,N/A,N/A,N/A,N/A,N/A,N/A,N/A,N/A,N/A,N/A,N/A,N/A,0,0,0,0,https://fbref.com/en/stathead/matchup/teams/b2b47a98/47c64c55/Newcastle-United-vs-Crystal-Palace-History
138 goals,170 goals,N/A,N/A,N/A,N/A,N/A,N/A,N/A,N/A,N/A,N/A,N/A,N/A,N/A,N/A,N/A,N/A,0,0,0,0,https://fbref.com/en/stathead/matchup/teams/a2d435b3/822bd0ba/Leicester-City-vs-Liverpool-History
57 goals,81 goals,N/A,N/A,N/A,N/A,N/A,N/A,N/A,N/A,N/A,N/A,N/A,N/A,N/A,N/A,N/A,N/A,0,0,0,0,https://fbref.com/en/stathead/matchup/teams/b74092de/18bb7c10/Ipswich-Town-vs-Arsenal-History
18 goals,15 goals,N/A,N/A,N/A,N/A,N/A,N/A,N/A,N/A,N/A,N/A,N/A,N/A,N/A,N/A,N/A,N/A,0,0,0,0,https://fbref.com/en/stathead/matchup/teams/d07537b9/cd051869/Brighton-and-Hove-Albion-vs-Brentford-History
259 goals,236 goals,N/A,N/A,N/A,N/A,N/A,N/A,N/A,N/A,N/A,N/A,N/A,N/A,N/A,N/A,N/A,N/A,0,0,0,0,https://fbref.com/en/stathead/matchup/teams/b2b47a98/8602292d/Newcastle-United-vs-Aston-Villa-History
104 goals,148 goals,N/A,N/A,N/A,N/A,N/A,N/A,N/A,N/A,N/A,N/A,N/A,N/A,N/A,N/A,N/A,N/A,0,0,0,0,https://fbref.com/en/stathead/matchup/teams/e4a775cb/361ca564/Nottingham-Forest-vs-Tottenham-Hotspur-History
107 goals,100 goals,N/A,N/A,N/A,N/A,N/A,N/A,N/A,N/A,N/A,N/A,N/A,N/A,N/A,N/A,N/A,N/A,0,0,0,0,https://fbref.com/en/stathead/matchup/teams/7c21e445/33c895d4/West-Ham-United-vs-Southampton-History
15 goals,21 goals,N/A,N/A,N/A,N/A,N/A,N/A,N/A,N/A,N/A,N/A,N/A,N/A,N/A,N/A,N/A,N/A,0,0,0,0,https://fbref.com/en/stathead/matchup/teams/4ba7cbea/47c64c55/Bournemouth-vs-Crystal-Palace-History
241 goals,274 goals,N/A,N/A,N/A,N/A,N/A,N/A,N/A,N/A,N/A,N/A,N/A,N/A,N/A,N/A,N/A,N/A,0,0,0,0,https://fbref.com/en/stathead/matchup/teams/d3fd31cc/b8fd03ef/Everton-vs-Manchester-City-History
47 goals,96 goals,N/A,N/A,N/A,N/A,N/A,N/A,N/A,N/A,N/A,N/A,N/A,N/A,N/A,N/A,N/A,N/A,0,0,0,0,https://fbref.com/en/stathead/matchup/teams/fd962109/cff3d9bb/Fulham-vs-Chelsea-History
134 goals,161 goals,N/A,N/A,N/A,N/A,N/A,N/A,N/A,N/A,N/A,N/A,N/A,N/A,N/A,N/A,N/A,N/A,0,0,0,0,https://fbref.com/en/stathead/matchup/teams/8cec06e1/19538871/Wolverhampton-Wanderers-vs-Manchester-United-History
248 goals,269 goals,N/A,N/A,N/A,N/A,N/A,N/A,N/A,N/A,N/A,N/A,N/A,N/A,N/A,N/A,N/A,N/A,0,0,0,0,https://fbref.com/en/stathead/matchup/teams/d3fd31cc/cff3d9bb/Everton-vs-Chelsea-History
84 goals,87 goals,N/A,N/A,N/A,N/A,N/A,N/A,N/A,N/A,N/A,N/A,N/A,N/A,N/A,N/A,N/A,N/A,0,0,0,0,https://fbref.com/en/stathead/matchup/teams/a2d435b3/8cec06e1/Leicester-City-vs-Wolverhampton-Wanderers-History
36 goals,56 goals,N/A,N/A,N/A,N/A,N/A,N/A,N/A,N/A,N/A,N/A,N/A,N/A,N/A,N/A,N/A,N/A,0,0,0,0,https://fbref.com/en/stathead/matchup/teams/b74092de/b2b47a98/Ipswich-Town-vs-Newcastle-United-History
279 goals,230 goals,N/A,N/A,N/A,N/A,N/A,N/A,N/A,N/A,N/A,N/A,N/A,N/A,N/A,N/A,N/A,N/A,0,0,0,0,https://fbref.com/en/stathead/matchup/teams/b8fd03ef/8602292d/Manchester-City-vs-Aston-Villa-History
281 goals,193 goals,N/A,N/A,N/A,N/A,N/A,N/A,N/A,N/A,N/A,N/A,N/A,N/A,N/A,N/A,N/A,N/A,0,0,0,0,https://fbref.com/en/stathead/matchup/teams/822bd0ba/361ca564/Liverpool-vs-Tottenham-Hotspur-History
50 goals,109 goals,N/A,N/A,N/A,N/A,N/A,N/A,N/A,N/A,N/A,N/A,N/A,N/A,N/A,N/A,N/A,N/A,0,0,0,0,https://fbref.com/en/stathead/matchup/teams/47c64c55/18bb7c10/Crystal-Palace-vs-Arsenal-History
18 goals,28 goals,N/A,N/A,N/A,N/A,N/A,N/A,N/A,N/A,N/A,N/A,N/A,N/A,N/A,N/A,N/A,N/A,0,0,0,0,https://fbref.com/en/stathead/matchup/teams/4ba7cbea/19538871/Bournemouth-vs-Manchester-United-History
32 goals,38 goals,N/A,N/A,N/A,N/A,N/A,N/A,N/A,N/A,N/A,N/A,N/A,N/A,N/A,N/A,N/A,N/A,0,0,0,0,https://fbref.com/en/stathead/matchup/teams/fd962109/33c895d4/Fulham-vs-Southampton-History
25 goals,33 goals,N/A,N/A,N/A,N/A,N/A,N/A,N/A,N/A,N/A,N/A,N/A,N/A,N/A,N/A,N/A,N/A,0,0,0,0,https://fbref.com/en/stathead/matchup/teams/e4a775cb/cd051869/Nottingham-Forest-vs-Brentford-History
34 goals,20 goals,N/A,N/A,N/A,N/A,N/A,N/A,N/A,N/A,N/A,N/A,N/A,N/A,N/A,N/A,N/A,N/A,0,0,0,0,https://fbref.com/en/stathead/matchup/teams/d07537b9/7c21e445/Brighton-and-Hove-Albion-vs-West-Ham-United-History
237 goals,266 goals,N/A,N/A,N/A,N/A,N/A,N/A,N/A,N/A,N/A,N/A,N/A,N/A,N/A,N/A,N/A,N/A,0,0,0,0,https://fbref.com/en/stathead/matchup/teams/cff3d9bb/822bd0ba/Chelsea-vs-Liverpool-History
18 goals,25 goals,N/A,N/A,N/A,N/A,N/A,N/A,N/A,N/A,N/A,N/A,N/A,N/A,N/A,N/A,N/A,N/A,0,0,0,0,https://fbref.com/en/stathead/matchup/teams/cd051869/19538871/Brentford-vs-Manchester-United-History
209 goals,194 goals,N/A,N/A,N/A,N/A,N/A,N/A,N/A,N/A,N/A,N/A,N/A,N/A,N/A,N/A,N/A,N/A,0,0,0,0,https://fbref.com/en/stathead/matchup/teams/b8fd03ef/8cec06e1/Manchester-City-vs-Wolverhampton-Wanderers-History
177 goals,202 goals,N/A,N/A,N/A,N/A,N/A,N/A,N/A,N/A,N/A,N/A,N/A,N/A,N/A,N/A,N/A,N/A,0,0,0,0,https://fbref.com/en/stathead/matchup/teams/7c21e445/361ca564/West-Ham-United-vs-Tottenham-Hotspur-History
34 goals,19 goals,N/A,N/A,N/A,N/A,N/A,N/A,N/A,N/A,N/A,N/A,N/A,N/A,N/A,N/A,N/A,N/A,0,0,0,0,https://fbref.com/en/stathead/matchup/teams/e4a775cb/47c64c55/Nottingham-Forest-vs-Crystal-Palace-History
14 goals,38 goals,N/A,N/A,N/A,N/A,N/A,N/A,N/A,N/A,N/A,N/A,N/A,N/A,N/A,N/A,N/A,N/A,0,0,0,0,https://fbref.com/en/stathead/matchup/teams/4ba7cbea/18bb7c10/Bournemouth-vs-Arsenal-History
71 goals,61 goals,N/A,N/A,N/A,N/A,N/A,N/A,N/A,N/A,N/A,N/A,N/A,N/A,N/A,N/A,N/A,N/A,0,0,0,0,https://fbref.com/en/stathead/matchup/teams/d3fd31cc/b74092de/Everton-vs-Ipswich-Town-History
77 goals,88 goals,N/A,N/A,N/A,N/A,N/A,N/A,N/A,N/A,N/A,N/A,N/A,N/A,N/A,N/A,N/A,N/A,0,0,0,0,https://fbref.com/en/stathead/matchup/teams/fd962109/8602292d/Fulham-vs-Aston-Villa-History
18 goals,14 goals,N/A,N/A,N/A,N/A,N/A,N/A,N/A,N/A,N/A,N/A,N/A,N/A,N/A,N/A,N/A,N/A,0,0,0,0,https://fbref.com/en/stathead/matchup/teams/d07537b9/b2b47a98/Brighton-and-Hove-Albion-vs-Newcastle-United-History
101 goals,85 goals,N/A,N/A,N/A,N/A,N/A,N/A,N/A,N/A,N/A,N/A,N/A,N/A,N/A,N/A,N/A,N/A,0,0,0,0,https://fbref.com/en/stathead/matchup/teams/a2d435b3/33c895d4/Leicester-City-vs-Southampton-History
309 goals,273 goals,N/A,N/A,N/A,N/A,N/A,N/A,N/A,N/A,N/A,N/A,N/A,N/A,N/A,N/A,N/A,N/A,0,0,0,0,https://fbref.com/en/stathead/matchup/teams/822bd0ba/18bb7c10/Liverpool-vs-Arsenal-History
123 goals,95 goals,N/A,N/A,N/A,N/A,N/A,N/A,N/A,N/A,N/A,N/A,N/A,N/A,N/A,N/A,N/A,N/A,0,0,0,0,https://fbref.com/en/stathead/matchup/teams/b8fd03ef/33c895d4/Manchester-City-vs-Southampton-History
40 goals,78 goals,N/A,N/A,N/A,N/A,N/A,N/A,N/A,N/A,N/A,N/A,N/A,N/A,N/A,N/A,N/A,N/A,0,0,0,0,https://fbref.com/en/stathead/matchup/teams/47c64c55/361ca564/Crystal-Palace-vs-Tottenham-Hotspur-History
57 goals,94 goals,N/A,N/A,N/A,N/A,N/A,N/A,N/A,N/A,N/A,N/A,N/A,N/A,N/A,N/A,N/A,N/A,0,0,0,0,https://fbref.com/en/stathead/matchup/teams/fd962109/d3fd31cc/Fulham-vs-Everton-History
219 goals,187 goals,N/A,N/A,N/A,N/A,N/A,N/A,N/A,N/A,N/A,N/A,N/A,N/A,N/A,N/A,N/A,N/A,0,0,0,0,https://fbref.com/en/stathead/matchup/teams/cff3d9bb/b2b47a98/Chelsea-vs-Newcastle-United-History
93 goals,65 goals,N/A,N/A,N/A,N/A,N/A,N/A,N/A,N/A,N/A,N/A,N/A,N/A,N/A,N/A,N/A,N/A,0,0,0,0,https://fbref.com/en/stathead/matchup/teams/e4a775cb/a2d435b3/Nottingham-Forest-vs-Leicester-City-History
159 goals,241 goals,N/A,N/A,N/A,N/A,N/A,N/A,N/A,N/A,N/A,N/A,N/A,N/A,N/A,N/A,N/A,N/A,0,0,0,0,https://fbref.com/en/stathead/matchup/teams/7c21e445/19538871/West-Ham-United-vs-Manchester-United-History
15 goals,13 goals,N/A,N/A,N/A,N/A,N/A,N/A,N/A,N/A,N/A,N/A,N/A,N/A,N/A,N/A,N/A,N/A,0,0,0,0,https://fbref.com/en/stathead/matchup/teams/8602292d/4ba7cbea/Aston-Villa-vs-Bournemouth-History
19 goals,15 goals,N/A,N/A,N/A,N/A,N/A,N/A,N/A,N/A,N/A,N/A,N/A,N/A,N/A,N/A,N/A,N/A,0,0,0,0,https://fbref.com/en/stathead/matchup/teams/cd051869/b74092de/Brentford-vs-Ipswich-Town-History
46 goals,20 goals,N/A,N/A,N/A,N/A,N/A,N/A,N/A,N/A,N/A,N/A,N/A,N/A,N/A,N/A,N/A,N/A,0,0,0,0,https://fbref.com/en/stathead/matchup/teams/d07537b9/8cec06e1/Brighton-and-Hove-Albion-vs-Wolverhampton-Wanderers-History
19 goals,32 goals,N/A,N/A,N/A,N/A,N/A,N/A,N/A,N/A,N/A,N/A,N/A,N/A,N/A,N/A,N/A,N/A,0,0,0,0,https://fbref.com/en/stathead/matchup/teams/fd962109/cd051869/Fulham-vs-Brentford-History
218 goals,244 goals,N/A,N/A,N/A,N/A,N/A,N/A,N/A,N/A,N/A,N/A,N/A,N/A,N/A,N/A,N/A,N/A,0,0,0,0,https://fbref.com/en/stathead/matchup/teams/b2b47a98/18bb7c10/Newcastle-United-vs-Arsenal-History
32 goals,53 goals,N/A,N/A,N/A,N/A,N/A,N/A,N/A,N/A,N/A,N/A,N/A,N/A,N/A,N/A,N/A,N/A,0,0,0,0,https://fbref.com/en/stathead/matchup/teams/d07537b9/822bd0ba/Brighton-and-Hove-Albion-vs-Liverpool-History
39 goals,43 goals,N/A,N/A,N/A,N/A,N/A,N/A,N/A,N/A,N/A,N/A,N/A,N/A,N/A,N/A,N/A,N/A,0,0,0,0,https://fbref.com/en/stathead/matchup/teams/b74092de/a2d435b3/Ipswich-Town-vs-Leicester-City-History
99 goals,91 goals,N/A,N/A,N/A,N/A,N/A,N/A,N/A,N/A,N/A,N/A,N/A,N/A,N/A,N/A,N/A,N/A,0,0,0,0,https://fbref.com/en/stathead/matchup/teams/e4a775cb/7c21e445/Nottingham-Forest-vs-West-Ham-United-History
154 goals,109 goals,N/A,N/A,N/A,N/A,N/A,N/A,N/A,N/A,N/A,N/A,N/A,N/A,N/A,N/A,N/A,N/A,0,0,0,0,https://fbref.com/en/stathead/matchup/teams/d3fd31cc/33c895d4/Everton-vs-Southampton-History
218 goals,264 goals,N/A,N/A,N/A,N/A,N/A,N/A,N/A,N/A,N/A,N/A,N/A,N/A,N/A,N/A,N/A,N/A,0,0,0,0,https://fbref.com/en/stathead/matchup/teams/8602292d/361ca564/Aston-Villa-vs-Tottenham-Hotspur-History
209 goals,269 goals,N/A,N/A,N/A,N/A,N/A,N/A,N/A,N/A,N/A,N/A,N/A,N/A,N/A,N/A,N/A,N/A,0,0,0,0,https://fbref.com/en/stathead/matchup/teams/cff3d9bb/19538871/Chelsea-vs-Manchester-United-History
48 goals,10 goals,N/A,N/A,N/A,N/A,N/A,N/A,N/A,N/A,N/A,N/A,N/A,N/A,N/A,N/A,N/A,N/A,0,0,0,0,https://fbref.com/en/stathead/matchup/teams/b8fd03ef/4ba7cbea/Manchester-City-vs-Bournemouth-History
28 goals,27 goals,N/A,N/A,N/A,N/A,N/A,N/A,N/A,N/A,N/A,N/A,N/A,N/A,N/A,N/A,N/A,N/A,0,0,0,0,https://fbref.com/en/stathead/matchup/teams/8cec06e1/47c64c55/Wolverhampton-Wanderers-vs-Crystal-Palace-History
105 goals,164 goals,N/A,N/A,N/A,N/A,N/A,N/A,N/A,N/A,N/A,N/A,N/A,N/A,N/A,N/A,N/A,N/A,0,0,0,0,https://fbref.com/en/stathead/matchup/teams/33c895d4/18bb7c10/Southampton-vs-Arsenal-History
109 goals,44 goals,N/A,N/A,N/A,N/A,N/A,N/A,N/A,N/A,N/A,N/A,N/A,N/A,N/A,N/A,N/A,N/A,0,0,0,0,https://fbref.com/en/stathead/matchup/teams/822bd0ba/47c64c55/Liverpool-vs-Crystal-Palace-History
66 goals,66 goals,N/A,N/A,N/A,N/A,N/A,N/A,N/A,N/A,N/A,N/A,N/A,N/A,N/A,N/A,N/A,N/A,0,0,0,0,https://fbref.com/en/stathead/matchup/teams/b74092de/7c21e445/Ipswich-Town-vs-West-Ham-United-History
14 goals,16 goals,N/A,N/A,N/A,N/A,N/A,N/A,N/A,N/A,N/A,N/A,N/A,N/A,N/A,N/A,N/A,N/A,0,0,0,0,https://fbref.com/en/stathead/matchup/teams/a2d435b3/4ba7cbea/Leicester-City-vs-Bournemouth-History
261 goals,259 goals,N/A,N/A,N/A,N/A,N/A,N/A,N/A,N/A,N/A,N/A,N/A,N/A,N/A,N/A,N/A,N/A,0,0,0,0,https://fbref.com/en/stathead/matchup/teams/d3fd31cc/b2b47a98/Everton-vs-Newcastle-United-History
65 goals,125 goals,N/A,N/A,N/A,N/A,N/A,N/A,N/A,N/A,N/A,N/A,N/A,N/A,N/A,N/A,N/A,N/A,0,0,0,0,https://fbref.com/en/stathead/matchup/teams/fd962109/b8fd03ef/Fulham-vs-Manchester-City-History
108 goals,94 goals,N/A,N/A,N/A,N/A,N/A,N/A,N/A,N/A,N/A,N/A,N/A,N/A,N/A,N/A,N/A,N/A,0,0,0,0,https://fbref.com/en/stathead/matchup/teams/e4a775cb/cff3d9bb/Nottingham-Forest-vs-Chelsea-History
222 goals,321 goals,N/A,N/A,N/A,N/A,N/A,N/A,N/A,N/A,N/A,N/A,N/A,N/A,N/A,N/A,N/A,N/A,0,0,0,0,https://fbref.com/en/stathead/matchup/teams/8602292d/19538871/Aston-Villa-vs-Manchester-United-History
48 goals,46 goals,N/A,N/A,N/A,N/A,N/A,N/A,N/A,N/A,N/A,N/A,N/A,N/A,N/A,N/A,N/A,N/A,0,0,0,0,https://fbref.com/en/stathead/matchup/teams/cd051869/8cec06e1/Brentford-vs-Wolverhampton-Wanderers-History
26 goals,40 goals,N/A,N/A,N/A,N/A,N/A,N/A,N/A,N/A,N/A,N/A,N/A,N/A,N/A,N/A,N/A,N/A,0,0,0,0,https://fbref.com/en/stathead/matchup/teams/d07537b9/361ca564/Brighton-and-Hove-Albion-vs-Tottenham-Hotspur-History
